/*******************************************************************************
 * Size: 34 px
 * Bpp: 1
 * Opts: 
 ******************************************************************************/

#ifdef LV_LVGL_H_INCLUDE_SIMPLE
#include "lvgl.h"
#else
#include "lvgl/lvgl.h"
#endif

#ifndef CHINESE_FONT_34
#define CHINESE_FONT_34 1
#endif

#if CHINESE_FONT_34

/*-----------------
 *    BITMAPS
 *----------------*/

/*Store the image of the glyphs*/
static LV_ATTRIBUTE_LARGE_CONST const uint8_t glyph_bitmap[] = {
    /* U+0020 " " */
    0x0,

    /* U+002D "-" */
    0xff, 0xff, 0xff, 0xe0,

    /* U+002E "." */
    0xff, 0x80,

    /* U+002F "/" */
    0x1, 0x80, 0xc0, 0xe0, 0x60, 0x30, 0x38, 0x1c,
    0xc, 0x6, 0x7, 0x3, 0x81, 0x80, 0xc0, 0xe0,
    0x60, 0x30, 0x38, 0x1c, 0xc, 0x6, 0x7, 0x3,
    0x1, 0x81, 0xc0, 0xe0, 0x0,

    /* U+0030 "0" */
    0x7, 0xe0, 0x1f, 0xf8, 0x3c, 0x3c, 0x38, 0x1c,
    0x70, 0xe, 0x70, 0xe, 0x60, 0x6, 0xe0, 0x7,
    0xe0, 0x7, 0xe0, 0x7, 0xe0, 0x7, 0xe0, 0x7,
    0xe0, 0x7, 0xe0, 0x7, 0xe0, 0x7, 0xe0, 0x7,
    0xe0, 0x7, 0x60, 0xe, 0x70, 0xe, 0x70, 0xe,
    0x38, 0x1c, 0x3c, 0x3c, 0x1f, 0xf8, 0x7, 0xe0,

    /* U+0031 "1" */
    0x1, 0x81, 0xc1, 0xe1, 0xf1, 0xfb, 0xff, 0xcf,
    0xc7, 0x83, 0x81, 0xc0, 0xe0, 0x70, 0x38, 0x1c,
    0xe, 0x7, 0x3, 0x81, 0xc0, 0xe0, 0x70, 0x38,
    0x1c, 0xe, 0x7,

    /* U+0032 "2" */
    0x7, 0xf0, 0x1f, 0xfc, 0x3c, 0x1e, 0x78, 0xe,
    0x70, 0x7, 0x70, 0x7, 0x70, 0x7, 0x0, 0x7,
    0x0, 0xf, 0x0, 0xe, 0x0, 0x1e, 0x0, 0x3c,
    0x0, 0x78, 0x0, 0xf0, 0x1, 0xe0, 0x3, 0xc0,
    0x7, 0x80, 0x1f, 0x0, 0x3c, 0x0, 0x38, 0x0,
    0x78, 0x0, 0xff, 0xff, 0xff, 0xff, 0xff, 0xff,

    /* U+0033 "3" */
    0x7, 0xe0, 0x1f, 0xf8, 0x3c, 0x3c, 0x78, 0x1c,
    0x70, 0xe, 0x70, 0xe, 0x0, 0xe, 0x0, 0xe,
    0x0, 0x1c, 0x0, 0x3c, 0x3, 0xf0, 0x3, 0xf8,
    0x0, 0x3e, 0x0, 0xe, 0x0, 0xf, 0x0, 0x7,
    0x0, 0x7, 0xe0, 0x7, 0xf0, 0x7, 0x70, 0xe,
    0x78, 0xe, 0x3c, 0x3c, 0x1f, 0xf8, 0x7, 0xe0,

    /* U+0034 "4" */
    0x0, 0x1c, 0x0, 0x1e, 0x0, 0xf, 0x0, 0xf,
    0x80, 0xf, 0xc0, 0xe, 0xe0, 0x6, 0x70, 0x7,
    0x38, 0x7, 0x1c, 0x7, 0xe, 0x7, 0x7, 0x3,
    0x83, 0x83, 0x81, 0xc3, 0x80, 0xe3, 0x80, 0x71,
    0xff, 0xff, 0xff, 0xff, 0xff, 0xff, 0xc0, 0x7,
    0x0, 0x3, 0x80, 0x1, 0xc0, 0x0, 0xe0, 0x0,
    0x70, 0x0, 0x38,

    /* U+0035 "5" */
    0x1f, 0xfe, 0x1f, 0xfe, 0x3f, 0xfe, 0x38, 0x0,
    0x38, 0x0, 0x38, 0x0, 0x38, 0x0, 0x70, 0x0,
    0x73, 0xe0, 0x7f, 0xf8, 0x7c, 0x3c, 0x70, 0x1e,
    0x0, 0xe, 0x0, 0x7, 0x0, 0x7, 0x0, 0x7,
    0x0, 0x7, 0xe0, 0x7, 0xf0, 0x7, 0x70, 0xe,
    0x78, 0x1e, 0x3c, 0x3c, 0x1f, 0xf8, 0x7, 0xe0,

    /* U+0036 "6" */
    0x3, 0xf0, 0xf, 0xf8, 0x1e, 0x1c, 0x38, 0xe,
    0x70, 0xe, 0x70, 0x6, 0x60, 0x0, 0xe0, 0x0,
    0xe3, 0xf0, 0xef, 0xf8, 0xfc, 0x3c, 0xf8, 0xe,
    0xf0, 0xe, 0xf0, 0x7, 0xf0, 0x7, 0xf0, 0x7,
    0xe0, 0x7, 0xf0, 0x7, 0x70, 0x7, 0x70, 0xe,
    0x38, 0x1e, 0x3c, 0x3c, 0xf, 0xf8, 0x7, 0xe0,

    /* U+0037 "7" */
    0xff, 0xff, 0xff, 0xff, 0xff, 0xff, 0x0, 0xe,
    0x0, 0x1c, 0x0, 0x38, 0x0, 0x78, 0x0, 0x70,
    0x0, 0xf0, 0x0, 0xe0, 0x1, 0xc0, 0x1, 0xc0,
    0x3, 0xc0, 0x3, 0x80, 0x7, 0x80, 0x7, 0x0,
    0x7, 0x0, 0xf, 0x0, 0xe, 0x0, 0xe, 0x0,
    0xe, 0x0, 0xe, 0x0, 0xe, 0x0, 0xe, 0x0,

    /* U+0038 "8" */
    0x7, 0xe0, 0x1f, 0xf8, 0x3c, 0x3c, 0x78, 0x1c,
    0x70, 0xe, 0x70, 0xe, 0x70, 0xe, 0x78, 0x1e,
    0x3c, 0x3c, 0x1f, 0xfc, 0x1f, 0xf0, 0x3c, 0x38,
    0x70, 0x1c, 0xf0, 0xe, 0xe0, 0x7, 0xe0, 0x7,
    0xe0, 0x7, 0xe0, 0x7, 0xe0, 0x7, 0x70, 0xf,
    0x70, 0xe, 0x3c, 0x3c, 0x1f, 0xf8, 0x7, 0xe0,

    /* U+0039 "9" */
    0x7, 0xc0, 0x1f, 0xf0, 0x3c, 0x38, 0x78, 0x1c,
    0x70, 0xe, 0xe0, 0xe, 0xe0, 0x6, 0xe0, 0x7,
    0xe0, 0x7, 0xe0, 0x7, 0xf0, 0xf, 0x70, 0x1f,
    0x3c, 0x3f, 0x1f, 0xf7, 0xf, 0xc7, 0x0, 0x7,
    0x0, 0x7, 0x0, 0xe, 0x60, 0xe, 0x70, 0xe,
    0x70, 0x1c, 0x38, 0x38, 0x1f, 0xf0, 0xf, 0xc0,

    /* U+003A ":" */
    0xff, 0x80, 0x0, 0x0, 0x0, 0x7, 0xfc,

    /* U+0041 "A" */
    0x0, 0x78, 0x0, 0x0, 0xf0, 0x0, 0x3, 0xf0,
    0x0, 0x7, 0xe0, 0x0, 0xc, 0xe0, 0x0, 0x39,
    0xc0, 0x0, 0x73, 0x80, 0x1, 0xc3, 0x80, 0x3,
    0x87, 0x0, 0x7, 0xf, 0x0, 0x1c, 0xe, 0x0,
    0x38, 0x1e, 0x0, 0xf0, 0x1c, 0x1, 0xc0, 0x38,
    0x3, 0xff, 0xf8, 0xf, 0xff, 0xf0, 0x1c, 0x0,
    0xf0, 0x78, 0x0, 0xe0, 0xe0, 0x1, 0xc1, 0xc0,
    0x3, 0xc7, 0x80, 0x3, 0x8e, 0x0, 0x7, 0x9c,
    0x0, 0x7, 0x78, 0x0, 0xf,

    /* U+0042 "B" */
    0xff, 0xf8, 0x3f, 0xff, 0x8f, 0xff, 0xf3, 0x80,
    0x3c, 0xe0, 0x7, 0xb8, 0x0, 0xee, 0x0, 0x3b,
    0x80, 0xe, 0xe0, 0x7, 0x38, 0x3, 0xcf, 0xff,
    0xe3, 0xff, 0xf0, 0xff, 0xff, 0x38, 0x3, 0xee,
    0x0, 0x3f, 0x80, 0x7, 0xe0, 0x1, 0xf8, 0x0,
    0x7e, 0x0, 0x1f, 0x80, 0xf, 0xe0, 0x7, 0xbf,
    0xff, 0xcf, 0xff, 0xe3, 0xff, 0xe0,

    /* U+0043 "C" */
    0x0, 0xfe, 0x0, 0x3f, 0xfc, 0x3, 0xff, 0xf0,
    0x3e, 0x7, 0xc3, 0xc0, 0xf, 0x3c, 0x0, 0x79,
    0xc0, 0x1, 0xee, 0x0, 0x0, 0xe0, 0x0, 0x7,
    0x0, 0x0, 0x38, 0x0, 0x1, 0xc0, 0x0, 0xe,
    0x0, 0x0, 0x70, 0x0, 0x3, 0x80, 0x0, 0x1c,
    0x0, 0x4, 0x70, 0x0, 0x3b, 0x80, 0x3, 0xde,
    0x0, 0x3c, 0x78, 0x1, 0xe1, 0xf0, 0x3e, 0x7,
    0xff, 0xe0, 0x1f, 0xfe, 0x0, 0x3f, 0xc0,

    /* U+0044 "D" */
    0xff, 0xf8, 0xf, 0xff, 0xe0, 0xff, 0xff, 0x8e,
    0x0, 0x7c, 0xe0, 0x3, 0xce, 0x0, 0x1e, 0xe0,
    0x0, 0xee, 0x0, 0xe, 0xe0, 0x0, 0x7e, 0x0,
    0x7, 0xe0, 0x0, 0x7e, 0x0, 0x7, 0xe0, 0x0,
    0x7e, 0x0, 0x7, 0xe0, 0x0, 0x7e, 0x0, 0x7,
    0xe0, 0x0, 0xee, 0x0, 0xe, 0xe0, 0x1, 0xee,
    0x0, 0x3c, 0xe0, 0xf, 0xcf, 0xff, 0xf8, 0xff,
    0xfe, 0xf, 0xff, 0x80,

    /* U+0045 "E" */
    0xff, 0xff, 0xff, 0xff, 0xff, 0xff, 0xff, 0x80,
    0x0, 0xe0, 0x0, 0x38, 0x0, 0xe, 0x0, 0x3,
    0x80, 0x0, 0xe0, 0x0, 0x38, 0x0, 0xf, 0xff,
    0xfb, 0xff, 0xfe, 0xff, 0xff, 0xb8, 0x0, 0xe,
    0x0, 0x3, 0x80, 0x0, 0xe0, 0x0, 0x38, 0x0,
    0xe, 0x0, 0x3, 0x80, 0x0, 0xe0, 0x0, 0x3f,
    0xff, 0xff, 0xff, 0xff, 0xff, 0xff,

    /* U+0046 "F" */
    0xff, 0xff, 0xff, 0xff, 0xff, 0xff, 0xfc, 0x0,
    0xe, 0x0, 0x7, 0x0, 0x3, 0x80, 0x1, 0xc0,
    0x0, 0xe0, 0x0, 0x70, 0x0, 0x3f, 0xff, 0x9f,
    0xff, 0xcf, 0xff, 0xe7, 0x0, 0x3, 0x80, 0x1,
    0xc0, 0x0, 0xe0, 0x0, 0x70, 0x0, 0x38, 0x0,
    0x1c, 0x0, 0xe, 0x0, 0x7, 0x0, 0x3, 0x80,
    0x1, 0xc0, 0x0,

    /* U+0047 "G" */
    0x0, 0xff, 0x0, 0xf, 0xff, 0x0, 0xff, 0xfe,
    0x7, 0xc0, 0x7c, 0x3c, 0x0, 0x78, 0xe0, 0x0,
    0xe7, 0x0, 0x1, 0xdc, 0x0, 0x0, 0xf0, 0x0,
    0x3, 0x80, 0x0, 0xe, 0x0, 0x0, 0x38, 0x3,
    0xff, 0xe0, 0xf, 0xff, 0x80, 0x3f, 0xfe, 0x0,
    0x1, 0xf8, 0x0, 0x7, 0x70, 0x0, 0x1d, 0xc0,
    0x0, 0x73, 0x80, 0x1, 0xcf, 0x0, 0x1f, 0x1f,
    0x81, 0xfc, 0x3f, 0xff, 0xc0, 0x3f, 0xfe, 0x0,
    0x3f, 0xc0,

    /* U+0048 "H" */
    0xe0, 0x0, 0xfc, 0x0, 0x1f, 0x80, 0x3, 0xf0,
    0x0, 0x7e, 0x0, 0xf, 0xc0, 0x1, 0xf8, 0x0,
    0x3f, 0x0, 0x7, 0xe0, 0x0, 0xfc, 0x0, 0x1f,
    0xff, 0xff, 0xff, 0xff, 0xff, 0xff, 0xff, 0xc0,
    0x1, 0xf8, 0x0, 0x3f, 0x0, 0x7, 0xe0, 0x0,
    0xfc, 0x0, 0x1f, 0x80, 0x3, 0xf0, 0x0, 0x7e,
    0x0, 0xf, 0xc0, 0x1, 0xf8, 0x0, 0x3f, 0x0,
    0x7,

    /* U+0049 "I" */
    0xff, 0xff, 0xff, 0xff, 0xff, 0xff, 0xff, 0xff,
    0xff,

    /* U+004A "J" */
    0x0, 0x38, 0x1, 0xc0, 0xe, 0x0, 0x70, 0x3,
    0x80, 0x1c, 0x0, 0xe0, 0x7, 0x0, 0x38, 0x1,
    0xc0, 0xe, 0x0, 0x70, 0x3, 0x80, 0x1c, 0x0,
    0xe0, 0x7, 0x20, 0x3f, 0x1, 0xf8, 0xf, 0xe0,
    0xf7, 0x8f, 0x3f, 0xf8, 0xff, 0x83, 0xf0,

    /* U+004B "K" */
    0xe0, 0x1, 0xee, 0x0, 0x3c, 0xe0, 0x7, 0x8e,
    0x0, 0xf0, 0xe0, 0x1e, 0xe, 0x7, 0xc0, 0xe0,
    0xf8, 0xe, 0x1f, 0x0, 0xe3, 0xe0, 0xe, 0x78,
    0x0, 0xef, 0xc0, 0xf, 0xfe, 0x0, 0xfd, 0xe0,
    0xf, 0x8f, 0x0, 0xf0, 0x78, 0xe, 0x3, 0xc0,
    0xe0, 0x3c, 0xe, 0x1, 0xe0, 0xe0, 0xf, 0xe,
    0x0, 0xf8, 0xe0, 0x7, 0x8e, 0x0, 0x3c, 0xe0,
    0x1, 0xee, 0x0, 0x1f,

    /* U+004C "L" */
    0xe0, 0x1, 0xc0, 0x3, 0x80, 0x7, 0x0, 0xe,
    0x0, 0x1c, 0x0, 0x38, 0x0, 0x70, 0x0, 0xe0,
    0x1, 0xc0, 0x3, 0x80, 0x7, 0x0, 0xe, 0x0,
    0x1c, 0x0, 0x38, 0x0, 0x70, 0x0, 0xe0, 0x1,
    0xc0, 0x3, 0x80, 0x7, 0x0, 0xe, 0x0, 0x1f,
    0xff, 0xff, 0xff, 0xff, 0xff,

    /* U+004D "M" */
    0xf8, 0x0, 0x1f, 0xf0, 0x0, 0x7f, 0xf0, 0x0,
    0xff, 0xe0, 0x1, 0xff, 0xc0, 0x7, 0xfd, 0xc0,
    0xd, 0xfb, 0x80, 0x3b, 0xf7, 0x0, 0x77, 0xe7,
    0x0, 0xcf, 0xce, 0x3, 0x9f, 0x9c, 0x7, 0x3f,
    0x1c, 0xc, 0x7e, 0x38, 0x38, 0xfc, 0x70, 0x71,
    0xf8, 0x70, 0xc3, 0xf0, 0xe3, 0x87, 0xe1, 0xc7,
    0xf, 0xc1, 0xcc, 0x1f, 0x83, 0xb8, 0x3f, 0x7,
    0x70, 0x7e, 0x7, 0xc0, 0xfc, 0xf, 0x81, 0xf8,
    0xe, 0x3, 0xf0, 0x1c, 0x7,

    /* U+004E "N" */
    0xf0, 0x0, 0xfe, 0x0, 0x1f, 0xe0, 0x3, 0xfe,
    0x0, 0x7f, 0xc0, 0xf, 0xfc, 0x1, 0xfb, 0xc0,
    0x3f, 0x38, 0x7, 0xe7, 0x80, 0xfc, 0x78, 0x1f,
    0x87, 0x3, 0xf0, 0xf0, 0x7e, 0xf, 0xf, 0xc0,
    0xe1, 0xf8, 0x1e, 0x3f, 0x1, 0xe7, 0xe0, 0x1c,
    0xfc, 0x3, 0xdf, 0x80, 0x3f, 0xf0, 0x3, 0xfe,
    0x0, 0x7f, 0xc0, 0x7, 0xf8, 0x0, 0x7f, 0x0,
    0xf,

    /* U+004F "O" */
    0x0, 0xfe, 0x0, 0xf, 0xff, 0x0, 0x3f, 0xff,
    0x80, 0xf8, 0xf, 0x83, 0xc0, 0x7, 0x87, 0x0,
    0x7, 0x1c, 0x0, 0x7, 0x38, 0x0, 0xe, 0xf0,
    0x0, 0x1f, 0xc0, 0x0, 0x1f, 0x80, 0x0, 0x3f,
    0x0, 0x0, 0x7e, 0x0, 0x0, 0xfc, 0x0, 0x1,
    0xf8, 0x0, 0x3, 0xf0, 0x0, 0xf, 0x70, 0x0,
    0x1c, 0xe0, 0x0, 0x38, 0xe0, 0x0, 0xe1, 0xe0,
    0x3, 0xc1, 0xf0, 0x1f, 0x1, 0xff, 0xfc, 0x1,
    0xff, 0xe0, 0x0, 0x7f, 0x0,

    /* U+0050 "P" */
    0xff, 0xfc, 0x3f, 0xff, 0xcf, 0xff, 0xfb, 0x80,
    0x1e, 0xe0, 0x3, 0xf8, 0x0, 0x7e, 0x0, 0x1f,
    0x80, 0x7, 0xe0, 0x1, 0xf8, 0x0, 0xfe, 0x0,
    0x7b, 0xff, 0xfc, 0xff, 0xfe, 0x3f, 0xfe, 0xe,
    0x0, 0x3, 0x80, 0x0, 0xe0, 0x0, 0x38, 0x0,
    0xe, 0x0, 0x3, 0x80, 0x0, 0xe0, 0x0, 0x38,
    0x0, 0xe, 0x0, 0x3, 0x80, 0x0,

    /* U+0051 "Q" */
    0x0, 0xfe, 0x0, 0xf, 0xff, 0x80, 0x3f, 0xff,
    0x80, 0xf8, 0xf, 0x83, 0xc0, 0x7, 0x87, 0x0,
    0x7, 0x1c, 0x0, 0xf, 0x38, 0x0, 0xe, 0xf0,
    0x0, 0x1f, 0xc0, 0x0, 0x1f, 0x80, 0x0, 0x3f,
    0x0, 0x0, 0x7e, 0x0, 0x0, 0xfc, 0x0, 0x1,
    0xf8, 0x0, 0x3, 0xf0, 0x0, 0xf, 0x70, 0x0,
    0x1c, 0xe0, 0x18, 0x38, 0xe0, 0x3c, 0xe1, 0xe0,
    0x3f, 0xc1, 0xf0, 0x1f, 0x1, 0xff, 0xff, 0x0,
    0xff, 0xef, 0x0, 0x7f, 0xf, 0x0, 0x0, 0x6,

    /* U+0052 "R" */
    0xff, 0xfe, 0x7, 0xff, 0xfc, 0x38, 0x0, 0xf1,
    0xc0, 0x3, 0x8e, 0x0, 0xe, 0x70, 0x0, 0x73,
    0x80, 0x3, 0x9c, 0x0, 0x1c, 0xe0, 0x1, 0xe7,
    0x0, 0x1e, 0x3f, 0xff, 0xe1, 0xff, 0xfe, 0xf,
    0xff, 0x80, 0x70, 0x3e, 0x3, 0x80, 0x78, 0x1c,
    0x1, 0xe0, 0xe0, 0xf, 0x7, 0x0, 0x3c, 0x38,
    0x0, 0xf1, 0xc0, 0x7, 0x8e, 0x0, 0x1e, 0x70,
    0x0, 0x73, 0x80, 0x3, 0xdc, 0x0, 0xf,

    /* U+0053 "S" */
    0x3, 0xf8, 0x1, 0xff, 0xc0, 0xff, 0xfc, 0x1e,
    0x7, 0xc7, 0x80, 0x3c, 0xe0, 0x3, 0x9c, 0x0,
    0x73, 0x80, 0x0, 0x78, 0x0, 0x7, 0xc0, 0x0,
    0x7f, 0xc0, 0x3, 0xff, 0x0, 0xf, 0xf8, 0x0,
    0x1f, 0x80, 0x0, 0x70, 0x0, 0x7, 0xe0, 0x0,
    0xfc, 0x0, 0x1f, 0xc0, 0x3, 0xbc, 0x0, 0xf7,
    0xe0, 0x7c, 0x7f, 0xff, 0x7, 0xff, 0xc0, 0x1f,
    0xe0,

    /* U+0054 "T" */
    0xff, 0xff, 0xff, 0xff, 0xff, 0xff, 0xff, 0x80,
    0x70, 0x0, 0xe, 0x0, 0x1, 0xc0, 0x0, 0x38,
    0x0, 0x7, 0x0, 0x0, 0xe0, 0x0, 0x1c, 0x0,
    0x3, 0x80, 0x0, 0x70, 0x0, 0xe, 0x0, 0x1,
    0xc0, 0x0, 0x38, 0x0, 0x7, 0x0, 0x0, 0xe0,
    0x0, 0x1c, 0x0, 0x3, 0x80, 0x0, 0x70, 0x0,
    0xe, 0x0, 0x1, 0xc0, 0x0, 0x38, 0x0, 0x7,
    0x0,

    /* U+0055 "U" */
    0xe0, 0x0, 0xfc, 0x0, 0x1f, 0x80, 0x3, 0xf0,
    0x0, 0x7e, 0x0, 0xf, 0xc0, 0x1, 0xf8, 0x0,
    0x3f, 0x0, 0x7, 0xe0, 0x0, 0xfc, 0x0, 0x1f,
    0x80, 0x3, 0xf0, 0x0, 0x7e, 0x0, 0xf, 0xc0,
    0x1, 0xf8, 0x0, 0x3f, 0x0, 0x7, 0xe0, 0x0,
    0xfc, 0x0, 0x1d, 0xc0, 0x7, 0x3c, 0x1, 0xe7,
    0xc0, 0x7c, 0x7f, 0xff, 0x7, 0xff, 0x80, 0x3f,
    0xe0,

    /* U+0056 "V" */
    0xf0, 0x0, 0x1d, 0xc0, 0x0, 0x77, 0x80, 0x3,
    0x8e, 0x0, 0xe, 0x38, 0x0, 0x78, 0xf0, 0x1,
    0xc1, 0xc0, 0x7, 0x7, 0x0, 0x38, 0xe, 0x0,
    0xe0, 0x38, 0x3, 0x80, 0xe0, 0x1c, 0x1, 0xc0,
    0x70, 0x7, 0x3, 0x80, 0x1e, 0xe, 0x0, 0x38,
    0x38, 0x0, 0xe1, 0xc0, 0x1, 0xc7, 0x0, 0x7,
    0x1c, 0x0, 0x1c, 0xe0, 0x0, 0x3b, 0x80, 0x0,
    0xec, 0x0, 0x1, 0xf0, 0x0, 0x7, 0xc0, 0x0,
    0x1e, 0x0,

    /* U+0057 "W" */
    0x70, 0x3, 0xc0, 0xf, 0x70, 0x3, 0xe0, 0xe,
    0x70, 0x7, 0xe0, 0xe, 0x78, 0x7, 0xe0, 0xe,
    0x38, 0x7, 0xe0, 0x1c, 0x38, 0x6, 0x70, 0x1c,
    0x38, 0xe, 0x70, 0x1c, 0x38, 0xe, 0x70, 0x1c,
    0x1c, 0xe, 0x38, 0x38, 0x1c, 0x1c, 0x38, 0x38,
    0x1c, 0x1c, 0x38, 0x38, 0xc, 0x1c, 0x38, 0x38,
    0xe, 0x18, 0x1c, 0x70, 0xe, 0x38, 0x1c, 0x70,
    0xe, 0x38, 0x1c, 0x70, 0x6, 0x38, 0xc, 0x60,
    0x7, 0x30, 0xe, 0xe0, 0x7, 0x70, 0xe, 0xe0,
    0x7, 0x70, 0xe, 0xe0, 0x3, 0x60, 0x6, 0xc0,
    0x3, 0x60, 0x7, 0xc0, 0x3, 0xe0, 0x7, 0xc0,
    0x3, 0xe0, 0x3, 0x80, 0x1, 0xc0, 0x3, 0x80,

    /* U+0058 "X" */
    0x38, 0x0, 0x38, 0xf0, 0x1, 0xe1, 0xe0, 0xf,
    0x3, 0xc0, 0x38, 0x7, 0x1, 0xc0, 0x1e, 0xf,
    0x0, 0x3c, 0x78, 0x0, 0x71, 0xc0, 0x1, 0xee,
    0x0, 0x3, 0xf8, 0x0, 0x7, 0xc0, 0x0, 0xe,
    0x0, 0x0, 0x7c, 0x0, 0x3, 0xf8, 0x0, 0x1e,
    0xf0, 0x0, 0x73, 0xc0, 0x3, 0xc7, 0x80, 0x1e,
    0xf, 0x0, 0xf0, 0x1e, 0x3, 0x80, 0x78, 0x1e,
    0x0, 0xf0, 0xf0, 0x1, 0xe7, 0x80, 0x7, 0x9c,
    0x0, 0xf,

    /* U+0059 "Y" */
    0xf0, 0x0, 0x39, 0xe0, 0x1, 0xe7, 0x80, 0xf,
    0xf, 0x0, 0x38, 0x1c, 0x1, 0xe0, 0x78, 0xf,
    0x0, 0xf0, 0x38, 0x1, 0xc1, 0xc0, 0x7, 0x8f,
    0x0, 0xf, 0x38, 0x0, 0x1d, 0xc0, 0x0, 0x7f,
    0x0, 0x0, 0xf8, 0x0, 0x1, 0xc0, 0x0, 0x7,
    0x0, 0x0, 0x1c, 0x0, 0x0, 0x70, 0x0, 0x1,
    0xc0, 0x0, 0x7, 0x0, 0x0, 0x1c, 0x0, 0x0,
    0x70, 0x0, 0x1, 0xc0, 0x0, 0x7, 0x0, 0x0,
    0x1c, 0x0,

    /* U+005A "Z" */
    0x3f, 0xff, 0xe7, 0xff, 0xfc, 0xff, 0xff, 0x80,
    0x0, 0xf0, 0x0, 0x3c, 0x0, 0xf, 0x0, 0x3,
    0xc0, 0x0, 0xf0, 0x0, 0x3e, 0x0, 0x7, 0x80,
    0x1, 0xe0, 0x0, 0x78, 0x0, 0x1e, 0x0, 0x7,
    0x80, 0x1, 0xf0, 0x0, 0x3c, 0x0, 0xf, 0x0,
    0x3, 0xc0, 0x0, 0xf0, 0x0, 0x3e, 0x0, 0xf,
    0x80, 0x1, 0xff, 0xff, 0xff, 0xff, 0xff, 0xff,
    0xff,

    /* U+0061 "a" */
    0x7, 0xf0, 0x1f, 0xfc, 0x38, 0x3c, 0x70, 0xe,
    0x70, 0xe, 0x0, 0xe, 0x0, 0xe, 0x1, 0xfe,
    0x1f, 0xfe, 0x7f, 0xce, 0x78, 0xe, 0xf0, 0xe,
    0xe0, 0xe, 0xe0, 0x1e, 0xe0, 0x3e, 0x70, 0x7e,
    0x7f, 0xee, 0x1f, 0x87,

    /* U+0062 "b" */
    0xe0, 0x1, 0xc0, 0x3, 0x80, 0x7, 0x0, 0xe,
    0x0, 0x1c, 0x0, 0x39, 0xf0, 0x7f, 0xf8, 0xfc,
    0x79, 0xf0, 0x3b, 0xc0, 0x77, 0x80, 0x7e, 0x0,
    0xfc, 0x1, 0xf8, 0x3, 0xf0, 0x7, 0xe0, 0xf,
    0xc0, 0x1f, 0x80, 0x7f, 0x80, 0xef, 0x3, 0xdf,
    0x8f, 0x3b, 0xfc, 0x73, 0xe0,

    /* U+0063 "c" */
    0x7, 0xe0, 0x3f, 0xf0, 0xf0, 0xf3, 0xc0, 0xe7,
    0x0, 0xfc, 0x1, 0x38, 0x0, 0x70, 0x0, 0xe0,
    0x1, 0xc0, 0x3, 0x80, 0x7, 0x0, 0x4e, 0x0,
    0xee, 0x1, 0xde, 0x7, 0x1e, 0x1e, 0x1f, 0xf8,
    0xf, 0xc0,

    /* U+0064 "d" */
    0x0, 0xe, 0x0, 0x1c, 0x0, 0x38, 0x0, 0x70,
    0x0, 0xe0, 0x1, 0xc1, 0xf3, 0x8f, 0xff, 0x3c,
    0x7e, 0xe0, 0x7d, 0xc0, 0x7f, 0x0, 0xfe, 0x0,
    0xfc, 0x1, 0xf8, 0x3, 0xf0, 0x7, 0xe0, 0xf,
    0xc0, 0x1f, 0x80, 0x3b, 0x80, 0xf7, 0x81, 0xe7,
    0x8f, 0xc7, 0xfb, 0x83, 0xe7,

    /* U+0065 "e" */
    0x7, 0xe0, 0x1f, 0xf8, 0x3c, 0x3c, 0x78, 0xe,
    0x70, 0xe, 0xe0, 0x7, 0xe0, 0x7, 0xff, 0xff,
    0xff, 0xff, 0xe0, 0x0, 0xe0, 0x0, 0xe0, 0x0,
    0xf0, 0x7, 0x70, 0xe, 0x78, 0xe, 0x3c, 0x3c,
    0x1f, 0xf8, 0x7, 0xe0,

    /* U+0066 "f" */
    0x7, 0xc3, 0xf1, 0xfc, 0x70, 0x1c, 0x7, 0xf,
    0xfb, 0xfe, 0x1c, 0x7, 0x1, 0xc0, 0x70, 0x1c,
    0x7, 0x1, 0xc0, 0x70, 0x1c, 0x7, 0x1, 0xc0,
    0x70, 0x1c, 0x7, 0x1, 0xc0, 0x70,

    /* U+0067 "g" */
    0x7, 0xe7, 0x1f, 0xf7, 0x3c, 0x3f, 0x78, 0x1f,
    0x70, 0xf, 0x70, 0xf, 0xe0, 0x7, 0xe0, 0x7,
    0xe0, 0x7, 0xe0, 0x7, 0xe0, 0x7, 0xe0, 0x7,
    0xe0, 0xf, 0x70, 0xf, 0x78, 0x1f, 0x3c, 0x3f,
    0x1f, 0xf7, 0x7, 0xe7, 0x0, 0x7, 0x0, 0x7,
    0x70, 0xe, 0x70, 0xe, 0x78, 0x1c, 0x3f, 0xf8,
    0xf, 0xe0,

    /* U+0068 "h" */
    0xe0, 0x3, 0x80, 0xe, 0x0, 0x38, 0x0, 0xe0,
    0x3, 0x80, 0xe, 0x7e, 0x3f, 0xfc, 0xfc, 0x7b,
    0xc0, 0xff, 0x1, 0xf8, 0x7, 0xe0, 0x1f, 0x80,
    0x7e, 0x1, 0xf8, 0x7, 0xe0, 0x1f, 0x80, 0x7e,
    0x1, 0xf8, 0x7, 0xe0, 0x1f, 0x80, 0x7e, 0x1,
    0xf8, 0x7,

    /* U+0069 "i" */
    0xff, 0x80, 0x3f, 0xff, 0xff, 0xff, 0xff, 0xff,
    0xff,

    /* U+006A "j" */
    0xe, 0x1c, 0x38, 0x0, 0x0, 0x3, 0x87, 0xe,
    0x1c, 0x38, 0x70, 0xe1, 0xc3, 0x87, 0xe, 0x1c,
    0x38, 0x70, 0xe1, 0xc3, 0x87, 0xe, 0x1c, 0x38,
    0x71, 0xef, 0xbe, 0x0,

    /* U+006B "k" */
    0xe0, 0x1, 0xc0, 0x3, 0x80, 0x7, 0x0, 0xe,
    0x0, 0x1c, 0x0, 0x38, 0xe, 0x70, 0x38, 0xe0,
    0xe1, 0xc3, 0x83, 0x8e, 0x7, 0x38, 0xe, 0xe0,
    0x1f, 0xe0, 0x3f, 0xc0, 0x79, 0xc0, 0xe3, 0xc1,
    0xc3, 0x83, 0x87, 0x87, 0x7, 0x8e, 0x7, 0x1c,
    0xf, 0x38, 0xf, 0x70, 0xe,

    /* U+006C "l" */
    0xff, 0xff, 0xff, 0xff, 0xff, 0xff, 0xff, 0xff,
    0xff,

    /* U+006D "m" */
    0xe7, 0xc1, 0xf8, 0xff, 0xf3, 0xfe, 0xf8, 0x7f,
    0xe, 0xf0, 0x3c, 0x7, 0xf0, 0x3c, 0x7, 0xe0,
    0x38, 0x7, 0xe0, 0x38, 0x7, 0xe0, 0x38, 0x7,
    0xe0, 0x38, 0x7, 0xe0, 0x38, 0x7, 0xe0, 0x38,
    0x7, 0xe0, 0x38, 0x7, 0xe0, 0x38, 0x7, 0xe0,
    0x38, 0x7, 0xe0, 0x38, 0x7, 0xe0, 0x38, 0x7,
    0xe0, 0x38, 0x7, 0xe0, 0x38, 0x7,

    /* U+006E "n" */
    0xe7, 0xe3, 0xbf, 0xcf, 0x87, 0xbc, 0xf, 0xf0,
    0x1f, 0x80, 0x7e, 0x1, 0xf8, 0x7, 0xe0, 0x1f,
    0x80, 0x7e, 0x1, 0xf8, 0x7, 0xe0, 0x1f, 0x80,
    0x7e, 0x1, 0xf8, 0x7, 0xe0, 0x1f, 0x80, 0x70,

    /* U+006F "o" */
    0x7, 0xe0, 0x1f, 0xf8, 0x3c, 0x3c, 0x78, 0x1e,
    0x70, 0xe, 0xe0, 0xf, 0xe0, 0x7, 0xe0, 0x7,
    0xe0, 0x7, 0xe0, 0x7, 0xe0, 0x7, 0xe0, 0x7,
    0xe0, 0xf, 0x70, 0xe, 0x78, 0x1e, 0x3c, 0x3c,
    0x1f, 0xf8, 0x7, 0xe0,

    /* U+0070 "p" */
    0xe7, 0xc1, 0xdf, 0xe3, 0xf1, 0xe7, 0x81, 0xef,
    0x1, 0xdc, 0x1, 0xf8, 0x3, 0xf0, 0x7, 0xe0,
    0xf, 0xc0, 0x1f, 0x80, 0x3f, 0x0, 0x7e, 0x1,
    0xde, 0x3, 0xbc, 0xf, 0x7c, 0x3c, 0xff, 0xf1,
    0xcf, 0x83, 0x80, 0x7, 0x0, 0xe, 0x0, 0x1c,
    0x0, 0x38, 0x0, 0x70, 0x0, 0xe0, 0x0,

    /* U+0071 "q" */
    0xf, 0xce, 0x3f, 0xdc, 0xf1, 0xfb, 0xc0, 0xf7,
    0x1, 0xfc, 0x1, 0xf8, 0x3, 0xf0, 0x7, 0xe0,
    0xf, 0xc0, 0x1f, 0x80, 0x3f, 0x0, 0x7e, 0x0,
    0xee, 0x3, 0xde, 0x7, 0x9e, 0x1f, 0x1f, 0xfe,
    0xf, 0x9c, 0x0, 0x38, 0x0, 0x70, 0x0, 0xe0,
    0x1, 0xc0, 0x3, 0x80, 0x7, 0x0, 0xe,

    /* U+0072 "r" */
    0xe7, 0xbb, 0xef, 0xfb, 0xe2, 0xf0, 0x38, 0xe,
    0x3, 0x80, 0xe0, 0x38, 0xe, 0x3, 0x80, 0xe0,
    0x38, 0xe, 0x3, 0x80, 0xe0, 0x38, 0x0,

    /* U+0073 "s" */
    0x1f, 0xc0, 0xff, 0xc7, 0x7, 0xb8, 0xe, 0xe0,
    0x3b, 0x80, 0xf, 0xc0, 0x1f, 0xe0, 0x3f, 0xf0,
    0x7f, 0xe0, 0x1f, 0xc0, 0xf, 0x60, 0x1f, 0x80,
    0x7e, 0x1, 0xde, 0x1e, 0x3f, 0xf0, 0x3f, 0x0,

    /* U+0074 "t" */
    0x8, 0x38, 0x38, 0x38, 0x38, 0x38, 0xff, 0xff,
    0x38, 0x38, 0x38, 0x38, 0x38, 0x38, 0x38, 0x38,
    0x38, 0x38, 0x38, 0x38, 0x38, 0x3f, 0x1f, 0xf,

    /* U+0075 "u" */
    0xe0, 0x1f, 0x80, 0x7e, 0x1, 0xf8, 0x7, 0xe0,
    0x1f, 0x80, 0x7e, 0x1, 0xf8, 0x7, 0xe0, 0x1f,
    0x80, 0x7e, 0x1, 0xf8, 0x7, 0xe0, 0x1f, 0x80,
    0xff, 0x3, 0xde, 0x3f, 0x3f, 0xdc, 0x7e, 0x70,

    /* U+0076 "v" */
    0x70, 0x7, 0x38, 0x3, 0x9c, 0x1, 0xc7, 0x1,
    0xc3, 0x80, 0xe1, 0xe0, 0x70, 0x70, 0x70, 0x38,
    0x38, 0xe, 0x18, 0x7, 0x1c, 0x3, 0x8e, 0x0,
    0xee, 0x0, 0x77, 0x0, 0x3b, 0x80, 0xf, 0x80,
    0x7, 0xc0, 0x1, 0xc0, 0x0, 0xe0, 0x0,

    /* U+0077 "w" */
    0xe0, 0x1c, 0x7, 0x70, 0x3c, 0x7, 0x70, 0x3e,
    0x7, 0x70, 0x3e, 0xe, 0x30, 0x3e, 0xe, 0x38,
    0x7e, 0xe, 0x38, 0x77, 0xc, 0x38, 0x67, 0x1c,
    0x1c, 0x67, 0x1c, 0x1c, 0xe3, 0x18, 0x1c, 0xe3,
    0xb8, 0xc, 0xc3, 0xb8, 0xe, 0xc3, 0xb8, 0xf,
    0xc1, 0xb0, 0x7, 0xc1, 0xf0, 0x7, 0x81, 0xf0,
    0x7, 0x81, 0xe0, 0x7, 0x80, 0xe0,

    /* U+0078 "x" */
    0x78, 0xf, 0x1c, 0x7, 0xf, 0x7, 0x3, 0xc7,
    0x80, 0xe3, 0x80, 0x3b, 0x80, 0x1f, 0xc0, 0x7,
    0xc0, 0x1, 0xc0, 0x1, 0xf0, 0x1, 0xfc, 0x0,
    0xee, 0x0, 0xe3, 0x80, 0xf1, 0xe0, 0x70, 0x70,
    0x78, 0x3c, 0x78, 0xf, 0x38, 0x3, 0x80,

    /* U+0079 "y" */
    0xe0, 0x7, 0xe0, 0xe, 0xf0, 0xe, 0x70, 0x1c,
    0x70, 0x1c, 0x38, 0x1c, 0x38, 0x38, 0x38, 0x38,
    0x1c, 0x38, 0x1c, 0x70, 0x1e, 0x70, 0xe, 0x60,
    0xe, 0xe0, 0x6, 0xe0, 0x7, 0xc0, 0x7, 0xc0,
    0x3, 0xc0, 0x3, 0x80, 0x3, 0x80, 0x3, 0x80,
    0x7, 0x0, 0xf, 0x0, 0x7e, 0x0, 0x7c, 0x0,
    0x78, 0x0,

    /* U+007A "z" */
    0x7f, 0xfe, 0x7f, 0xfe, 0x0, 0x1c, 0x0, 0x3c,
    0x0, 0x78, 0x0, 0xf0, 0x0, 0xe0, 0x1, 0xc0,
    0x3, 0xc0, 0x7, 0x80, 0xf, 0x0, 0xe, 0x0,
    0x1e, 0x0, 0x3c, 0x0, 0x78, 0x0, 0xf0, 0x0,
    0xff, 0xff, 0xff, 0xff,

    /* U+4E2D "中" */
    0x0, 0x1c, 0x0, 0x0, 0xe, 0x0, 0x0, 0x7,
    0x0, 0x0, 0x3, 0x80, 0x0, 0x1, 0xc0, 0x0,
    0x0, 0xe0, 0x3, 0xff, 0xff, 0xff, 0xff, 0xff,
    0xff, 0xe0, 0x1c, 0x3, 0xf0, 0xe, 0x1, 0xf8,
    0x7, 0x0, 0xfc, 0x3, 0x80, 0x7e, 0x1, 0xc0,
    0x3f, 0x0, 0xe0, 0x1f, 0x80, 0x70, 0xf, 0xc0,
    0x38, 0x7, 0xe0, 0x1c, 0x3, 0xff, 0xff, 0xff,
    0xff, 0xff, 0xff, 0xfc, 0x3, 0x80, 0x70, 0x1,
    0xc0, 0x0, 0x0, 0xe0, 0x0, 0x0, 0x70, 0x0,
    0x0, 0x38, 0x0, 0x0, 0x1c, 0x0, 0x0, 0xe,
    0x0, 0x0, 0x7, 0x0, 0x0, 0x3, 0x80, 0x0,
    0x1, 0xc0, 0x0, 0x0, 0xe0, 0x0,

    /* U+4E3B "主" */
    0x0, 0x78, 0x0, 0x0, 0x3, 0xe0, 0x0, 0x0,
    0x7, 0x80, 0x0, 0x0, 0x1e, 0x0, 0x0, 0x0,
    0x78, 0x0, 0x0, 0x1, 0xc0, 0x0, 0x0, 0x0,
    0x0, 0xf, 0xff, 0xff, 0xfe, 0x7f, 0xff, 0xff,
    0xf0, 0x0, 0x38, 0x0, 0x0, 0x1, 0xc0, 0x0,
    0x0, 0xe, 0x0, 0x0, 0x0, 0x70, 0x0, 0x0,
    0x3, 0x80, 0x0, 0x0, 0x1c, 0x0, 0x0, 0x0,
    0xe0, 0x0, 0x1f, 0xff, 0xff, 0xc0, 0xff, 0xff,
    0xfe, 0x0, 0x1, 0xc0, 0x0, 0x0, 0xe, 0x0,
    0x0, 0x0, 0x70, 0x0, 0x0, 0x3, 0x80, 0x0,
    0x0, 0x1c, 0x0, 0x0, 0x0, 0xe0, 0x0, 0x0,
    0x7, 0x0, 0x0, 0x0, 0x38, 0x0, 0x3f, 0xff,
    0xff, 0xff, 0xff, 0xff, 0xff, 0xf0,

    /* U+4EA7 "产" */
    0x0, 0x2, 0x0, 0x0, 0x0, 0x1c, 0x0, 0x0,
    0x0, 0x38, 0x0, 0x0, 0x0, 0x70, 0x0, 0x0,
    0x1, 0xc0, 0x0, 0xff, 0xff, 0xff, 0xf3, 0xff,
    0xff, 0xff, 0xc0, 0x8, 0x1, 0x0, 0x0, 0x70,
    0x6, 0x0, 0x0, 0xe0, 0x38, 0x0, 0x1, 0xc1,
    0xc0, 0x0, 0x7, 0xe, 0x0, 0x7, 0xff, 0xff,
    0xfc, 0x1f, 0xff, 0xff, 0xf0, 0x70, 0x0, 0x0,
    0x1, 0xc0, 0x0, 0x0, 0x7, 0x0, 0x0, 0x0,
    0x1c, 0x0, 0x0, 0x0, 0x70, 0x0, 0x0, 0x1,
    0xc0, 0x0, 0x0, 0x7, 0x0, 0x0, 0x0, 0x18,
    0x0, 0x0, 0x0, 0x60, 0x0, 0x0, 0x3, 0x80,
    0x0, 0x0, 0xe, 0x0, 0x0, 0x0, 0x70, 0x0,
    0x0, 0x3, 0xc0, 0x0, 0x0, 0x1e, 0x0, 0x0,
    0x0, 0x70, 0x0, 0x0, 0x0, 0x0, 0x0, 0x0,
    0x0,

    /* U+4EEA "仪" */
    0x0, 0x30, 0x0, 0x0, 0x0, 0x30, 0x70, 0x0,
    0x0, 0x70, 0x70, 0x0, 0x0, 0x70, 0x38, 0x0,
    0x0, 0x6e, 0x1c, 0x30, 0x0, 0xee, 0x1c, 0x30,
    0x0, 0xee, 0xe, 0x30, 0x1, 0xc6, 0xc, 0x70,
    0x1, 0xc7, 0x8, 0x70, 0x3, 0x87, 0x0, 0x70,
    0x7, 0x83, 0x0, 0x60, 0xf, 0x83, 0x0, 0xe0,
    0xf, 0x83, 0x80, 0xe0, 0x1f, 0x83, 0x80, 0xc0,
    0x3b, 0x81, 0x81, 0xc0, 0xfb, 0x81, 0xc1, 0xc0,
    0x73, 0x80, 0xc3, 0x80, 0x43, 0x80, 0xe3, 0x80,
    0x3, 0x80, 0x77, 0x0, 0x3, 0x80, 0x7f, 0x0,
    0x3, 0x80, 0x3e, 0x0, 0x3, 0x80, 0x1c, 0x0,
    0x3, 0x80, 0x3e, 0x0, 0x3, 0x80, 0x7f, 0x0,
    0x3, 0x80, 0xf3, 0xc0, 0x3, 0x83, 0xe1, 0xe0,
    0x3, 0x8f, 0x80, 0xf8, 0x3, 0xbf, 0x0, 0x7e,
    0x3, 0xbc, 0x0, 0x1f, 0x3, 0x90, 0x0, 0x6,

    /* U+4EF6 "件" */
    0x0, 0x80, 0x38, 0x0, 0x7, 0x0, 0xe0, 0x0,
    0x1c, 0x3, 0x80, 0x0, 0x61, 0x8e, 0x0, 0x3,
    0x86, 0x38, 0x0, 0xe, 0x38, 0xe0, 0x0, 0x38,
    0xe3, 0x80, 0x1, 0xc3, 0xff, 0xfc, 0x7, 0x1f,
    0xff, 0xf0, 0x3c, 0x70, 0xe0, 0x0, 0xf1, 0x83,
    0x80, 0x7, 0xce, 0xe, 0x0, 0x3f, 0x70, 0x38,
    0x0, 0xfd, 0xc0, 0xe0, 0x7, 0x70, 0x3, 0x80,
    0x39, 0xc0, 0xe, 0x0, 0xc7, 0x7f, 0xff, 0xfc,
    0x1d, 0xff, 0xff, 0xf0, 0x70, 0x3, 0x80, 0x1,
    0xc0, 0xe, 0x0, 0x7, 0x0, 0x38, 0x0, 0x1c,
    0x0, 0xe0, 0x0, 0x70, 0x3, 0x80, 0x1, 0xc0,
    0xe, 0x0, 0x7, 0x0, 0x38, 0x0, 0x1c, 0x0,
    0xe0, 0x0, 0x70, 0x3, 0x80, 0x1, 0xc0, 0xe,
    0x0, 0x7, 0x0, 0x38, 0x0, 0x1c, 0x0, 0xe0,
    0x0,

    /* U+4F4E "低" */
    0x0, 0x80, 0x0, 0x0, 0x0, 0xe0, 0x0, 0x38,
    0x0, 0xc0, 0x1, 0xfc, 0x1, 0xc0, 0x3f, 0xf0,
    0x1, 0xcf, 0xff, 0x80, 0x3, 0x8f, 0xfe, 0x0,
    0x3, 0x8c, 0xe, 0x0, 0x7, 0x8c, 0xe, 0x0,
    0x7, 0xc, 0xe, 0x0, 0xf, 0xc, 0xe, 0x0,
    0xf, 0xc, 0xe, 0x0, 0x1f, 0xf, 0xff, 0xfc,
    0x3f, 0xf, 0xff, 0xfc, 0x7f, 0xc, 0xe, 0x0,
    0xf7, 0xc, 0xe, 0x0, 0x67, 0xc, 0x6, 0x0,
    0x7, 0xc, 0x7, 0x0, 0x7, 0xc, 0x7, 0x0,
    0x7, 0xc, 0x7, 0x0, 0x7, 0xc, 0x7, 0x0,
    0x7, 0xc, 0x7, 0x0, 0x7, 0xc, 0x3, 0x80,
    0x7, 0xc, 0x3b, 0x80, 0x7, 0xf, 0xfb, 0x84,
    0x7, 0x3f, 0xf9, 0xc7, 0x7, 0x3f, 0xc1, 0xc7,
    0x7, 0x1c, 0x1, 0xc6, 0x7, 0x0, 0x0, 0xe6,
    0x7, 0x1f, 0xfc, 0xfe, 0x7, 0x1f, 0xfc, 0x7e,
    0x7, 0x0, 0x0, 0x3c,

    /* U+4F53 "体" */
    0x0, 0x80, 0x38, 0x0, 0x1, 0x80, 0x70, 0x0,
    0x7, 0x0, 0xe0, 0x0, 0xe, 0x1, 0xc0, 0x0,
    0x1c, 0x3, 0x80, 0x0, 0x70, 0x7, 0x0, 0x0,
    0xe0, 0xe, 0x0, 0x1, 0xff, 0xff, 0xfe, 0x7,
    0x7f, 0xff, 0xfc, 0xe, 0x3, 0xfc, 0x0, 0x3c,
    0x7, 0xfc, 0x0, 0xf8, 0xf, 0xf8, 0x1, 0xf0,
    0x3b, 0xb0, 0x7, 0xe0, 0x77, 0x70, 0x1f, 0xc0,
    0xee, 0xe0, 0x7b, 0x83, 0x9c, 0xe0, 0xe7, 0xf,
    0x39, 0xc0, 0xe, 0x1c, 0x71, 0xc0, 0x1c, 0x70,
    0xe1, 0xc0, 0x39, 0xc1, 0xc3, 0xc0, 0x77, 0x3,
    0x83, 0xc0, 0xfc, 0xff, 0xfb, 0xc1, 0xd1, 0xff,
    0xf3, 0x3, 0x80, 0x1c, 0x0, 0x7, 0x0, 0x38,
    0x0, 0xe, 0x0, 0x70, 0x0, 0x1c, 0x0, 0xe0,
    0x0, 0x38, 0x1, 0xc0, 0x0, 0x70, 0x3, 0x80,
    0x0, 0xe0, 0x7, 0x0, 0x0,

    /* U+4FE1 "信" */
    0x0, 0xcf, 0xff, 0xf8, 0x3, 0x9f, 0xff, 0xf0,
    0x7, 0x0, 0x0, 0x0, 0xc, 0x0, 0x0, 0x0,
    0x3b, 0xff, 0xff, 0xe0, 0x67, 0xff, 0xff, 0xc1,
    0xc0, 0x0, 0x0, 0x3, 0x80, 0x0, 0x0, 0xf,
    0x0, 0x0, 0x0, 0x3e, 0x1f, 0xff, 0xf0, 0x7c,
    0x3f, 0xff, 0xe1, 0xf8, 0x0, 0x0, 0x7, 0x70,
    0x0, 0x0, 0x1c, 0xe0, 0x0, 0x0, 0x19, 0xc3,
    0xff, 0xfe, 0x3, 0x87, 0xff, 0xfc, 0x7, 0x0,
    0x0, 0x0, 0xe, 0x0, 0x0, 0x0, 0x1c, 0x0,
    0x0, 0x0, 0x38, 0x7f, 0xff, 0x80, 0x70, 0xff,
    0xff, 0x0, 0xe1, 0xc0, 0x6, 0x1, 0xc3, 0x80,
    0xc, 0x3, 0x87, 0x0, 0x18, 0x7, 0xe, 0x0,
    0x30, 0xe, 0x1f, 0xff, 0xe0, 0x1c, 0x3f, 0xff,
    0xc0, 0x38, 0x70, 0x1, 0x80, 0x70, 0xe0, 0x3,
    0x0,

    /* U+505C "停" */
    0x0, 0x80, 0x38, 0x0, 0x1, 0x80, 0x70, 0x0,
    0x7, 0x0, 0xe0, 0x0, 0xf, 0xff, 0xff, 0xf0,
    0x1b, 0xff, 0xff, 0xe0, 0x70, 0x0, 0x0, 0x0,
    0xe0, 0x0, 0x0, 0x3, 0x83, 0xff, 0xf0, 0x7,
    0x7, 0xff, 0xe0, 0x1e, 0xc, 0x1, 0xc0, 0x3c,
    0x18, 0x3, 0x80, 0xf8, 0x3f, 0xff, 0x3, 0xf0,
    0x7f, 0xfe, 0x6, 0xe0, 0x0, 0x0, 0x1d, 0xc0,
    0x0, 0x0, 0x73, 0xbf, 0xff, 0xff, 0x7, 0x7f,
    0xff, 0xfe, 0xe, 0xe0, 0x0, 0x1c, 0x1d, 0xc0,
    0x0, 0x38, 0x3b, 0xbf, 0xff, 0xf0, 0x70, 0x7f,
    0xff, 0x0, 0xe0, 0x7, 0x0, 0x1, 0xc0, 0xe,
    0x0, 0x3, 0x80, 0x1c, 0x0, 0x7, 0x0, 0x38,
    0x0, 0xe, 0x0, 0x70, 0x0, 0x1c, 0x0, 0xe0,
    0x0, 0x38, 0x1, 0xc0, 0x0, 0x70, 0x1f, 0x80,
    0x0, 0xe0, 0x3e, 0x0, 0x0,

    /* U+50A8 "储" */
    0x1, 0x80, 0x18, 0x0, 0x6, 0x0, 0x60, 0x0,
    0x38, 0x1, 0x80, 0x0, 0xe0, 0x6, 0x6, 0x3,
    0x60, 0x18, 0x38, 0x1d, 0xcf, 0xfc, 0xe0, 0x63,
    0xbf, 0xf7, 0x1, 0x86, 0x6, 0x38, 0xc, 0x18,
    0x18, 0xe0, 0x30, 0x0, 0x67, 0x1, 0xc0, 0x7f,
    0xff, 0xc7, 0x1, 0xff, 0xff, 0x3d, 0xf7, 0xff,
    0xfd, 0xf7, 0xc0, 0x78, 0x7, 0xc3, 0x3, 0xc0,
    0x3b, 0xc, 0x1e, 0x0, 0x4c, 0x30, 0xff, 0xe0,
    0x30, 0xcf, 0xff, 0x80, 0xc3, 0x7e, 0x6, 0x3,
    0xf, 0xf8, 0x18, 0xc, 0x3e, 0xe0, 0x60, 0x30,
    0xc3, 0xff, 0x80, 0xc3, 0x2f, 0xfe, 0x3, 0xf,
    0xb8, 0x18, 0xc, 0x3e, 0xe0, 0x60, 0x31, 0xf3,
    0x81, 0x80, 0xc3, 0xf, 0xfe, 0x3, 0x0, 0x3f,
    0xf8, 0xc, 0x0, 0xe0, 0x60, 0x30, 0x3, 0x81,
    0x80,

    /* U+50CF "像" */
    0x0, 0x41, 0x80, 0x0, 0x0, 0xe3, 0x80, 0x0,
    0x0, 0xe3, 0xff, 0xc0, 0x1, 0xc7, 0xff, 0xc0,
    0x1, 0xcf, 0x1, 0x80, 0x1, 0x9e, 0x1, 0x80,
    0x3, 0xbf, 0xff, 0xf8, 0x7, 0x7f, 0xff, 0xf8,
    0x7, 0x7c, 0x1c, 0x38, 0xf, 0x3c, 0x1c, 0x38,
    0x1f, 0x1c, 0x1c, 0x38, 0x1f, 0x1c, 0x1c, 0x38,
    0x3f, 0x1f, 0xff, 0xf8, 0x7f, 0x1f, 0xff, 0xf8,
    0x77, 0x0, 0x79, 0x80, 0x27, 0x1, 0xf9, 0x8c,
    0x7, 0x1f, 0xdd, 0x9e, 0x7, 0x3f, 0x1d, 0xf8,
    0x7, 0x38, 0x7e, 0xf0, 0x7, 0x1, 0xfe, 0xc0,
    0x7, 0xf, 0xc6, 0xc0, 0x7, 0x7f, 0x8e, 0x60,
    0x7, 0x3c, 0x3e, 0x70, 0x7, 0x20, 0xff, 0x30,
    0x7, 0x3, 0xf7, 0x38, 0x7, 0x3f, 0xc6, 0x1e,
    0x7, 0x7e, 0x6, 0xf, 0x7, 0x70, 0x86, 0x6,
    0x7, 0x0, 0xfe, 0x0, 0x7, 0x0, 0x78, 0x0,

    /* U+5145 "充" */
    0x0, 0x7, 0x0, 0x0, 0x0, 0x1c, 0x0, 0x0,
    0x0, 0x70, 0x0, 0x0, 0x1, 0xc0, 0x0, 0x0,
    0x7, 0x0, 0x1, 0xff, 0xff, 0xff, 0xc7, 0xff,
    0xff, 0xff, 0x0, 0x7, 0x0, 0x0, 0x0, 0x38,
    0x0, 0x0, 0x1, 0xe0, 0x60, 0x0, 0x7, 0x7,
    0xc0, 0x0, 0x38, 0x7, 0x80, 0x1, 0xc0, 0xf,
    0x0, 0x7, 0x0, 0x1e, 0x1, 0xff, 0xff, 0xfc,
    0x7, 0xff, 0xff, 0xf8, 0x0, 0x38, 0xe0, 0xe0,
    0x0, 0xe3, 0x81, 0x0, 0x3, 0x8e, 0x0, 0x0,
    0xe, 0x38, 0x0, 0x0, 0x70, 0xe0, 0x0, 0x1,
    0xc3, 0x80, 0x0, 0xf, 0xe, 0x1, 0x0, 0x38,
    0x38, 0x7, 0x1, 0xc0, 0xe0, 0x1c, 0xf, 0x3,
    0x80, 0x70, 0xf0, 0xe, 0x1, 0x8f, 0x80, 0x38,
    0xe, 0xfc, 0x0, 0x7f, 0xf1, 0xc0, 0x0, 0xff,
    0x80, 0x0, 0x0, 0x0, 0x0,

    /* U+5149 "光" */
    0x0, 0x7, 0x0, 0x0, 0x0, 0x38, 0x0, 0x0,
    0x1, 0xc0, 0x0, 0x30, 0xe, 0x1, 0x83, 0xc0,
    0x70, 0xe, 0xf, 0x3, 0x80, 0xe0, 0x3c, 0x1c,
    0xe, 0x0, 0xf0, 0xe0, 0xf0, 0x3, 0x87, 0xf,
    0x0, 0xe, 0x38, 0xf0, 0x0, 0x31, 0xc7, 0x0,
    0x0, 0xe, 0x0, 0x0, 0x0, 0x70, 0x0, 0x1f,
    0xff, 0xff, 0xf8, 0xff, 0xff, 0xff, 0xc0, 0x3,
    0xc, 0x0, 0x0, 0x38, 0x60, 0x0, 0x1, 0xc3,
    0x0, 0x0, 0xe, 0x18, 0x0, 0x0, 0x70, 0xc0,
    0x0, 0x3, 0x6, 0x0, 0x0, 0x38, 0x30, 0x10,
    0x3, 0xc1, 0x80, 0xe0, 0x3c, 0xc, 0x7, 0x3,
    0xc0, 0x60, 0x38, 0x7c, 0x3, 0x1, 0x8f, 0xc0,
    0x1f, 0xfd, 0xf8, 0x0, 0x7f, 0xc7, 0x0, 0x0,
    0x0, 0x0,

    /* U+5168 "全" */
    0x0, 0x1, 0x0, 0x0, 0x0, 0x7, 0x0, 0x0,
    0x0, 0x1e, 0x0, 0x0, 0x0, 0x3e, 0x0, 0x0,
    0x0, 0xfe, 0x0, 0x0, 0x3, 0x9e, 0x0, 0x0,
    0xf, 0x1e, 0x0, 0x0, 0x7c, 0x1f, 0x0, 0x1,
    0xe0, 0x1f, 0x0, 0xf, 0x80, 0xf, 0x80, 0x7e,
    0x0, 0xf, 0xe3, 0xff, 0xff, 0xff, 0xe7, 0xbf,
    0xff, 0xfb, 0xc0, 0x0, 0x70, 0x0, 0x0, 0x0,
    0xe0, 0x0, 0x0, 0x1, 0xc0, 0x0, 0x0, 0x3,
    0x80, 0x0, 0x0, 0x7, 0x0, 0x0, 0x7, 0xff,
    0xfc, 0x0, 0xf, 0xff, 0xf8, 0x0, 0x0, 0x38,
    0x0, 0x0, 0x0, 0x70, 0x0, 0x0, 0x0, 0xe0,
    0x0, 0x0, 0x1, 0xc0, 0x0, 0x0, 0x3, 0x80,
    0x0, 0x0, 0x7, 0x0, 0x0, 0xff, 0xff, 0xff,
    0xe1, 0xff, 0xff, 0xff, 0xc0,

    /* U+5173 "关" */
    0x0, 0x80, 0xc, 0x0, 0x7, 0x0, 0x38, 0x0,
    0xe, 0x0, 0xc0, 0x0, 0x1c, 0x7, 0x0, 0x0,
    0x70, 0x18, 0x0, 0x0, 0xe0, 0xe0, 0x0, 0x1,
    0x87, 0x0, 0x7, 0xff, 0xff, 0xfc, 0x1f, 0xff,
    0xff, 0xf0, 0x0, 0xc, 0x0, 0x0, 0x0, 0x30,
    0x0, 0x0, 0x0, 0xc0, 0x0, 0x0, 0x3, 0x0,
    0x0, 0x0, 0xc, 0x0, 0x0, 0x0, 0x30, 0x0,
    0x1f, 0xff, 0xff, 0xff, 0x7f, 0xff, 0xff, 0xfc,
    0x0, 0x1f, 0x80, 0x0, 0x0, 0xe7, 0x0, 0x0,
    0x3, 0x9c, 0x0, 0x0, 0x1c, 0x38, 0x0, 0x0,
    0xf0, 0xf0, 0x0, 0x7, 0x81, 0xe0, 0x0, 0x3c,
    0x3, 0xc0, 0x3, 0xe0, 0x7, 0x80, 0x1f, 0x0,
    0xf, 0x81, 0xf0, 0x0, 0x1f, 0x3f, 0x80, 0x0,
    0x1f, 0x78, 0x0, 0x0, 0x38,

    /* U+5185 "内" */
    0x0, 0x1c, 0x0, 0x0, 0xe, 0x0, 0x0, 0x7,
    0x0, 0x0, 0x3, 0x80, 0x0, 0x1, 0xc0, 0x0,
    0x0, 0xe0, 0x3, 0xff, 0xff, 0xff, 0xff, 0xff,
    0xff, 0xe0, 0x1c, 0x1, 0xf0, 0xe, 0x0, 0xf8,
    0x7, 0x0, 0x7c, 0x3, 0x80, 0x3e, 0x1, 0xc0,
    0x1f, 0x1, 0xf0, 0xf, 0x80, 0xfc, 0x7, 0xc0,
    0x7f, 0x3, 0xe0, 0x73, 0xc1, 0xf0, 0x78, 0xf0,
    0xf8, 0x38, 0x3c, 0x7c, 0x38, 0xe, 0x3e, 0x78,
    0x3, 0x9f, 0x78, 0x1, 0xef, 0xb8, 0x0, 0x47,
    0xc8, 0x0, 0x3, 0xe0, 0x0, 0x1, 0xf0, 0x0,
    0x0, 0xf8, 0x0, 0x0, 0x7c, 0x0, 0x0, 0x3e,
    0x0, 0x1, 0xff, 0x0, 0x0, 0xf8,

    /* U+51C6 "准" */
    0x0, 0x2, 0x3, 0x0, 0x0, 0xe, 0x7, 0x0,
    0x40, 0x1c, 0xe, 0x3, 0xc0, 0x70, 0x38, 0x1,
    0xc0, 0xe0, 0x70, 0x1, 0xc1, 0xc1, 0xe0, 0x3,
    0xc7, 0xff, 0xff, 0x3, 0x9f, 0xff, 0xfe, 0x0,
    0x3c, 0xe, 0x0, 0x0, 0xf8, 0x1c, 0x0, 0x3,
    0xf0, 0x38, 0x0, 0xf, 0xe0, 0x70, 0x0, 0x3d,
    0xff, 0xff, 0x0, 0x13, 0xff, 0xfe, 0x1, 0x87,
    0x3, 0x80, 0x3, 0xe, 0x7, 0x0, 0x6, 0x1c,
    0xe, 0x0, 0x1c, 0x38, 0x1c, 0x0, 0x38, 0x70,
    0x38, 0x0, 0x70, 0xff, 0xff, 0x81, 0xc1, 0xff,
    0xff, 0x3, 0x83, 0x81, 0xc0, 0x6, 0x7, 0x3,
    0x80, 0x1c, 0xe, 0x7, 0x0, 0x78, 0x1c, 0xe,
    0x0, 0xe0, 0x3f, 0xff, 0xff, 0x80, 0x7f, 0xff,
    0xf9, 0x0, 0xe0, 0x0, 0x0, 0x1, 0xc0, 0x0,
    0x0, 0x3, 0x80, 0x0, 0x0,

    /* U+51FA "出" */
    0x0, 0x1c, 0x0, 0x0, 0xe, 0x0, 0x0, 0x7,
    0x0, 0xe, 0x3, 0x80, 0xe7, 0x1, 0xc0, 0x73,
    0x80, 0xe0, 0x39, 0xc0, 0x70, 0x1c, 0xe0, 0x38,
    0xe, 0x70, 0x1c, 0x7, 0x38, 0xe, 0x3, 0x9c,
    0x7, 0x1, 0xce, 0x3, 0x80, 0xe7, 0xff, 0xff,
    0xf3, 0xff, 0xff, 0xf8, 0x0, 0x70, 0x0, 0x0,
    0x38, 0x0, 0x0, 0x1c, 0x0, 0x70, 0xe, 0x1,
    0xf8, 0x7, 0x0, 0xfc, 0x3, 0x80, 0x7e, 0x1,
    0xc0, 0x3f, 0x0, 0xe0, 0x1f, 0x80, 0x70, 0xf,
    0xc0, 0x38, 0x7, 0xe0, 0x1c, 0x3, 0xff, 0xff,
    0xff, 0xff, 0xff, 0xff, 0xfc, 0x0, 0x0, 0x7e,
    0x0, 0x0, 0x3f, 0x0, 0x0, 0x1c,

    /* U+5206 "分" */
    0x0, 0x0, 0x8, 0x0, 0x1, 0xc0, 0xe0, 0x0,
    0x7, 0x1, 0xc0, 0x0, 0x38, 0x7, 0x0, 0x0,
    0xe0, 0xe, 0x0, 0x7, 0x0, 0x38, 0x0, 0x38,
    0x0, 0x70, 0x1, 0xc0, 0x0, 0xe0, 0xf, 0x0,
    0x1, 0xe0, 0x70, 0x0, 0x3, 0xc7, 0x80, 0x0,
    0x7, 0xdc, 0xff, 0xff, 0xc6, 0x23, 0xff, 0xff,
    0x8, 0x0, 0x38, 0x1c, 0x0, 0x0, 0xe0, 0x70,
    0x0, 0x3, 0x1, 0xc0, 0x0, 0x1c, 0x7, 0x0,
    0x0, 0x70, 0x1c, 0x0, 0x1, 0x80, 0x70, 0x0,
    0xe, 0x1, 0xc0, 0x0, 0x70, 0x6, 0x0, 0x1,
    0xc0, 0x18, 0x0, 0xe, 0x0, 0xe0, 0x0, 0x70,
    0x3, 0x80, 0x7, 0x86, 0xc, 0x0, 0x7c, 0x1f,
    0xf0, 0x7, 0xe0, 0x3f, 0x80, 0xc, 0x0, 0x0,
    0x0,

    /* U+5220 "删" */
    0x0, 0x0, 0x0, 0x18, 0x0, 0x0, 0x0, 0xcf,
    0xf3, 0xfc, 0x6, 0x7f, 0x9f, 0xe0, 0x33, 0x9c,
    0xe7, 0x1, 0x9c, 0xe7, 0x39, 0xcc, 0xe7, 0x39,
    0xce, 0x67, 0x39, 0xce, 0x73, 0x39, 0xce, 0x73,
    0x99, 0xce, 0x73, 0x9c, 0xce, 0x73, 0x9c, 0xe6,
    0x73, 0x9c, 0xe7, 0x37, 0xff, 0xff, 0xb9, 0xbf,
    0xff, 0xfd, 0xcd, 0xff, 0xff, 0xee, 0x67, 0x39,
    0xce, 0x73, 0x39, 0xce, 0x73, 0x99, 0xce, 0x73,
    0x9c, 0xce, 0x73, 0x9c, 0xe6, 0x73, 0x9c, 0xe7,
    0x33, 0x9c, 0xe7, 0x39, 0x9c, 0xe7, 0x39, 0xcc,
    0xe7, 0x31, 0xce, 0x67, 0x39, 0x8e, 0x3, 0x31,
    0xdc, 0x70, 0x1b, 0x8e, 0xe3, 0x80, 0xdc, 0x76,
    0x1c, 0x6, 0xcf, 0xf4, 0xe0, 0x3e, 0x7b, 0x9e,
    0x1f, 0xe0, 0x8, 0xe0, 0x78,

    /* U+5236 "制" */
    0x0, 0x70, 0x0, 0x38, 0x43, 0x80, 0x1, 0xc3,
    0x9c, 0x0, 0xe, 0x1c, 0xe0, 0x0, 0x71, 0xc7,
    0x0, 0x73, 0x8f, 0xff, 0xe3, 0x9c, 0xff, 0xff,
    0x1c, 0xe7, 0xe, 0x0, 0xe7, 0x70, 0x70, 0x7,
    0x3b, 0x83, 0x80, 0x39, 0xc0, 0x1c, 0x1, 0xcf,
    0xff, 0xff, 0xee, 0x7f, 0xff, 0xff, 0x73, 0x80,
    0x38, 0x3, 0x9c, 0x1, 0xc0, 0x1c, 0xe0, 0xe,
    0x0, 0xe7, 0x0, 0x70, 0x7, 0x39, 0xff, 0xff,
    0x39, 0xcf, 0xff, 0xf9, 0xce, 0x70, 0xe1, 0xce,
    0x73, 0x87, 0xe, 0x73, 0x9c, 0x38, 0x73, 0x9c,
    0xe1, 0xc3, 0x9c, 0xe7, 0xe, 0x1c, 0x7, 0x38,
    0x77, 0xe0, 0x39, 0xc3, 0xbe, 0x1, 0xce, 0x1c,
    0x0, 0xe, 0x0, 0xe0, 0x0, 0x70, 0x7, 0x0,
    0x3f, 0x80, 0x38, 0x1, 0xf8,

    /* U+524D "前" */
    0x3, 0x0, 0xc, 0x0, 0x3c, 0x0, 0xe0, 0x0,
    0xf0, 0x7, 0x0, 0x3, 0xc0, 0x70, 0x0, 0xe,
    0x7, 0x80, 0x7f, 0xff, 0xff, 0xff, 0xff, 0xff,
    0xff, 0xe0, 0x0, 0x0, 0x0, 0x0, 0x0, 0x0,
    0x0, 0x0, 0x0, 0xe, 0x7, 0xff, 0x80, 0x70,
    0x3f, 0xfc, 0x63, 0x81, 0xc0, 0xe3, 0x1c, 0xe,
    0x7, 0x18, 0xe0, 0x70, 0x38, 0xc7, 0x3, 0xff,
    0xc6, 0x38, 0x1f, 0xfe, 0x31, 0xc0, 0xe0, 0x71,
    0x8e, 0x7, 0x3, 0x8c, 0x70, 0x38, 0x1c, 0x63,
    0x81, 0xff, 0xe3, 0x1c, 0xf, 0xff, 0x18, 0xe0,
    0x7f, 0xf8, 0xc7, 0x3, 0x81, 0xc6, 0x38, 0x1c,
    0xe, 0x1, 0xc0, 0xe0, 0x70, 0xe, 0x7, 0x3,
    0x80, 0x70, 0x38, 0x1c, 0x3, 0x81, 0xcf, 0xc1,
    0xfc, 0x0, 0x7c, 0x7, 0xc0,

    /* U+52A8 "动" */
    0x0, 0x0, 0x1c, 0x0, 0x0, 0x1, 0xc0, 0x0,
    0x0, 0x1c, 0x0, 0x0, 0x1, 0xc0, 0x7f, 0xfc,
    0x1c, 0x7, 0xff, 0xc1, 0xc0, 0x0, 0x0, 0x1c,
    0x0, 0x0, 0x1, 0xc0, 0x0, 0x1, 0xff, 0xf0,
    0x0, 0x1f, 0xff, 0x0, 0x1, 0xff, 0xff, 0xff,
    0xe1, 0xc7, 0xff, 0xfe, 0x1c, 0x70, 0x38, 0x1,
    0xc7, 0x3, 0x0, 0x1c, 0x70, 0x70, 0x1, 0xc7,
    0x7, 0x0, 0x1c, 0x70, 0x60, 0x1, 0xc7, 0xe,
    0x10, 0x38, 0x70, 0xc3, 0x83, 0x87, 0x1c, 0x1c,
    0x38, 0x63, 0x81, 0xc7, 0x8e, 0x39, 0xfe, 0x70,
    0xe7, 0xff, 0xef, 0xe, 0xff, 0xc7, 0xe0, 0xe7,
    0xe0, 0x3e, 0xe, 0x30, 0x3, 0xc0, 0xe0, 0x0,
    0x78, 0xe, 0x0, 0xf, 0x1, 0xc0, 0x3, 0xe0,
    0xfc, 0x0, 0x1c, 0xf, 0x80, 0x0, 0x0, 0x0,

    /* U+5316 "化" */
    0x0, 0x20, 0x0, 0x0, 0x0, 0xe3, 0x80, 0x0,
    0x1, 0xc7, 0x0, 0x0, 0x7, 0xe, 0x0, 0x0,
    0xe, 0x1c, 0x0, 0x0, 0x1c, 0x38, 0x6, 0x0,
    0x70, 0x70, 0x1e, 0x0, 0xe0, 0xe0, 0x38, 0x3,
    0x81, 0xc0, 0xe0, 0x7, 0x3, 0x83, 0x80, 0x1e,
    0x7, 0xe, 0x0, 0x7c, 0xe, 0x78, 0x1, 0xf8,
    0x1d, 0xe0, 0x3, 0xf0, 0x3f, 0x80, 0xe, 0xe0,
    0x7e, 0x0, 0x79, 0xc0, 0xf0, 0x0, 0x63, 0x81,
    0xc0, 0x0, 0x7, 0x3, 0x80, 0x0, 0xe, 0x7,
    0x0, 0x0, 0x1c, 0xe, 0x0, 0x0, 0x38, 0x1c,
    0x0, 0x0, 0x70, 0x38, 0x1, 0xc0, 0xe0, 0x70,
    0x3, 0x81, 0xc0, 0xe0, 0x7, 0x3, 0x81, 0xc0,
    0xc, 0x7, 0x3, 0x80, 0x18, 0xe, 0x7, 0x0,
    0x70, 0x1c, 0x7, 0xff, 0xc0, 0x38, 0x7, 0xff,
    0x0, 0x70, 0x0, 0x0, 0x0,

    /* U+5361 "卡" */
    0x0, 0x1c, 0x0, 0x0, 0x0, 0xe0, 0x0, 0x0,
    0x7, 0x0, 0x0, 0x0, 0x38, 0x0, 0x0, 0x1,
    0xc0, 0x0, 0x0, 0xf, 0xff, 0xe0, 0x0, 0x7f,
    0xff, 0x0, 0x3, 0x80, 0x0, 0x0, 0x1c, 0x0,
    0x0, 0x0, 0xe0, 0x0, 0x0, 0x7, 0x0, 0x0,
    0x0, 0x38, 0x0, 0x0, 0x1, 0xc0, 0x0, 0x7f,
    0xff, 0xff, 0xff, 0xff, 0xff, 0xff, 0xe0, 0x3,
    0x80, 0x0, 0x0, 0x1c, 0x0, 0x0, 0x0, 0xe7,
    0x0, 0x0, 0x7, 0x7e, 0x0, 0x0, 0x38, 0x7c,
    0x0, 0x1, 0xc0, 0xf0, 0x0, 0xe, 0x3, 0xc0,
    0x0, 0x70, 0xe, 0x0, 0x3, 0x80, 0x0, 0x0,
    0x1c, 0x0, 0x0, 0x0, 0xe0, 0x0, 0x0, 0x7,
    0x0, 0x0, 0x0, 0x38, 0x0, 0x0, 0x1, 0xc0,
    0x0, 0x0, 0xe, 0x0, 0x0,

    /* U+5370 "印" */
    0x0, 0x30, 0x0, 0x0, 0x7c, 0x0, 0x1, 0xf9,
    0xff, 0xff, 0xf0, 0xff, 0xff, 0xe0, 0x70, 0x3f,
    0x0, 0x38, 0x1f, 0x80, 0x1c, 0xf, 0xc0, 0xe,
    0x7, 0xe0, 0x7, 0x3, 0xf0, 0x3, 0x81, 0xf8,
    0x1, 0xc0, 0xfc, 0x0, 0xe0, 0x7f, 0xfe, 0x70,
    0x3f, 0xff, 0x38, 0x1f, 0x80, 0x1c, 0xf, 0xc0,
    0xe, 0x7, 0xe0, 0x7, 0x3, 0xf0, 0x3, 0x81,
    0xf8, 0x1, 0xc0, 0xfc, 0x0, 0xe0, 0x7e, 0x0,
    0x70, 0x3f, 0x0, 0x38, 0x1f, 0xff, 0x9c, 0xf,
    0xff, 0xce, 0x7f, 0xe0, 0x7, 0x3f, 0x70, 0x3,
    0x80, 0x0, 0x1, 0xc0, 0x0, 0x0, 0xe0, 0x0,
    0x0, 0x70, 0x0, 0x0, 0x38, 0x0,

    /* U+5382 "厂" */
    0xf, 0xff, 0xff, 0xfc, 0x3f, 0xff, 0xff, 0xf0,
    0xe0, 0x0, 0x0, 0x3, 0x80, 0x0, 0x0, 0xe,
    0x0, 0x0, 0x0, 0x38, 0x0, 0x0, 0x0, 0xe0,
    0x0, 0x0, 0x3, 0x80, 0x0, 0x0, 0xe, 0x0,
    0x0, 0x0, 0x38, 0x0, 0x0, 0x0, 0xe0, 0x0,
    0x0, 0x3, 0x80, 0x0, 0x0, 0xe, 0x0, 0x0,
    0x0, 0x38, 0x0, 0x0, 0x0, 0xe0, 0x0, 0x0,
    0x3, 0x80, 0x0, 0x0, 0xe, 0x0, 0x0, 0x0,
    0x38, 0x0, 0x0, 0x1, 0xc0, 0x0, 0x0, 0x7,
    0x0, 0x0, 0x0, 0x1c, 0x0, 0x0, 0x0, 0x70,
    0x0, 0x0, 0x3, 0xc0, 0x0, 0x0, 0xe, 0x0,
    0x0, 0x0, 0x38, 0x0, 0x0, 0x1, 0xc0, 0x0,
    0x0, 0xf, 0x0, 0x0, 0x0, 0x18, 0x0, 0x0,
    0x0,

    /* U+53D6 "取" */
    0xff, 0xff, 0xc0, 0x3, 0xff, 0xff, 0x0, 0x1,
    0xc0, 0xe0, 0x0, 0x7, 0x3, 0xbf, 0xfc, 0x1c,
    0xe, 0xff, 0xf0, 0x70, 0x39, 0xc1, 0xc1, 0xff,
    0xe7, 0x7, 0x7, 0xff, 0x9c, 0x1c, 0x1c, 0xe,
    0x70, 0x70, 0x70, 0x39, 0xc1, 0x81, 0xc0, 0xe3,
    0xe, 0x7, 0x3, 0x8e, 0x38, 0x1c, 0xe, 0x38,
    0xe0, 0x7f, 0xf8, 0xe3, 0x1, 0xff, 0xe1, 0xdc,
    0x7, 0x3, 0x87, 0x70, 0x1c, 0xe, 0xf, 0x80,
    0x70, 0x38, 0x3e, 0x1, 0xc0, 0xe0, 0x70, 0x7,
    0x7, 0x81, 0xc0, 0x1f, 0xfe, 0xf, 0x80, 0xff,
    0xf8, 0x7f, 0xf, 0xf8, 0xe3, 0xde, 0x1e, 0x3,
    0x9e, 0x3c, 0x0, 0xe, 0xf0, 0x78, 0x0, 0x3f,
    0x80, 0xf0, 0x0, 0xec, 0x0, 0x80, 0x3, 0x80,
    0x0,

    /* U+540D "名" */
    0x0, 0x1, 0x0, 0x0, 0x0, 0xe0, 0x0, 0x0,
    0x70, 0x0, 0x0, 0x3c, 0x0, 0x0, 0x1f, 0xff,
    0xc0, 0x1f, 0xff, 0xf0, 0xf, 0x0, 0x3c, 0xf,
    0x80, 0x1e, 0xf, 0xc0, 0xf, 0x1f, 0xc6, 0x7,
    0x83, 0xc3, 0xc3, 0xc0, 0x40, 0x79, 0xe0, 0x0,
    0x7, 0xf0, 0x0, 0x1, 0xf8, 0x0, 0x3, 0xf8,
    0x0, 0x7, 0xf8, 0x0, 0x1f, 0xf8, 0x0, 0x3f,
    0xff, 0xff, 0xf3, 0x8f, 0xff, 0xfc, 0x3, 0x80,
    0x7, 0x0, 0xe0, 0x1, 0xc0, 0x38, 0x0, 0x70,
    0xe, 0x0, 0x1c, 0x3, 0x80, 0x7, 0x0, 0xe0,
    0x1, 0xc0, 0x38, 0x0, 0x70, 0xf, 0xff, 0xfc,
    0x3, 0xff, 0xff, 0x0, 0xe0, 0x1, 0xc0, 0x38,
    0x0, 0x70,

    /* U+540E "后" */
    0x0, 0x0, 0x0, 0x30, 0x0, 0x0, 0x3, 0xf0,
    0x0, 0x0, 0x7f, 0xc0, 0x0, 0x3f, 0xfc, 0x0,
    0x7f, 0xff, 0xc0, 0x0, 0xff, 0xe0, 0x0, 0x1,
    0xc0, 0x0, 0x0, 0x3, 0x80, 0x0, 0x0, 0x7,
    0x0, 0x0, 0x0, 0xe, 0x0, 0x0, 0x0, 0x1f,
    0xff, 0xff, 0xf8, 0x3f, 0xff, 0xff, 0xf0, 0x70,
    0x0, 0x0, 0x0, 0xe0, 0x0, 0x0, 0x1, 0xc0,
    0x0, 0x0, 0x3, 0x80, 0x0, 0x0, 0x7, 0x0,
    0x0, 0x0, 0xe, 0x7f, 0xff, 0xe0, 0x1c, 0xff,
    0xff, 0xc0, 0x39, 0xc0, 0x3, 0x80, 0x73, 0x80,
    0x7, 0x0, 0xe7, 0x0, 0xe, 0x3, 0x8e, 0x0,
    0x1c, 0x7, 0x1c, 0x0, 0x38, 0xe, 0x38, 0x0,
    0x70, 0x38, 0x70, 0x0, 0xe0, 0xf0, 0xff, 0xff,
    0xc1, 0xc1, 0xff, 0xff, 0x87, 0x83, 0x80, 0x7,
    0xe, 0x7, 0x0, 0xe, 0x8, 0xe, 0x0, 0x1c,
    0x0,

    /* U+5426 "否" */
    0x7f, 0xff, 0xff, 0xf9, 0xff, 0xff, 0xff, 0xe0,
    0x0, 0x38, 0x0, 0x0, 0x1, 0xc0, 0x0, 0x0,
    0xf, 0x0, 0x0, 0x0, 0x7c, 0xe0, 0x0, 0x3,
    0xf3, 0xc0, 0x0, 0x1e, 0xc7, 0xc0, 0x1, 0xf3,
    0x7, 0x80, 0xf, 0x8c, 0xf, 0x80, 0xfc, 0x30,
    0x1f, 0xf, 0xc0, 0xc0, 0x1e, 0xfe, 0x3, 0x0,
    0x3f, 0xe0, 0xc, 0x0, 0x76, 0x0, 0x0, 0x0,
    0x81, 0xff, 0xff, 0xe0, 0x7, 0xff, 0xff, 0x80,
    0x1c, 0x0, 0xe, 0x0, 0x70, 0x0, 0x38, 0x1,
    0xc0, 0x0, 0xe0, 0x7, 0x0, 0x3, 0x80, 0x1c,
    0x0, 0xe, 0x0, 0x70, 0x0, 0x38, 0x1, 0xc0,
    0x0, 0xe0, 0x7, 0xff, 0xff, 0x80, 0x1f, 0xff,
    0xfe, 0x0, 0x70, 0x0, 0x38, 0x1, 0xc0, 0x0,
    0xe0,

    /* U+54C1 "品" */
    0xf, 0xff, 0xfe, 0x1, 0xff, 0xff, 0xc0, 0x30,
    0x0, 0x18, 0x6, 0x0, 0x3, 0x0, 0xc0, 0x0,
    0x60, 0x18, 0x0, 0xc, 0x3, 0x0, 0x1, 0x80,
    0x60, 0x0, 0x30, 0xc, 0x0, 0x6, 0x1, 0xff,
    0xff, 0xc0, 0x3f, 0xff, 0xf8, 0x0, 0x0, 0x0,
    0x0, 0x0, 0x0, 0x0, 0x0, 0x0, 0x0, 0x3f,
    0xfc, 0xff, 0xff, 0xff, 0x9f, 0xff, 0xe0, 0x73,
    0x80, 0xfc, 0xe, 0x70, 0x1f, 0x81, 0xce, 0x3,
    0xf0, 0x39, 0xc0, 0x7e, 0x7, 0x38, 0xf, 0xc0,
    0xe7, 0x1, 0xf8, 0x1c, 0xe0, 0x3f, 0x3, 0x9c,
    0x7, 0xff, 0xf3, 0xff, 0xff, 0xfe, 0x7f, 0xff,
    0x81, 0xce, 0x3, 0xf0, 0x39, 0xc0, 0x7e, 0x7,
    0x38, 0xe,

    /* U+5546 "商" */
    0x0, 0x3, 0x0, 0x0, 0x0, 0xc, 0x0, 0x0,
    0x0, 0x30, 0x0, 0x3f, 0xff, 0xff, 0xff, 0xff,
    0xff, 0xff, 0xfc, 0x1, 0x0, 0x20, 0x0, 0x1e,
    0x1, 0xc0, 0x0, 0x3c, 0x7, 0x0, 0x0, 0x70,
    0x3c, 0x0, 0x0, 0xe0, 0xe0, 0x3, 0xff, 0xff,
    0xfe, 0xf, 0xff, 0xff, 0xf8, 0x38, 0x38, 0x60,
    0x60, 0xe0, 0xc1, 0x81, 0x83, 0x87, 0x6, 0x1e,
    0xe, 0x38, 0x1f, 0xf8, 0x3b, 0xc0, 0x7f, 0x60,
    0xec, 0x0, 0x1, 0x83, 0x87, 0xff, 0x86, 0xe,
    0x1f, 0xfe, 0x18, 0x38, 0x70, 0x38, 0x60, 0xe1,
    0xc0, 0xe1, 0x83, 0x87, 0x3, 0x86, 0xe, 0x1c,
    0xe, 0x18, 0x38, 0x7f, 0xf8, 0x60, 0xe1, 0xff,
    0xe1, 0x83, 0x80, 0x0, 0x6, 0xe, 0x0, 0x1,
    0xf8, 0x38, 0x0, 0x7, 0xe0, 0xe0, 0x0, 0xf,
    0x0,

    /* U+56DE "回" */
    0xff, 0xff, 0xff, 0xff, 0xff, 0xff, 0xfe, 0x0,
    0x0, 0x1f, 0x80, 0x0, 0x7, 0xe0, 0x0, 0x1,
    0xf8, 0x0, 0x0, 0x7e, 0x3f, 0xfe, 0x1f, 0x8f,
    0xff, 0x87, 0xe3, 0x80, 0xe1, 0xf8, 0xe0, 0x38,
    0x7e, 0x38, 0xe, 0x1f, 0x8e, 0x3, 0x87, 0xe3,
    0x80, 0xe1, 0xf8, 0xe0, 0x38, 0x7e, 0x38, 0xe,
    0x1f, 0x8f, 0xff, 0x87, 0xe3, 0xff, 0xe1, 0xf8,
    0x0, 0x0, 0x7e, 0x0, 0x0, 0x1f, 0x80, 0x0,
    0x7, 0xe0, 0x0, 0x1, 0xff, 0xff, 0xff, 0xff,
    0xff, 0xff, 0xff, 0x80, 0x0, 0x7, 0xe0, 0x0,
    0x1, 0xf8, 0x0, 0x0, 0x70,

    /* U+5728 "在" */
    0x0, 0xc, 0x0, 0x0, 0x0, 0x70, 0x0, 0x0,
    0x1, 0xc0, 0x0, 0x0, 0x6, 0x0, 0x0, 0x0,
    0x38, 0x0, 0x0, 0xff, 0xff, 0xff, 0xe3, 0xff,
    0xff, 0xff, 0x80, 0x1c, 0x0, 0x0, 0x0, 0xe0,
    0x0, 0x0, 0x3, 0x80, 0xe0, 0x0, 0x1c, 0x3,
    0x80, 0x0, 0xf0, 0xe, 0x0, 0x7, 0x80, 0x38,
    0x0, 0x1e, 0x0, 0xe0, 0x0, 0xf8, 0x3, 0x80,
    0x7, 0xe7, 0xff, 0xfc, 0x3d, 0x9f, 0xff, 0xf3,
    0xe6, 0x0, 0xe0, 0x7, 0x18, 0x3, 0x80, 0x8,
    0x60, 0xe, 0x0, 0x1, 0x80, 0x38, 0x0, 0x6,
    0x0, 0xe0, 0x0, 0x18, 0x3, 0x80, 0x0, 0x60,
    0xe, 0x0, 0x1, 0x80, 0x38, 0x0, 0x6, 0x0,
    0xe0, 0x0, 0x1b, 0xff, 0xff, 0xc0, 0x6f, 0xff,
    0xff, 0x1, 0x80, 0x0, 0x0, 0x6, 0x0, 0x0,
    0x0,

    /* U+58F0 "声" */
    0x0, 0x3, 0x80, 0x0, 0x0, 0xe, 0x0, 0x0,
    0x0, 0x38, 0x0, 0x1f, 0xff, 0xff, 0xff, 0x7f,
    0xff, 0xff, 0xfc, 0x0, 0xe, 0x0, 0x0, 0x0,
    0x38, 0x0, 0x0, 0x0, 0xe0, 0x0, 0xf, 0xff,
    0xff, 0xf0, 0x3f, 0xff, 0xff, 0xc0, 0x0, 0x0,
    0x0, 0x0, 0x0, 0x0, 0x0, 0x7, 0xff, 0xff,
    0xe0, 0x1f, 0xff, 0xff, 0x80, 0x70, 0x1c, 0xe,
    0x1, 0xc0, 0x70, 0x38, 0x7, 0x1, 0xc0, 0xe0,
    0x1c, 0x7, 0x3, 0x80, 0x7f, 0xff, 0xfe, 0x1,
    0xff, 0xff, 0xf8, 0x7, 0x0, 0x0, 0x0, 0x1c,
    0x0, 0x0, 0x0, 0x70, 0x0, 0x0, 0x3, 0x80,
    0x0, 0x0, 0xe, 0x0, 0x0, 0x0, 0x70, 0x0,
    0x0, 0x3, 0xc0, 0x0, 0x0, 0x3e, 0x0, 0x0,
    0x0, 0x70, 0x0, 0x0, 0x0, 0x0, 0x0, 0x0,
    0x0,

    /* U+5907 "备" */
    0x0, 0x30, 0x0, 0x0, 0x0, 0xe0, 0x0, 0x0,
    0x1, 0xff, 0xfe, 0x0, 0x7, 0xff, 0xfc, 0x0,
    0x1e, 0x0, 0x78, 0x0, 0x7c, 0x1, 0xe0, 0x1,
    0xfc, 0x3, 0x80, 0x7, 0x9c, 0xe, 0x0, 0x3e,
    0x1c, 0x3c, 0x0, 0xf8, 0x3c, 0xf0, 0x0, 0xc0,
    0x3f, 0x80, 0x0, 0x0, 0x1e, 0x0, 0x0, 0x0,
    0xff, 0x0, 0x0, 0x7, 0xdf, 0x80, 0x0, 0xff,
    0xf, 0xe0, 0x1f, 0xf8, 0x7, 0xfe, 0x7f, 0xff,
    0xff, 0xfc, 0xc7, 0xff, 0xff, 0x8, 0xe, 0xe,
    0xe, 0x0, 0x1c, 0x1c, 0x1c, 0x0, 0x38, 0x38,
    0x38, 0x0, 0x7f, 0xff, 0xf0, 0x0, 0xff, 0xff,
    0xe0, 0x1, 0xc1, 0xc1, 0xc0, 0x3, 0x83, 0x83,
    0x80, 0x7, 0x7, 0x7, 0x0, 0xf, 0xff, 0xfe,
    0x0, 0x1f, 0xff, 0xfc, 0x0, 0x38, 0x0, 0x38,
    0x0, 0x70, 0x0, 0x70, 0x0,

    /* U+590D "复" */
    0x0, 0x60, 0x0, 0x0, 0x0, 0xe0, 0x0, 0x0,
    0x0, 0xe0, 0x0, 0x0, 0x1, 0xff, 0xff, 0xf8,
    0x1, 0xff, 0xff, 0xf8, 0x3, 0x80, 0x0, 0x0,
    0x3, 0x80, 0x0, 0x0, 0x7, 0xff, 0xff, 0xc0,
    0xf, 0xff, 0xff, 0xc0, 0x3d, 0xc0, 0x1, 0xc0,
    0x79, 0xc0, 0x1, 0xc0, 0x71, 0xff, 0xff, 0xc0,
    0x1, 0xff, 0xff, 0xc0, 0x1, 0xc0, 0x1, 0xc0,
    0x1, 0xc0, 0x1, 0xc0, 0x1, 0xff, 0xff, 0xc0,
    0x1, 0xff, 0xff, 0xc0, 0x0, 0x1c, 0x0, 0x0,
    0x0, 0x38, 0x0, 0x0, 0x0, 0x7f, 0xff, 0xc0,
    0x0, 0xff, 0xff, 0xc0, 0x1, 0xf8, 0x7, 0xc0,
    0x7, 0xfc, 0xf, 0x80, 0xf, 0x9e, 0x1f, 0x0,
    0x6, 0xf, 0xfc, 0x0, 0x0, 0x7, 0xf8, 0x0,
    0x0, 0x7, 0xf8, 0x0, 0x0, 0x7f, 0xff, 0x0,
    0x7f, 0xff, 0x3f, 0xfe, 0x3f, 0xe0, 0x0, 0xfe,

    /* U+5927 "大" */
    0x0, 0x4, 0x0, 0x0, 0x0, 0x1c, 0x0, 0x0,
    0x0, 0x70, 0x0, 0x0, 0x1, 0xc0, 0x0, 0x0,
    0x7, 0x0, 0x0, 0x0, 0x1c, 0x0, 0x0, 0x0,
    0x70, 0x0, 0x0, 0x1, 0xc0, 0x0, 0x0, 0x7,
    0x0, 0x0, 0xff, 0xff, 0xff, 0xc3, 0xff, 0xff,
    0xff, 0x0, 0x3, 0xf0, 0x0, 0x0, 0xe, 0xc0,
    0x0, 0x0, 0x3b, 0x0, 0x0, 0x0, 0xce, 0x0,
    0x0, 0x7, 0x38, 0x0, 0x0, 0x1c, 0x60, 0x0,
    0x0, 0xe1, 0xc0, 0x0, 0x3, 0x87, 0x0, 0x0,
    0x1e, 0xe, 0x0, 0x0, 0x70, 0x38, 0x0, 0x3,
    0x80, 0x70, 0x0, 0x1e, 0x1, 0xe0, 0x0, 0xf0,
    0x3, 0xc0, 0x7, 0x80, 0x7, 0x80, 0x7c, 0x0,
    0xf, 0x3, 0xe0, 0x0, 0x1f, 0x1f, 0x0, 0x0,
    0x3e, 0x70, 0x0, 0x0, 0x38, 0x0, 0x0, 0x0,
    0x40,

    /* U+5B58 "存" */
    0x0, 0x20, 0x0, 0x0, 0x0, 0xe0, 0x0, 0x0,
    0x3, 0x80, 0x0, 0x0, 0xc, 0x0, 0x0, 0x0,
    0x70, 0x0, 0x0, 0xff, 0xff, 0xff, 0xe3, 0xff,
    0xff, 0xff, 0x80, 0x38, 0x0, 0x0, 0x1, 0xc0,
    0x0, 0x0, 0x7, 0x0, 0x0, 0x0, 0x38, 0x0,
    0x0, 0x0, 0xe3, 0xff, 0xf8, 0x7, 0x8f, 0xff,
    0xe0, 0x3e, 0x0, 0xf, 0x0, 0xf8, 0x0, 0x78,
    0x7, 0xe0, 0x3, 0xc0, 0x3f, 0x80, 0x3e, 0x1,
    0xee, 0x0, 0xe0, 0xf, 0x38, 0x3, 0x80, 0x38,
    0xef, 0xff, 0xff, 0x3, 0xbf, 0xff, 0xfc, 0xe,
    0x0, 0xe0, 0x0, 0x38, 0x3, 0x80, 0x0, 0xe0,
    0xe, 0x0, 0x3, 0x80, 0x38, 0x0, 0xe, 0x0,
    0xe0, 0x0, 0x38, 0x3, 0x80, 0x0, 0xe0, 0xe,
    0x0, 0x3, 0x80, 0x38, 0x0, 0xe, 0xf, 0xe0,
    0x0, 0x38, 0x1e, 0x0, 0x0,

    /* U+5B8C "完" */
    0x0, 0x3, 0x80, 0x0, 0x0, 0x7, 0x0, 0x0,
    0x0, 0xe, 0x0, 0x0, 0x0, 0x1c, 0x0, 0x3,
    0xff, 0xff, 0xff, 0x87, 0xff, 0xff, 0xff, 0xe,
    0x0, 0x0, 0xe, 0x1c, 0x0, 0x0, 0x1c, 0x38,
    0x0, 0x0, 0x38, 0x70, 0x0, 0x0, 0x70, 0x7,
    0xff, 0xfc, 0x0, 0xf, 0xff, 0xf8, 0x0, 0x0,
    0x0, 0x0, 0x0, 0x0, 0x0, 0x0, 0x0, 0x0,
    0x0, 0x0, 0x0, 0x0, 0x0, 0x0, 0x1f, 0xff,
    0xff, 0xf0, 0x3f, 0xff, 0xff, 0xe0, 0x0, 0x61,
    0xc0, 0x0, 0x0, 0xc3, 0x80, 0x0, 0x1, 0x87,
    0x0, 0x0, 0x7, 0xe, 0x0, 0x0, 0xe, 0x1c,
    0x0, 0x0, 0x38, 0x38, 0x6, 0x0, 0x70, 0x70,
    0xc, 0x1, 0xc0, 0xe0, 0x18, 0x7, 0x1, 0xc0,
    0x30, 0x3c, 0x3, 0x80, 0xe7, 0xf0, 0x3, 0xff,
    0x8f, 0x80, 0x7, 0xff, 0x8, 0x0, 0x0, 0x0,
    0x0,

    /* U+5B9A "定" */
    0x0, 0x1, 0x80, 0x0, 0x0, 0x3, 0x0, 0x0,
    0x0, 0x6, 0x0, 0x0, 0x0, 0xc, 0x0, 0x3,
    0xff, 0xff, 0xff, 0xc7, 0xff, 0xff, 0xff, 0x8e,
    0x0, 0x0, 0x7, 0x1c, 0x0, 0x0, 0xe, 0x38,
    0x0, 0x0, 0x1c, 0x70, 0x0, 0x0, 0x38, 0xf,
    0xff, 0xff, 0x0, 0x1f, 0xff, 0xfe, 0x0, 0x0,
    0x18, 0x0, 0x0, 0x0, 0x30, 0x0, 0x0, 0x0,
    0x60, 0x0, 0x0, 0xc0, 0xc0, 0x0, 0x1, 0x81,
    0x80, 0x0, 0x7, 0x3, 0x0, 0x0, 0xe, 0x7,
    0xff, 0xc0, 0x1c, 0xf, 0xff, 0x80, 0x38, 0x18,
    0x0, 0x0, 0x70, 0x30, 0x0, 0x1, 0xf0, 0x60,
    0x0, 0x3, 0xf0, 0xc0, 0x0, 0xe, 0xf1, 0x80,
    0x0, 0x3c, 0xff, 0x0, 0x0, 0x70, 0xff, 0xff,
    0xfb, 0xc0, 0x7f, 0xff, 0xff, 0x0, 0x1f, 0xff,
    0xcc, 0x0, 0x0, 0x0, 0x0, 0x0, 0x0, 0x0,
    0x0,

    /* U+5BB9 "容" */
    0x0, 0x3, 0x80, 0x0, 0x0, 0x7, 0x0, 0x0,
    0x0, 0xe, 0x0, 0x1, 0xff, 0xff, 0xff, 0xc3,
    0xff, 0xff, 0xff, 0x87, 0x0, 0x0, 0x7, 0xe,
    0x8, 0x6, 0xe, 0x1c, 0x18, 0x1e, 0x1c, 0x38,
    0xf1, 0x1f, 0x38, 0x3, 0xc3, 0x8f, 0x0, 0xf,
    0xe, 0xf, 0x0, 0x7c, 0x3e, 0xf, 0x3, 0xf0,
    0xfe, 0xf, 0x3, 0x83, 0xde, 0xc, 0x2, 0xf,
    0x1e, 0x0, 0x0, 0x7c, 0x1f, 0x0, 0x1, 0xf0,
    0x1f, 0x80, 0xf, 0xc0, 0x1f, 0xc0, 0x7f, 0x0,
    0x1f, 0xe3, 0xff, 0xff, 0xff, 0xff, 0x9f, 0xff,
    0xf3, 0xcc, 0x38, 0x0, 0xe0, 0x80, 0x70, 0x1,
    0xc0, 0x0, 0xe0, 0x3, 0x80, 0x1, 0xc0, 0x7,
    0x0, 0x3, 0x80, 0xe, 0x0, 0x7, 0xff, 0xfc,
    0x0, 0xf, 0xff, 0xf8, 0x0, 0x1c, 0x0, 0x70,
    0x0, 0x38, 0x0, 0xe0, 0x0,

    /* U+5BC6 "密" */
    0x0, 0x7, 0x0, 0x0, 0x0, 0x1c, 0x0, 0x0,
    0x0, 0x70, 0x0, 0x1f, 0xff, 0xff, 0xfe, 0x7f,
    0xff, 0xff, 0xf9, 0xc0, 0x0, 0x0, 0xe7, 0x1,
    0xc0, 0x3, 0x9c, 0xf, 0xc1, 0x8e, 0x70, 0xf,
    0x8f, 0x39, 0xd0, 0xe, 0x78, 0xe0, 0x7e, 0x13,
    0xc0, 0x3, 0xb8, 0x1e, 0x70, 0xe, 0xe1, 0xf3,
    0xe0, 0x73, 0x8f, 0x3, 0x87, 0x8e, 0xf8, 0xc7,
    0x3c, 0x3f, 0xc3, 0xe, 0x20, 0xfc, 0xc, 0x38,
    0xf, 0xc0, 0x60, 0x71, 0xff, 0xff, 0x81, 0x3f,
    0x8f, 0xfc, 0x0, 0xf8, 0x7, 0x0, 0x1, 0x0,
    0x1c, 0x0, 0x0, 0xc0, 0x70, 0x1c, 0x3, 0x1,
    0xc0, 0x70, 0xc, 0x7, 0x1, 0xc0, 0x30, 0x1c,
    0x7, 0x0, 0xff, 0xff, 0xfc, 0x3, 0xff, 0xff,
    0xf0, 0xc, 0x0, 0x1, 0xc0, 0x30, 0x0, 0x7,
    0x0,

    /* U+5C4F "屏" */
    0x1f, 0xff, 0xff, 0xf0, 0xff, 0xff, 0xff, 0x87,
    0x0, 0x0, 0x1c, 0x38, 0x0, 0x0, 0xe1, 0xc0,
    0x0, 0x7, 0xf, 0xff, 0xff, 0xf8, 0x7f, 0xff,
    0xff, 0xc3, 0x83, 0x0, 0x30, 0x1c, 0x3c, 0x3,
    0x80, 0xe0, 0xf0, 0x1c, 0x7, 0x1, 0xc1, 0xc0,
    0x38, 0xe, 0x1c, 0x1, 0xcf, 0xff, 0xff, 0xe,
    0x7f, 0xff, 0xf8, 0x70, 0x1c, 0x38, 0x3, 0x80,
    0xe1, 0xc0, 0x1c, 0x7, 0xe, 0x0, 0xe0, 0x38,
    0x70, 0x7, 0x7f, 0xff, 0xfe, 0x3b, 0xff, 0xff,
    0xf1, 0xc0, 0x60, 0xe0, 0x1c, 0x7, 0x7, 0x0,
    0xe0, 0x38, 0x38, 0x7, 0x3, 0x81, 0xc0, 0x70,
    0x3c, 0xe, 0x7, 0x9f, 0xc0, 0x70, 0x38, 0xfc,
    0x3, 0x80, 0x87, 0x0, 0x1c, 0x0,

    /* U+5DF2 "已" */
    0xff, 0xff, 0xfe, 0xf, 0xff, 0xff, 0xe0, 0x0,
    0x0, 0xe, 0x0, 0x0, 0x0, 0xe0, 0x0, 0x0,
    0xe, 0x0, 0x0, 0x0, 0xe0, 0x0, 0x0, 0xe,
    0x3, 0x80, 0x0, 0xe0, 0x38, 0x0, 0xe, 0x3,
    0x80, 0x0, 0xe0, 0x38, 0x0, 0xe, 0x3, 0xff,
    0xff, 0xe0, 0x3f, 0xff, 0xfe, 0x3, 0x80, 0x0,
    0xe0, 0x38, 0x0, 0x0, 0x3, 0x80, 0x0, 0x0,
    0x38, 0x0, 0x0, 0x3, 0x80, 0x0, 0x0, 0x38,
    0x0, 0x0, 0x3, 0x80, 0x0, 0x7, 0x38, 0x0,
    0x0, 0xe3, 0x80, 0x0, 0xe, 0x38, 0x0, 0x0,
    0xe3, 0x80, 0x0, 0x1c, 0x3f, 0xff, 0xff, 0xc1,
    0xff, 0xff, 0xf0,

    /* U+5E74 "年" */
    0x0, 0x0, 0x0, 0x0, 0x1c, 0x0, 0x0, 0x0,
    0xe0, 0x0, 0x0, 0x7, 0x0, 0x0, 0x0, 0x7f,
    0xff, 0xff, 0x3, 0xff, 0xff, 0xf8, 0x38, 0x6,
    0x0, 0x1, 0xc0, 0x30, 0x0, 0x1c, 0x1, 0x80,
    0x1, 0xc0, 0xc, 0x0, 0xe, 0x0, 0x60, 0x1,
    0xef, 0xff, 0xff, 0x82, 0x7f, 0xff, 0xfc, 0x3,
    0x80, 0xc0, 0x0, 0x1c, 0x6, 0x0, 0x0, 0xe0,
    0x30, 0x0, 0x7, 0x1, 0x80, 0x0, 0x38, 0xc,
    0x0, 0x1, 0xc0, 0x60, 0x0, 0xff, 0xff, 0xff,
    0xf7, 0xff, 0xff, 0xff, 0x80, 0x0, 0xc0, 0x0,
    0x0, 0x6, 0x0, 0x0, 0x0, 0x30, 0x0, 0x0,
    0x1, 0x80, 0x0, 0x0, 0xc, 0x0, 0x0, 0x0,
    0x60, 0x0, 0x0, 0x3, 0x0, 0x0, 0x0, 0x18,
    0x0, 0x0, 0x0, 0xc0, 0x0, 0x0, 0x6, 0x0,
    0x0,

    /* U+5EA6 "度" */
    0x0, 0x1, 0xc0, 0x0, 0x0, 0x3, 0x80, 0x0,
    0x0, 0x7, 0x0, 0x0, 0xff, 0xff, 0xff, 0xe1,
    0xff, 0xff, 0xff, 0xc3, 0x80, 0x0, 0x0, 0x7,
    0x0, 0x0, 0x0, 0xe, 0xc, 0x3, 0x80, 0x1c,
    0x18, 0x7, 0x0, 0x3f, 0xff, 0xff, 0xf0, 0x7f,
    0xff, 0xff, 0xe0, 0xe0, 0xc0, 0x38, 0x1, 0xc1,
    0x80, 0x70, 0x3, 0x83, 0x0, 0xe0, 0x7, 0x7,
    0xff, 0xc0, 0xe, 0xf, 0xff, 0x80, 0x1c, 0x0,
    0x0, 0x0, 0x38, 0x0, 0x0, 0x0, 0x77, 0xff,
    0xff, 0x0, 0xef, 0xff, 0xfe, 0x1, 0xc3, 0x80,
    0x3c, 0x3, 0x83, 0x80, 0xf0, 0x7, 0x3, 0x83,
    0xc0, 0x1c, 0x3, 0xdf, 0x0, 0x38, 0x3, 0xf8,
    0x0, 0x70, 0x7, 0xf0, 0x1, 0xc0, 0x7f, 0xfc,
    0x3, 0x8f, 0xf8, 0xff, 0xce, 0x7f, 0x80, 0x3f,
    0xec, 0xf8, 0x0, 0xf, 0x80,

    /* U+5F00 "开" */
    0x3f, 0xff, 0xff, 0xf8, 0xff, 0xff, 0xff, 0xe0,
    0x7, 0x0, 0xc0, 0x0, 0x1c, 0x3, 0x0, 0x0,
    0x70, 0xc, 0x0, 0x1, 0xc0, 0x30, 0x0, 0x7,
    0x0, 0xc0, 0x0, 0x1c, 0x3, 0x0, 0x0, 0x70,
    0xc, 0x0, 0x1, 0xc0, 0x30, 0x7, 0xff, 0xff,
    0xff, 0xdf, 0xff, 0xff, 0xff, 0x0, 0x70, 0xc,
    0x0, 0x1, 0xc0, 0x30, 0x0, 0x7, 0x0, 0xc0,
    0x0, 0x1c, 0x3, 0x0, 0x0, 0x70, 0xc, 0x0,
    0x1, 0x80, 0x30, 0x0, 0xe, 0x0, 0xc0, 0x0,
    0x38, 0x3, 0x0, 0x1, 0xc0, 0xc, 0x0, 0x7,
    0x0, 0x30, 0x0, 0x38, 0x0, 0xc0, 0x1, 0xc0,
    0x3, 0x0, 0x1f, 0x0, 0xc, 0x1, 0xf0, 0x0,
    0x30, 0x7, 0x80, 0x0, 0xc0, 0xc, 0x0, 0x3,
    0x0,

    /* U+5F0F "式" */
    0x0, 0x1, 0xc0, 0x0, 0x0, 0xe, 0x40, 0x0,
    0x0, 0x77, 0xc0, 0x0, 0x3, 0xbf, 0x0, 0x0,
    0x1c, 0x3c, 0x0, 0x0, 0xe0, 0xe0, 0x0, 0x7,
    0x2, 0x1f, 0xff, 0xff, 0xfe, 0xff, 0xff, 0xff,
    0xf0, 0x0, 0x7, 0x0, 0x0, 0x0, 0x38, 0x0,
    0x0, 0x1, 0xc0, 0x0, 0x0, 0xe, 0x0, 0x0,
    0x0, 0x70, 0x0, 0xff, 0xfb, 0x80, 0x7, 0xff,
    0xcc, 0x0, 0x1, 0xc0, 0x60, 0x0, 0xe, 0x3,
    0x80, 0x0, 0x70, 0x1c, 0x0, 0x3, 0x80, 0x60,
    0x0, 0x1c, 0x3, 0x0, 0x0, 0xe0, 0x1c, 0x0,
    0x7, 0xc, 0x60, 0x0, 0x3f, 0xe3, 0x86, 0x1,
    0xff, 0x9c, 0x38, 0xff, 0xc0, 0x71, 0xdf, 0xe0,
    0x1, 0xce, 0xf0, 0x0, 0xf, 0x64, 0x0, 0x0,
    0x3f, 0x0, 0x0, 0x0, 0xf8, 0x0, 0x0, 0x3,
    0x80,

    /* U+5F53 "当" */
    0x0, 0xe, 0x0, 0x0, 0x7, 0x0, 0x8, 0x3,
    0x80, 0x4e, 0x1, 0xc0, 0x77, 0x80, 0xe0, 0x79,
    0xe0, 0x70, 0x38, 0x78, 0x38, 0x38, 0x1e, 0x1c,
    0x38, 0x7, 0x8e, 0x3c, 0x1, 0xe7, 0x3c, 0x0,
    0x43, 0x84, 0x0, 0x1, 0xc0, 0xf, 0xff, 0xff,
    0xf7, 0xff, 0xff, 0xf8, 0x0, 0x0, 0xc, 0x0,
    0x0, 0x6, 0x0, 0x0, 0x3, 0x0, 0x0, 0x1,
    0x80, 0x0, 0x0, 0xc7, 0xff, 0xff, 0xe3, 0xff,
    0xff, 0xf0, 0x0, 0x0, 0x18, 0x0, 0x0, 0xc,
    0x0, 0x0, 0x6, 0x0, 0x0, 0x3, 0x0, 0x0,
    0x1, 0xbf, 0xff, 0xff, 0xdf, 0xff, 0xff, 0xe0,
    0x0, 0x0, 0x30, 0x0, 0x0, 0x18,

    /* U+5F55 "录" */
    0xf, 0xff, 0xfe, 0x0, 0x3f, 0xff, 0xf8, 0x0,
    0x0, 0x0, 0xe0, 0x0, 0x0, 0x3, 0x80, 0x0,
    0x0, 0xe, 0x0, 0xf, 0xff, 0xf8, 0x0, 0x3f,
    0xff, 0xe0, 0x0, 0x0, 0x3, 0x80, 0x0, 0x0,
    0xc, 0x0, 0x0, 0x0, 0x30, 0x0, 0x0, 0x0,
    0xc0, 0x3f, 0xff, 0xff, 0xfe, 0xff, 0xff, 0xff,
    0xf8, 0x0, 0x1c, 0x0, 0x1, 0xc0, 0x70, 0xc,
    0x7, 0x81, 0xe0, 0x78, 0x7, 0x87, 0xc3, 0xc0,
    0xe, 0x1f, 0x9e, 0x0, 0x18, 0xff, 0xf0, 0x0,
    0xf, 0xdf, 0x0, 0x0, 0xff, 0x3e, 0x0, 0xf,
    0xdc, 0x3c, 0x1, 0xfc, 0x70, 0x7c, 0x1f, 0xc1,
    0xc0, 0xfe, 0xf8, 0x7, 0x0, 0xfd, 0x80, 0x1c,
    0x0, 0xe0, 0x0, 0x70, 0x0, 0x0, 0xf, 0xc0,
    0x0, 0x0, 0x3e, 0x0, 0x0,

    /* U+5FAA "循" */
    0x0, 0x0, 0x0, 0x0, 0xe, 0x0, 0x3, 0xc0,
    0x38, 0x1, 0xff, 0x81, 0xcf, 0xff, 0xf0, 0x7,
    0x3f, 0xf8, 0x0, 0x38, 0xc0, 0x0, 0x0, 0xe3,
    0x0, 0xe0, 0x7, 0xc, 0x3, 0x80, 0x38, 0x30,
    0xe, 0x1, 0xc4, 0xdf, 0xff, 0xf6, 0x1b, 0x7f,
    0xff, 0xc0, 0xec, 0x3, 0x80, 0x7, 0x30, 0xe,
    0x0, 0x18, 0xc0, 0x38, 0x0, 0xe3, 0x3f, 0xff,
    0x7, 0xc, 0xff, 0xfc, 0x3c, 0x33, 0x80, 0x71,
    0xf0, 0xce, 0x1, 0xce, 0xc3, 0x3f, 0xff, 0x13,
    0xc, 0xff, 0xfc, 0xc, 0x33, 0x80, 0x70, 0x30,
    0xce, 0x1, 0xc0, 0xc3, 0x3f, 0xff, 0x3, 0xc,
    0xff, 0xfc, 0xc, 0x73, 0x80, 0x70, 0x31, 0xce,
    0x1, 0xc0, 0xc7, 0x38, 0x7, 0x3, 0x18, 0xff,
    0xfc, 0xc, 0xe3, 0xff, 0xf0, 0x37, 0x8e, 0x1,
    0xc0, 0xc4, 0x38, 0x7, 0x0,

    /* U+5FD7 "志" */
    0x0, 0x3, 0x0, 0x0, 0x0, 0x6, 0x0, 0x0,
    0x0, 0xc, 0x0, 0x0, 0x0, 0x18, 0x0, 0x0,
    0x0, 0x30, 0x0, 0xf, 0xff, 0xff, 0xff, 0x1f,
    0xff, 0xff, 0xfe, 0x0, 0x1, 0x80, 0x0, 0x0,
    0x3, 0x0, 0x0, 0x0, 0x6, 0x0, 0x0, 0x0,
    0xc, 0x0, 0x0, 0x0, 0x18, 0x0, 0x0, 0x0,
    0x30, 0x0, 0x3, 0xff, 0xff, 0xf8, 0x7, 0xff,
    0xff, 0xf0, 0x0, 0x2, 0x0, 0x0, 0x0, 0xe,
    0x0, 0x0, 0x0, 0x1e, 0x0, 0x0, 0x13, 0x9e,
    0x2, 0x0, 0x77, 0x1e, 0xe, 0x0, 0xee, 0x1c,
    0xe, 0x3, 0x9c, 0x18, 0xe, 0xe, 0x38, 0x21,
    0x8e, 0x1c, 0x70, 0x3, 0xe, 0x70, 0xe0, 0xe,
    0x1d, 0xc1, 0xc0, 0x18, 0x19, 0x1, 0xff, 0xf0,
    0x0, 0x3, 0xff, 0xc0, 0x0,

    /* U+6062 "恢" */
    0x3, 0x80, 0x0, 0x0, 0x3, 0x80, 0x0, 0x0,
    0x3, 0x8f, 0xff, 0xfe, 0x3, 0x8f, 0xff, 0xfe,
    0x3, 0x8e, 0x0, 0x0, 0x3, 0x8e, 0x3, 0x80,
    0x3, 0x8e, 0x3, 0x80, 0x3b, 0xce, 0x3, 0x80,
    0x3b, 0xee, 0x3, 0x80, 0x3b, 0xee, 0x63, 0x8c,
    0x3b, 0xfe, 0x73, 0x8e, 0x33, 0xbe, 0x73, 0x8c,
    0x73, 0xbe, 0x63, 0x8c, 0x73, 0xae, 0x63, 0x9c,
    0x63, 0x8e, 0xe3, 0x98, 0x23, 0x8e, 0xc7, 0xb8,
    0x3, 0x8e, 0xc7, 0x38, 0x3, 0x8c, 0x7, 0x0,
    0x3, 0x8c, 0x7, 0x80, 0x3, 0x8c, 0x7, 0x80,
    0x3, 0x9c, 0xf, 0xc0, 0x3, 0x9c, 0x1f, 0xc0,
    0x3, 0x9c, 0x1c, 0xe0, 0x3, 0x9c, 0x3c, 0xe0,
    0x3, 0x98, 0x78, 0x70, 0x3, 0xb8, 0xf0, 0x38,
    0x3, 0xbb, 0xe0, 0x3c, 0x3, 0xf7, 0xc0, 0x1f,
    0x3, 0xb7, 0x0, 0xe, 0x3, 0x82, 0x0, 0x4,

    /* U+606F "息" */
    0x0, 0x0, 0xc0, 0x0, 0x0, 0x1, 0xc0, 0x0,
    0x0, 0x3, 0x80, 0x0, 0x3, 0xff, 0xff, 0xc0,
    0x3, 0xff, 0xff, 0xc0, 0x3, 0x80, 0x1, 0xc0,
    0x3, 0x80, 0x1, 0xc0, 0x3, 0xff, 0xff, 0xc0,
    0x3, 0xff, 0xff, 0xc0, 0x3, 0x80, 0x1, 0xc0,
    0x3, 0x80, 0x1, 0xc0, 0x3, 0x80, 0x1, 0xc0,
    0x3, 0xff, 0xff, 0xc0, 0x3, 0xff, 0xff, 0xc0,
    0x3, 0x80, 0x1, 0xc0, 0x3, 0x80, 0x1, 0xc0,
    0x3, 0xff, 0xff, 0xc0, 0x3, 0xff, 0xff, 0xc0,
    0x0, 0x0, 0x0, 0x0, 0x0, 0x3, 0x0, 0x0,
    0x0, 0x7, 0x80, 0x0, 0x0, 0x37, 0xe0, 0x40,
    0x3, 0x31, 0xe0, 0xf0, 0x7, 0x30, 0xf0, 0x78,
    0xe, 0x30, 0x63, 0x3c, 0x3c, 0x30, 0x7, 0xe,
    0x78, 0x30, 0x6, 0x7, 0x70, 0x3f, 0xfe, 0x6,
    0x0, 0x3f, 0xfc, 0x0,

    /* U+6210 "成" */
    0x0, 0x0, 0x60, 0x0, 0x0, 0x0, 0xcf, 0x80,
    0x0, 0x1, 0x9f, 0x80, 0x0, 0x3, 0x7, 0xc0,
    0x0, 0x6, 0x3, 0x0, 0x0, 0xe, 0x0, 0x3,
    0xff, 0xff, 0xfe, 0x7, 0xff, 0xff, 0xfc, 0xe,
    0x0, 0x70, 0x0, 0x1c, 0x0, 0xe0, 0x0, 0x38,
    0x0, 0xc0, 0xc0, 0x70, 0x1, 0x83, 0x80, 0xe0,
    0x3, 0x7, 0x1, 0xff, 0xe6, 0xc, 0x3, 0xff,
    0xce, 0x38, 0x7, 0x3, 0x9c, 0x60, 0xe, 0x7,
    0x19, 0xc0, 0x1c, 0xe, 0x3f, 0x0, 0x38, 0x1c,
    0x7e, 0x0, 0x70, 0x38, 0xf8, 0x0, 0xe0, 0x60,
    0xe0, 0x1, 0xc1, 0xc3, 0xc0, 0x7, 0x3f, 0x8f,
    0xc0, 0xe, 0x7e, 0x7b, 0x87, 0x1c, 0x1, 0xe3,
    0x8e, 0x78, 0xf, 0x83, 0x9c, 0xe0, 0x3e, 0x7,
    0xb3, 0xc0, 0x30, 0x7, 0xef, 0x0, 0x0, 0x7,
    0xcc, 0x0, 0x0, 0x7, 0x0,

    /* U+6240 "所" */
    0x0, 0x0, 0x0, 0x10, 0x0, 0x0, 0x1, 0xf1,
    0xff, 0xfc, 0xf, 0xe3, 0xff, 0xfb, 0xff, 0x0,
    0x0, 0x7, 0xf0, 0x0, 0x0, 0xe, 0x0, 0x0,
    0x0, 0x18, 0x0, 0x0, 0x0, 0x30, 0x0, 0x1f,
    0xfc, 0x60, 0x0, 0x3f, 0xf8, 0xc0, 0x0, 0x7f,
    0xf1, 0x80, 0x0, 0xe0, 0xe3, 0xff, 0xf1, 0xc1,
    0xc7, 0xff, 0xe3, 0x83, 0x8c, 0x38, 0x7, 0x7,
    0x18, 0x70, 0xe, 0xe, 0x30, 0xe0, 0x1f, 0xfc,
    0x61, 0xc0, 0x3f, 0xf8, 0xc3, 0x80, 0x70, 0x1,
    0x87, 0x0, 0xe0, 0x3, 0xe, 0x1, 0xc0, 0x6,
    0x1c, 0x3, 0x0, 0x1c, 0x38, 0x6, 0x0, 0x38,
    0x70, 0x1c, 0x0, 0x70, 0xe0, 0x38, 0x0, 0xc1,
    0xc0, 0xe0, 0x3, 0x83, 0x81, 0xc0, 0xf, 0x7,
    0x7, 0x0, 0x1c, 0xe, 0xe, 0x0, 0x70, 0x1c,
    0x8, 0x0, 0x60, 0x38, 0x0,

    /* U+6280 "技" */
    0x3, 0x0, 0x1c, 0x0, 0x6, 0x0, 0x38, 0x0,
    0xc, 0x0, 0x70, 0x0, 0x18, 0x0, 0xe0, 0x0,
    0x30, 0x1, 0xc0, 0x0, 0x61, 0xff, 0xff, 0x9f,
    0xff, 0xff, 0xff, 0x3f, 0xf8, 0xe, 0x0, 0x3,
    0x0, 0x1c, 0x0, 0x6, 0x0, 0x38, 0x0, 0xc,
    0x0, 0x70, 0x0, 0x18, 0x0, 0xe0, 0x0, 0x30,
    0x1, 0xc0, 0x0, 0x60, 0xff, 0xfe, 0x0, 0xcd,
    0xff, 0xfc, 0x1, 0xf8, 0xc0, 0x30, 0x1f, 0xe1,
    0xc0, 0xe0, 0xfe, 0x3, 0x81, 0xc3, 0xfc, 0x3,
    0x87, 0x3, 0x18, 0x7, 0x1c, 0x0, 0x30, 0x7,
    0x78, 0x0, 0x60, 0x7, 0xe0, 0x0, 0xc0, 0xf,
    0x80, 0x1, 0x80, 0x1f, 0x80, 0x3, 0x0, 0xff,
    0xc0, 0x6, 0x7, 0xc7, 0xe0, 0xc, 0x3f, 0x3,
    0xf9, 0xf9, 0xf8, 0x1, 0xf3, 0xe0, 0x80, 0x0,
    0x40,

    /* U+63A5 "接" */
    0x7, 0x0, 0x1c, 0x0, 0xe, 0x0, 0x38, 0x0,
    0x1c, 0x0, 0x70, 0x0, 0x38, 0x7f, 0xff, 0xe0,
    0x70, 0xff, 0xff, 0xc0, 0xe0, 0x20, 0x8, 0x1f,
    0xfc, 0xe0, 0x38, 0x3f, 0xf8, 0xe0, 0x70, 0x7,
    0x0, 0xe1, 0xc0, 0xe, 0x1, 0xc3, 0x80, 0x1c,
    0x1, 0x8e, 0x0, 0x39, 0xff, 0xff, 0xf0, 0x73,
    0xff, 0xff, 0xe0, 0xe2, 0x2, 0x0, 0x1, 0xfc,
    0xe, 0x0, 0x3, 0xf8, 0x1c, 0x0, 0x1f, 0xe0,
    0x70, 0x1, 0xff, 0x3f, 0xff, 0xf9, 0xfc, 0x7f,
    0xff, 0xf2, 0x38, 0xf, 0x6, 0x0, 0x70, 0x1c,
    0x1c, 0x0, 0xe0, 0x70, 0x70, 0x1, 0xc1, 0xff,
    0xe0, 0x3, 0x81, 0xff, 0x80, 0x7, 0x0, 0x1f,
    0xe0, 0xe, 0x0, 0xfb, 0xf0, 0x1c, 0x1f, 0xc1,
    0xf1, 0xfb, 0xfe, 0x0, 0xf3, 0xe3, 0xc0, 0x0,
    0x40,

    /* U+63A7 "控" */
    0x7, 0x0, 0x1c, 0x0, 0xe, 0x0, 0x38, 0x0,
    0x1c, 0x0, 0x70, 0x0, 0x38, 0x0, 0xe0, 0x0,
    0x70, 0xff, 0xff, 0xc0, 0xe1, 0xff, 0xff, 0x81,
    0xc3, 0xff, 0xff, 0x3f, 0xf6, 0x0, 0xe, 0x7f,
    0xec, 0x43, 0x9c, 0xe, 0x19, 0xc7, 0x38, 0x1c,
    0x33, 0x8e, 0x70, 0x38, 0xe, 0x1c, 0x40, 0x70,
    0x3c, 0x38, 0xe0, 0xe0, 0xf0, 0x7f, 0x81, 0xdb,
    0xc0, 0x7e, 0x3, 0xf3, 0x0, 0x0, 0xf, 0xc0,
    0x0, 0x0, 0xfe, 0x1f, 0xff, 0xf3, 0xfc, 0x3f,
    0xff, 0xe3, 0x38, 0x0, 0xe0, 0x0, 0x70, 0x1,
    0xc0, 0x0, 0xe0, 0x3, 0x80, 0x1, 0xc0, 0x7,
    0x0, 0x3, 0x80, 0xe, 0x0, 0x7, 0x0, 0x1c,
    0x0, 0xe, 0x0, 0x38, 0x0, 0x1c, 0xff, 0xff,
    0xf8, 0x39, 0xff, 0xff, 0xf7, 0xf0, 0x0, 0x0,
    0x7, 0xc0, 0x0, 0x0, 0x0,

    /* U+6444 "摄" */
    0x6, 0x0, 0x0, 0x0, 0xc, 0x7f, 0xff, 0xf0,
    0x18, 0xff, 0xff, 0xe0, 0x30, 0x18, 0xe, 0x0,
    0x60, 0x30, 0x1c, 0x0, 0xc0, 0x7f, 0xf8, 0x1,
    0x80, 0xff, 0xf0, 0x3f, 0xf9, 0x80, 0xe0, 0x7f,
    0xf3, 0xff, 0xc0, 0xc, 0x7, 0xff, 0x80, 0x18,
    0xc, 0x7, 0x0, 0x30, 0x1f, 0xff, 0xe0, 0x61,
    0xff, 0xff, 0xc0, 0xd9, 0xf0, 0x38, 0x1, 0xf0,
    0x0, 0x70, 0xf, 0xc0, 0x0, 0x0, 0x7f, 0xff,
    0xbf, 0xf9, 0xfd, 0xff, 0x7f, 0xf1, 0x98, 0x6,
    0x60, 0xe0, 0x33, 0x9c, 0xe3, 0x80, 0x6f, 0xf8,
    0xc7, 0x0, 0xc3, 0xe1, 0xdc, 0x1, 0x83, 0xc1,
    0xf8, 0x3, 0x7, 0xc3, 0xe0, 0x6, 0x1f, 0xc7,
    0xc0, 0xc, 0x7b, 0x1f, 0xc0, 0x19, 0xe0, 0xfb,
    0xc3, 0xf7, 0x8f, 0xc3, 0xe3, 0xee, 0xf, 0x3,
    0xe7, 0x98, 0x18, 0x1, 0x80,

    /* U+649E "撞" */
    0x7, 0x0, 0x18, 0x0, 0xe, 0x0, 0x30, 0x0,
    0x1c, 0x7f, 0xff, 0xe0, 0x38, 0xff, 0xff, 0xc0,
    0x70, 0x3c, 0x1c, 0x0, 0xe0, 0x38, 0x38, 0x1f,
    0xf8, 0x38, 0xe0, 0x3f, 0xff, 0xff, 0xfe, 0x7,
    0x3f, 0xff, 0xfc, 0xe, 0x0, 0x0, 0x0, 0x1c,
    0x0, 0x0, 0x0, 0x38, 0x7f, 0xff, 0x80, 0x70,
    0xff, 0xff, 0x0, 0xed, 0xc3, 0x6, 0x1, 0xfb,
    0xff, 0xfc, 0xf, 0xc7, 0xff, 0xf8, 0xff, 0xe,
    0x18, 0x30, 0xfe, 0x1c, 0x30, 0x61, 0x9c, 0x3f,
    0xff, 0xc0, 0x38, 0x7f, 0xff, 0x80, 0x70, 0x1,
    0x80, 0x0, 0xe0, 0x3, 0x0, 0x1, 0xc3, 0xff,
    0xfe, 0x3, 0x87, 0xff, 0xfc, 0x7, 0x0, 0x18,
    0x0, 0xe, 0x0, 0x30, 0x0, 0x1d, 0xff, 0xff,
    0xf9, 0xfb, 0xff, 0xff, 0xf3, 0xe0, 0x0, 0x0,
    0x0,

    /* U+654F "敏" */
    0x7, 0x0, 0x6, 0x0, 0xe, 0x0, 0xe, 0x0,
    0x1c, 0x0, 0x1c, 0x0, 0x7f, 0xfe, 0x30, 0x0,
    0xff, 0xfc, 0x60, 0x3, 0x80, 0x0, 0xc0, 0xf,
    0x0, 0x3, 0xff, 0x3c, 0x0, 0x7, 0xfe, 0xff,
    0xff, 0xcf, 0xfc, 0xdf, 0xff, 0x98, 0x60, 0x30,
    0xc7, 0x71, 0xc0, 0x63, 0x8e, 0xe3, 0x80, 0xc7,
    0x1f, 0xc7, 0x1, 0x8e, 0x3f, 0xce, 0x7, 0x1c,
    0x7f, 0x9c, 0xe, 0x38, 0xc7, 0x38, 0xff, 0xff,
    0xe6, 0x61, 0xff, 0xff, 0xcd, 0xc0, 0x71, 0x8e,
    0x1f, 0x80, 0xc3, 0x1c, 0x3f, 0x1, 0x86, 0x38,
    0x3c, 0x3, 0x1c, 0x70, 0x78, 0x6, 0x38, 0xe0,
    0xf0, 0x1c, 0x71, 0xc1, 0xe0, 0x3f, 0xff, 0xc7,
    0xe0, 0x7f, 0xff, 0x9c, 0xe0, 0xe0, 0xc, 0x71,
    0xe0, 0x0, 0x3b, 0xc1, 0xe0, 0xf, 0xff, 0x1,
    0xc0, 0xf, 0x84, 0x1, 0x0,

    /* U+6587 "文" */
    0x0, 0x7, 0x0, 0x0, 0x0, 0x1c, 0x0, 0x0,
    0x0, 0x70, 0x0, 0x0, 0x1, 0xc0, 0x0, 0x0,
    0x7, 0x0, 0x0, 0x0, 0x1c, 0x0, 0x7, 0xff,
    0xff, 0xff, 0x1f, 0xff, 0xff, 0xfc, 0x1, 0x80,
    0xe, 0x0, 0x7, 0x0, 0x30, 0x0, 0x1c, 0x1,
    0xc0, 0x0, 0x70, 0x7, 0x0, 0x0, 0xc0, 0x18,
    0x0, 0x3, 0x80, 0xe0, 0x0, 0xe, 0x3, 0x80,
    0x0, 0x1c, 0x1c, 0x0, 0x0, 0x70, 0x70, 0x0,
    0x0, 0xe3, 0x80, 0x0, 0x1, 0xce, 0x0, 0x0,
    0x7, 0xf0, 0x0, 0x0, 0xf, 0x80, 0x0, 0x0,
    0x1e, 0x0, 0x0, 0x0, 0xfc, 0x0, 0x0, 0xf,
    0x7c, 0x0, 0x0, 0xf8, 0xfc, 0x0, 0xf, 0xc0,
    0xfc, 0x1, 0xfc, 0x0, 0xfc, 0x1f, 0xc0, 0x1,
    0xfe, 0xfc, 0x0, 0x0, 0xf9, 0xc0, 0x0, 0x0,
    0xc0,

    /* U+65E5 "日" */
    0xff, 0xff, 0xff, 0xff, 0xff, 0x80, 0x3, 0xf0,
    0x0, 0x7e, 0x0, 0xf, 0xc0, 0x1, 0xf8, 0x0,
    0x3f, 0x0, 0x7, 0xe0, 0x0, 0xfc, 0x0, 0x1f,
    0xff, 0xff, 0xff, 0xff, 0xfe, 0x0, 0xf, 0xc0,
    0x1, 0xf8, 0x0, 0x3f, 0x0, 0x7, 0xe0, 0x0,
    0xfc, 0x0, 0x1f, 0x80, 0x3, 0xf0, 0x0, 0x7f,
    0xff, 0xff, 0xff, 0xff, 0xf8, 0x0, 0x3f, 0x0,
    0x7, 0xe0, 0x0, 0xfc, 0x0, 0x1c,

    /* U+65F6 "时" */
    0x0, 0x0, 0x3, 0x0, 0x0, 0x0, 0x30, 0x0,
    0x0, 0x3, 0x0, 0x0, 0x0, 0x30, 0x0, 0x0,
    0x3, 0xf, 0xfc, 0x0, 0x30, 0xff, 0xc0, 0x3,
    0xe, 0x1d, 0xff, 0xff, 0xe1, 0xdf, 0xff, 0xfe,
    0x1c, 0x0, 0x30, 0xe1, 0xc0, 0x3, 0xe, 0x1c,
    0x0, 0x30, 0xe1, 0xc4, 0x3, 0xe, 0x1c, 0xe0,
    0x30, 0xff, 0xcf, 0x3, 0xf, 0xfc, 0x78, 0x30,
    0xe1, 0xc3, 0x83, 0xe, 0x1c, 0x1c, 0x30, 0xe1,
    0xc0, 0xe3, 0xe, 0x1c, 0xe, 0x30, 0xe1, 0xc0,
    0x43, 0xe, 0x1c, 0x0, 0x30, 0xe1, 0xc0, 0x3,
    0xf, 0xfc, 0x0, 0x30, 0xff, 0xc0, 0x3, 0xe,
    0x1c, 0x0, 0x30, 0xe1, 0xc0, 0x3, 0x0, 0x0,
    0x3, 0x70, 0x0, 0x0, 0x1f, 0x0, 0x0, 0x1,
    0xe0,

    /* U+662F "是" */
    0x3, 0xff, 0xff, 0x80, 0xf, 0xff, 0xfe, 0x0,
    0x30, 0x0, 0x38, 0x0, 0xc0, 0x0, 0xe0, 0x3,
    0x0, 0x3, 0x80, 0xf, 0xff, 0xfe, 0x0, 0x3f,
    0xff, 0xf8, 0x0, 0xc0, 0x0, 0xe0, 0x3, 0x0,
    0x3, 0x80, 0xc, 0x0, 0xe, 0x0, 0x3f, 0xff,
    0xf8, 0x0, 0xff, 0xff, 0xe0, 0x0, 0x0, 0x0,
    0x0, 0x0, 0x0, 0x0, 0x7, 0xff, 0xff, 0xff,
    0x9f, 0xff, 0xff, 0xfe, 0x0, 0x3, 0x0, 0x0,
    0xc, 0xc, 0x0, 0x0, 0x30, 0x30, 0x0, 0x1,
    0xc0, 0xff, 0xf8, 0x7, 0x3, 0xff, 0xe0, 0x1e,
    0xc, 0x0, 0x0, 0x7e, 0x30, 0x0, 0x3, 0xbe,
    0xc0, 0x0, 0x1c, 0x3f, 0x0, 0x0, 0xf0, 0x3f,
    0xff, 0xff, 0x80, 0x3f, 0xff, 0xd8, 0x0, 0x0,
    0x0, 0x40, 0x0, 0x0, 0x0,

    /* U+663E "显" */
    0x3, 0xff, 0xff, 0x0, 0xf, 0xff, 0xfc, 0x0,
    0x30, 0x0, 0x30, 0x0, 0xc0, 0x0, 0xc0, 0x3,
    0xff, 0xff, 0x0, 0xf, 0xff, 0xfc, 0x0, 0x30,
    0x0, 0x30, 0x0, 0xc0, 0x0, 0xc0, 0x3, 0x0,
    0x3, 0x0, 0xf, 0xff, 0xfc, 0x0, 0x3f, 0xff,
    0xf0, 0x0, 0x0, 0x0, 0x0, 0x0, 0x0, 0x0,
    0x0, 0x0, 0xe1, 0xc0, 0x3, 0x3, 0x87, 0x6,
    0xe, 0xe, 0x1c, 0x1c, 0x1c, 0x38, 0x70, 0xe0,
    0x78, 0xe1, 0xc3, 0x80, 0xe3, 0x87, 0x1c, 0x1,
    0xce, 0x1c, 0xf0, 0x7, 0x38, 0x73, 0x80, 0xe,
    0xe1, 0xdc, 0x0, 0x33, 0x87, 0x60, 0x0, 0xe,
    0x1c, 0x0, 0xff, 0xff, 0xff, 0xff, 0xff, 0xff,
    0xff, 0xf0,

    /* U+66DD "曝" */
    0x0, 0x3f, 0xff, 0xc3, 0xfc, 0xff, 0xff, 0xf,
    0xf3, 0x80, 0xc, 0x38, 0xcf, 0xff, 0xf0, 0xe3,
    0x3f, 0xff, 0xc3, 0x8c, 0xe0, 0x3, 0xe, 0x33,
    0xff, 0xfc, 0x38, 0xcf, 0xff, 0xf0, 0xe3, 0x3,
    0x8e, 0x3, 0xfc, 0xe, 0x38, 0xf, 0xf3, 0xff,
    0xfe, 0x38, 0xcf, 0xff, 0xf8, 0xe3, 0x3, 0x8e,
    0x3, 0x8c, 0xe, 0x38, 0xe, 0x37, 0xff, 0xff,
    0x38, 0xdf, 0xff, 0xfc, 0xe3, 0x7, 0x37, 0x3,
    0x8c, 0x38, 0xcf, 0xf, 0xf3, 0xf3, 0x3e, 0x3f,
    0xfe, 0xef, 0xff, 0xe0, 0xf1, 0xb6, 0x3b, 0x81,
    0x3, 0xd0, 0xe, 0x0, 0x7f, 0x78, 0x0, 0x7,
    0xfd, 0xf8, 0x0, 0x3e, 0x31, 0xf0, 0x0, 0x60,
    0xc1, 0xc0, 0x0, 0x3f, 0x0, 0x0, 0x0, 0x78,
    0x0,

    /* U+6708 "月" */
    0x1, 0xff, 0xff, 0x1, 0xff, 0xff, 0x1, 0xc0,
    0x7, 0x1, 0xc0, 0x7, 0x1, 0xc0, 0x7, 0x1,
    0xc0, 0x7, 0x1, 0xc0, 0x7, 0x1, 0xff, 0xff,
    0x1, 0xff, 0xff, 0x1, 0xc0, 0x7, 0x1, 0xc0,
    0x7, 0x1, 0xc0, 0x7, 0x1, 0xc0, 0x7, 0x1,
    0xc0, 0x7, 0x1, 0xc0, 0x7, 0x1, 0xff, 0xff,
    0x1, 0xff, 0xff, 0x1, 0xc0, 0x7, 0x1, 0xc0,
    0x7, 0x3, 0x80, 0x7, 0x3, 0x80, 0x7, 0x7,
    0x0, 0x7, 0x7, 0x0, 0x7, 0xe, 0x0, 0x7,
    0x1c, 0x0, 0x7, 0x3c, 0x0, 0x7, 0x78, 0x0,
    0xff, 0xf0, 0x0, 0x7e, 0x60, 0x0, 0x0,

    /* U+6709 "有" */
    0x0, 0x18, 0x0, 0x0, 0x0, 0x70, 0x0, 0x0,
    0x1, 0xc0, 0x0, 0x0, 0xe, 0x0, 0x0, 0x0,
    0x38, 0x0, 0x0, 0xff, 0xff, 0xff, 0xf3, 0xff,
    0xff, 0xff, 0xc0, 0x1c, 0x0, 0x0, 0x0, 0xe0,
    0x0, 0x0, 0x3, 0x80, 0x0, 0x0, 0x1e, 0x0,
    0x0, 0x0, 0x7f, 0xff, 0xf0, 0x3, 0xff, 0xff,
    0xc0, 0xf, 0x80, 0x7, 0x0, 0x7e, 0x0, 0x1c,
    0x3, 0xf8, 0x0, 0x70, 0x1e, 0xff, 0xff, 0xc0,
    0xf3, 0xff, 0xff, 0x7, 0x8e, 0x0, 0x1c, 0x3c,
    0x38, 0x0, 0x70, 0x60, 0xe0, 0x1, 0xc0, 0x83,
    0x80, 0x7, 0x0, 0xf, 0xff, 0xfc, 0x0, 0x3f,
    0xff, 0xf0, 0x0, 0xe0, 0x1, 0xc0, 0x3, 0x80,
    0x7, 0x0, 0xe, 0x0, 0x1c, 0x0, 0x38, 0x0,
    0x70, 0x0, 0xe0, 0x1, 0xc0, 0x3, 0x80, 0x7f,
    0x0, 0xe, 0x1, 0xf8, 0x0,

    /* U+672C "本" */
    0x0, 0x1, 0x80, 0x0, 0x0, 0x3, 0x0, 0x0,
    0x0, 0x6, 0x0, 0x0, 0x0, 0xc, 0x0, 0x0,
    0x0, 0x18, 0x0, 0x7, 0xff, 0xff, 0xff, 0xf,
    0xff, 0xff, 0xfe, 0x0, 0x6, 0xdc, 0x0, 0x0,
    0x1d, 0xb8, 0x0, 0x0, 0x3b, 0x70, 0x0, 0x0,
    0xe6, 0x70, 0x0, 0x1, 0xcc, 0xe0, 0x0, 0x7,
    0x18, 0xe0, 0x0, 0xe, 0x31, 0xc0, 0x0, 0x38,
    0x61, 0xc0, 0x0, 0xf0, 0xc3, 0xc0, 0x1, 0xc1,
    0x83, 0x80, 0x7, 0x3, 0x3, 0x80, 0x1c, 0x6,
    0x3, 0x80, 0x70, 0xc, 0x3, 0xc1, 0xcf, 0xff,
    0xf3, 0xcf, 0x1f, 0xff, 0xe3, 0xdc, 0x0, 0x60,
    0x3, 0x90, 0x0, 0xc0, 0x2, 0x0, 0x1, 0x80,
    0x0, 0x0, 0x3, 0x0, 0x0, 0x0, 0x6, 0x0,
    0x0, 0x0, 0xc, 0x0, 0x0, 0x0, 0x18, 0x0,
    0x0, 0x0, 0x30, 0x0, 0x0,

    /* U+6821 "校" */
    0x1, 0x80, 0xe, 0x0, 0x1, 0x80, 0xe, 0x0,
    0x1, 0x80, 0xe, 0x0, 0x1, 0x80, 0xe, 0x0,
    0x1, 0x80, 0xe, 0x0, 0x1, 0x87, 0xff, 0xfc,
    0x1, 0x87, 0xff, 0xfc, 0x3f, 0xf8, 0x20, 0x0,
    0x3f, 0xf8, 0x30, 0xe0, 0x1, 0x80, 0x70, 0xf0,
    0x3, 0x80, 0xe0, 0x38, 0x3, 0x81, 0xc0, 0x1c,
    0x3, 0xe7, 0x80, 0xe, 0x7, 0xf7, 0x60, 0xee,
    0x7, 0xfa, 0xe0, 0xe4, 0xf, 0xb8, 0x60, 0xe0,
    0xd, 0x9c, 0x70, 0xc0, 0x1d, 0x9c, 0x71, 0xc0,
    0x39, 0x88, 0x39, 0xc0, 0x79, 0x80, 0x3b, 0x80,
    0x71, 0x80, 0x1f, 0x80, 0x61, 0x80, 0xf, 0x0,
    0x1, 0x80, 0xf, 0x0, 0x1, 0x80, 0x1f, 0x80,
    0x1, 0x80, 0x3f, 0xc0, 0x1, 0x80, 0xf9, 0xe0,
    0x1, 0x81, 0xe0, 0xf8, 0x1, 0x87, 0xc0, 0x7e,
    0x1, 0x8f, 0x80, 0x1f, 0x1, 0x86, 0x0, 0x6,

    /* U+683C "格" */
    0x3, 0x80, 0x60, 0x0, 0x7, 0x1, 0xc0, 0x0,
    0xe, 0x3, 0x80, 0x0, 0x1c, 0x7, 0xff, 0x80,
    0x38, 0x1f, 0xfe, 0x0, 0x70, 0x38, 0x1c, 0x0,
    0xe0, 0xf8, 0x70, 0x3f, 0xf9, 0xf1, 0xe0, 0x7f,
    0xf7, 0x73, 0x80, 0x7, 0x1e, 0xef, 0x0, 0x1e,
    0x78, 0xfc, 0x0, 0x3e, 0x60, 0xf0, 0x0, 0x7e,
    0x3, 0xe0, 0x1, 0xfe, 0xf, 0xe0, 0x3, 0xee,
    0x7d, 0xf0, 0x7, 0xcb, 0xe0, 0xf8, 0x1f, 0x9f,
    0x0, 0x7e, 0x3f, 0x7c, 0x0, 0x7c, 0xee, 0x6f,
    0xff, 0x93, 0xdc, 0x1f, 0xff, 0x7, 0x38, 0x38,
    0xe, 0x1c, 0x70, 0x70, 0x1c, 0x10, 0xe0, 0xe0,
    0x38, 0x1, 0xc1, 0xc0, 0x70, 0x3, 0x83, 0x80,
    0xe0, 0x7, 0x7, 0x1, 0xc0, 0xe, 0xf, 0xff,
    0x80, 0x1c, 0x1f, 0xff, 0x0, 0x38, 0x38, 0xe,
    0x0, 0x70, 0x70, 0x1c, 0x0,

    /* U+6A21 "模" */
    0x3, 0x1, 0xc1, 0xc0, 0x6, 0x3, 0x83, 0x80,
    0xc, 0x7, 0x7, 0x0, 0x19, 0xff, 0xff, 0xe0,
    0x33, 0xff, 0xff, 0xc0, 0x67, 0xff, 0xff, 0x80,
    0xc0, 0x70, 0x70, 0x3f, 0xf8, 0xe0, 0xe0, 0x7f,
    0xf0, 0x0, 0x0, 0xe, 0xf, 0xff, 0xe0, 0x1c,
    0x1f, 0xff, 0xc0, 0x38, 0x30, 0x1, 0x80, 0x70,
    0x60, 0x3, 0x1, 0xf8, 0xff, 0xfe, 0x3, 0xf9,
    0xff, 0xfc, 0x7, 0xf3, 0x0, 0x18, 0x1f, 0x76,
    0x0, 0x30, 0x36, 0x6f, 0xff, 0xe0, 0xec, 0x9f,
    0xff, 0xc3, 0x98, 0x0, 0xc0, 0xf, 0x30, 0x1,
    0x80, 0x1c, 0x63, 0xff, 0xff, 0x80, 0xc7, 0xff,
    0xff, 0x1, 0x80, 0x1b, 0x0, 0x3, 0x0, 0x77,
    0x0, 0x6, 0x3, 0xc7, 0x0, 0xc, 0x1f, 0x7,
    0x80, 0x19, 0xfc, 0x7, 0xe0, 0x33, 0xe0, 0x3,
    0xe0, 0x63, 0x0, 0x1, 0x80,

    /* U+6B63 "正" */
    0x7f, 0xff, 0xff, 0xe7, 0xff, 0xff, 0xfe, 0x0,
    0x7, 0x0, 0x0, 0x0, 0x70, 0x0, 0x0, 0x7,
    0x0, 0x0, 0x0, 0x70, 0x0, 0x0, 0x7, 0x0,
    0x0, 0x0, 0x70, 0x0, 0xe, 0x7, 0x0, 0x0,
    0xe0, 0x70, 0x0, 0xe, 0x7, 0xff, 0x80, 0xe0,
    0x7f, 0xf8, 0xe, 0x7, 0x0, 0x0, 0xe0, 0x70,
    0x0, 0xe, 0x7, 0x0, 0x0, 0xe0, 0x70, 0x0,
    0xe, 0x7, 0x0, 0x0, 0xe0, 0x70, 0x0, 0xe,
    0x7, 0x0, 0x0, 0xe0, 0x70, 0x0, 0xe, 0x7,
    0x0, 0x0, 0xe0, 0x70, 0x0, 0xe, 0x7, 0x0,
    0xf, 0xff, 0xff, 0xff, 0xff, 0xff, 0xff, 0xf0,

    /* U+6C34 "水" */
    0x0, 0x3, 0x80, 0x0, 0x0, 0x7, 0x0, 0x0,
    0x0, 0xe, 0x0, 0x0, 0x0, 0x1c, 0x0, 0x0,
    0x0, 0x38, 0x0, 0x0, 0x0, 0x70, 0x0, 0x0,
    0x0, 0xe0, 0x0, 0x0, 0x1, 0xc0, 0x38, 0x3f,
    0xfb, 0xc0, 0xf0, 0x7f, 0xf7, 0x83, 0xc0, 0x0,
    0xcf, 0x8f, 0x0, 0x3, 0x9f, 0x3c, 0x0, 0x7,
    0x3f, 0xf0, 0x0, 0xe, 0x7f, 0x80, 0x0, 0x38,
    0xee, 0x0, 0x0, 0x71, 0xde, 0x0, 0x0, 0xe3,
    0x9c, 0x0, 0x3, 0x87, 0x1c, 0x0, 0xf, 0xe,
    0x3c, 0x0, 0x3c, 0x1c, 0x3c, 0x0, 0xf0, 0x38,
    0x3c, 0x3, 0xc0, 0x70, 0x3c, 0xf, 0x0, 0xe0,
    0x3e, 0x3c, 0x1, 0xc0, 0x3f, 0xf0, 0x3, 0x80,
    0x3c, 0xc0, 0x7, 0x0, 0x10, 0x0, 0xe, 0x0,
    0x0, 0x0, 0x1c, 0x0, 0x0, 0x7, 0xf8, 0x0,
    0x0, 0x7, 0xe0, 0x0, 0x0,

    /* U+6D88 "消" */
    0x0, 0x0, 0x38, 0x0, 0x70, 0x40, 0xe0, 0x21,
    0xe7, 0x83, 0x81, 0xc3, 0xc7, 0x8e, 0xe, 0x7,
    0x8e, 0x38, 0x78, 0xf, 0x1c, 0xe3, 0xc0, 0x18,
    0x3b, 0x9e, 0x0, 0x0, 0xce, 0x30, 0x20, 0x0,
    0x38, 0x1, 0xe0, 0x7f, 0xff, 0xe3, 0xc1, 0xff,
    0xff, 0x87, 0x87, 0x0, 0xe, 0x7, 0x1c, 0x0,
    0x38, 0x1c, 0x70, 0x0, 0xe0, 0x21, 0xc0, 0x3,
    0x80, 0x7, 0xff, 0xfe, 0x0, 0x1f, 0xff, 0xf8,
    0x6, 0x70, 0x0, 0xe0, 0x39, 0xc0, 0x3, 0x80,
    0xe7, 0x0, 0xe, 0x3, 0x1c, 0x0, 0x38, 0x1c,
    0x7f, 0xff, 0xe0, 0x71, 0xff, 0xff, 0x83, 0x87,
    0x0, 0xe, 0xe, 0x1c, 0x0, 0x38, 0x70, 0x70,
    0x0, 0xe1, 0xc1, 0xc0, 0x3, 0x8e, 0x7, 0x0,
    0xe, 0x70, 0x1c, 0x7, 0xf8, 0x80, 0x70, 0x1f,
    0xc0,

    /* U+6E90 "源" */
    0x38, 0x7f, 0xff, 0xfc, 0x3c, 0xff, 0xff, 0xf8,
    0x3d, 0xc0, 0x70, 0x0, 0x1b, 0x80, 0xc0, 0x0,
    0x27, 0x3f, 0xff, 0xc, 0xe, 0x7f, 0xfe, 0x1c,
    0x1c, 0xe0, 0x1c, 0x3c, 0x39, 0xc0, 0x38, 0x3c,
    0x73, 0x80, 0x70, 0x38, 0xe7, 0xff, 0xe0, 0x31,
    0xcf, 0xff, 0xc0, 0x3, 0x9c, 0x3, 0x80, 0x7,
    0x38, 0x7, 0x0, 0xe, 0x70, 0xe, 0x1, 0x9c,
    0xff, 0xfc, 0x3, 0x39, 0xff, 0xf8, 0x6, 0x70,
    0x1c, 0x0, 0x1c, 0xe1, 0xb9, 0x80, 0x39, 0xc3,
    0xf3, 0x80, 0x63, 0x8e, 0xe3, 0x81, 0xce, 0x3d,
    0xc3, 0x83, 0x9c, 0xf3, 0x87, 0xe, 0x3b, 0xc7,
    0x7, 0x1c, 0xef, 0xe, 0x6, 0x71, 0xcc, 0x1c,
    0xc, 0xe7, 0x0, 0x38, 0x1, 0x9e, 0x1, 0xf0,
    0x0, 0x8, 0x3, 0xc0, 0x0,

    /* U+7075 "灵" */
    0xf, 0xff, 0xff, 0x80, 0x3f, 0xff, 0xfe, 0x0,
    0x0, 0x0, 0x38, 0x0, 0x0, 0x0, 0xe0, 0x0,
    0x0, 0x3, 0x80, 0x1f, 0xff, 0xfe, 0x0, 0x7f,
    0xff, 0xf8, 0x0, 0x0, 0x0, 0xe0, 0x0, 0x0,
    0x3, 0x80, 0x0, 0x0, 0xe, 0x0, 0x0, 0x0,
    0x38, 0x3, 0xff, 0xff, 0xe0, 0xf, 0xff, 0xff,
    0x80, 0x0, 0x8, 0x0, 0x0, 0x0, 0x38, 0x0,
    0x0, 0x60, 0xe0, 0x18, 0x3, 0x83, 0x80, 0xe0,
    0xe, 0xc, 0x3, 0x80, 0x70, 0x78, 0x1c, 0x3,
    0xc1, 0xf0, 0xf0, 0xe, 0xf, 0xe7, 0x80, 0x70,
    0x7b, 0xcc, 0x0, 0x3, 0xc7, 0x80, 0x0, 0x1e,
    0xf, 0x80, 0x1, 0xf0, 0x1f, 0x0, 0x1f, 0x80,
    0x3f, 0x7, 0xfc, 0x0, 0x3f, 0xbf, 0xc0, 0x0,
    0x3f, 0x70, 0x0, 0x0, 0x18,

    /* U+7184 "熄" */
    0x0, 0x0, 0x8, 0x0, 0x7, 0x0, 0x1c, 0x0,
    0xe, 0x0, 0x30, 0x0, 0x1c, 0x0, 0xe0, 0x0,
    0x38, 0x7f, 0xff, 0x0, 0x70, 0xff, 0xfe, 0x0,
    0xe1, 0xc0, 0x1c, 0xd, 0xcb, 0x80, 0x38, 0x1b,
    0xbf, 0xff, 0xf0, 0x37, 0x7f, 0xff, 0xe0, 0x6f,
    0xdc, 0x1, 0xc1, 0xdf, 0x38, 0x3, 0x83, 0x3e,
    0x70, 0x7, 0x6, 0x78, 0xff, 0xfe, 0x1c, 0xe1,
    0xff, 0xfc, 0x31, 0xc3, 0x80, 0x38, 0x3, 0x87,
    0x0, 0x70, 0x7, 0xf, 0xff, 0xe0, 0xe, 0x1f,
    0xff, 0xc0, 0x1c, 0x0, 0x80, 0x0, 0x3c, 0x3,
    0x80, 0x0, 0xfc, 0x7, 0x4, 0x1, 0xfb, 0x77,
    0x1c, 0x3, 0xbf, 0xe7, 0x3c, 0xf, 0x3d, 0xce,
    0x3c, 0x1c, 0x7b, 0x8d, 0xb8, 0x78, 0xe7, 0x7,
    0x38, 0xe3, 0xce, 0xe, 0x73, 0x8f, 0x1c, 0x18,
    0x6f, 0x4, 0x1f, 0xf0, 0xbc, 0x0, 0x1f, 0xc0,
    0x10, 0x0, 0x0, 0x0,

    /* U+7248 "版" */
    0x0, 0x70, 0x0, 0x0, 0x0, 0x73, 0xff, 0xfc,
    0x1c, 0x73, 0xff, 0xfc, 0x1c, 0x73, 0x80, 0x0,
    0x1c, 0x73, 0x80, 0x0, 0x1c, 0x73, 0x80, 0x0,
    0x1c, 0x73, 0x80, 0x0, 0x1c, 0x73, 0x80, 0x0,
    0x1c, 0x73, 0x80, 0x0, 0x1f, 0xff, 0x80, 0x0,
    0x1f, 0xff, 0xff, 0xfc, 0x1c, 0x3, 0xff, 0xf8,
    0x1c, 0x3, 0x9c, 0x38, 0x1c, 0x3, 0x9c, 0x38,
    0x1c, 0x3, 0x9c, 0x38, 0x1c, 0x3, 0x9c, 0x38,
    0x1f, 0xf3, 0x8c, 0x70, 0x1f, 0xf3, 0x8e, 0x70,
    0x1c, 0x73, 0x8e, 0x70, 0x1c, 0x73, 0x86, 0xe0,
    0x1c, 0x73, 0x87, 0xe0, 0x1c, 0x73, 0x3, 0xc0,
    0x1c, 0x77, 0x3, 0x80, 0x3c, 0x77, 0x7, 0xc0,
    0x38, 0x77, 0xf, 0xe0, 0x38, 0x76, 0x1e, 0xf0,
    0x78, 0x7e, 0x3c, 0x78, 0x70, 0x7c, 0xf8, 0x3c,
    0xf0, 0x3f, 0xe0, 0x1f, 0x60, 0x19, 0xc0, 0xe,
    0x20, 0x0, 0x0, 0x0,

    /* U+7387 "率" */
    0x0, 0x7, 0x0, 0x0, 0x0, 0x38, 0x0, 0x0,
    0x1, 0xc0, 0x0, 0x0, 0xe, 0x0, 0x7, 0xff,
    0xff, 0xff, 0x3f, 0xff, 0xff, 0xf8, 0x0, 0x1c,
    0x0, 0x86, 0x1, 0xc0, 0xc, 0x7c, 0x1c, 0x71,
    0xe0, 0xf3, 0xc7, 0x1e, 0x3, 0xde, 0x71, 0xe0,
    0xd, 0xff, 0x8e, 0x0, 0x1, 0xf8, 0x0, 0x0,
    0x83, 0x90, 0x0, 0xc, 0x39, 0xde, 0x1, 0xe3,
    0x8e, 0xfc, 0x3e, 0x1f, 0xf9, 0xf7, 0xc7, 0xff,
    0xc3, 0x98, 0x1f, 0xee, 0x4, 0x0, 0xe, 0x20,
    0x0, 0x0, 0x70, 0x0, 0x7f, 0xff, 0xff, 0xff,
    0xff, 0xff, 0xff, 0xe0, 0x0, 0xe0, 0x0, 0x0,
    0x7, 0x0, 0x0, 0x0, 0x38, 0x0, 0x0, 0x1,
    0xc0, 0x0, 0x0, 0xe, 0x0, 0x0, 0x0, 0x70,
    0x0, 0x0, 0x3, 0x80, 0x0, 0x0, 0x1c, 0x0,
    0x0,

    /* U+73AF "环" */
    0x0, 0xf, 0xff, 0xfe, 0x0, 0xf, 0xff, 0xfe,
    0x7f, 0xef, 0xff, 0xfe, 0x7f, 0xe0, 0x1c, 0x0,
    0x6, 0x0, 0x1c, 0x0, 0x6, 0x0, 0x1c, 0x0,
    0x6, 0x0, 0x38, 0x0, 0x6, 0x0, 0x38, 0x0,
    0x6, 0x0, 0x38, 0x0, 0x6, 0x0, 0x78, 0x0,
    0x7f, 0xc0, 0x70, 0x0, 0x7f, 0xc0, 0x7d, 0x80,
    0x6, 0x0, 0xfc, 0xc0, 0x6, 0x0, 0xdc, 0x70,
    0x6, 0x1, 0xdc, 0x38, 0x6, 0x3, 0x9c, 0x18,
    0x6, 0x7, 0x9c, 0x1c, 0x6, 0x2f, 0x1c, 0xe,
    0x6, 0xfe, 0x1c, 0xe, 0x7, 0xfc, 0x1c, 0x7,
    0x1f, 0x98, 0x1c, 0x4, 0x7e, 0x0, 0x1c, 0x0,
    0x78, 0x0, 0x1c, 0x0, 0x20, 0x0, 0x1c, 0x0,
    0x0, 0x0, 0x1c, 0x0, 0x0, 0x0, 0x1c, 0x0,
    0x0, 0x0, 0x1c, 0x0, 0x0, 0x0, 0x1c, 0x0,
    0x0, 0x0, 0x1c, 0x0,

    /* U+751F "生" */
    0x0, 0x3, 0x80, 0x0, 0x0, 0xe, 0x0, 0x0,
    0x20, 0x38, 0x0, 0x0, 0xe0, 0xe0, 0x0, 0x3,
    0x83, 0x80, 0x0, 0xe, 0xe, 0x0, 0x0, 0x30,
    0x38, 0x0, 0x1, 0xff, 0xff, 0xfc, 0x7, 0xff,
    0xff, 0xf0, 0x18, 0xe, 0x0, 0x0, 0xe0, 0x38,
    0x0, 0x7, 0x0, 0xe0, 0x0, 0x1c, 0x3, 0x80,
    0x0, 0xe0, 0xe, 0x0, 0x7, 0x0, 0x38, 0x0,
    0xc, 0x0, 0xe0, 0x0, 0x7, 0xff, 0xff, 0xc0,
    0x1f, 0xff, 0xff, 0x0, 0x0, 0x38, 0x0, 0x0,
    0x0, 0xe0, 0x0, 0x0, 0x3, 0x80, 0x0, 0x0,
    0xe, 0x0, 0x0, 0x0, 0x38, 0x0, 0x0, 0x0,
    0xe0, 0x0, 0x0, 0x3, 0x80, 0x0, 0x0, 0xe,
    0x0, 0x3, 0xff, 0xff, 0xff, 0xcf, 0xff, 0xff,
    0xff,

    /* U+7528 "用" */
    0x7, 0xff, 0xff, 0xf0, 0x7f, 0xff, 0xff, 0x7,
    0x1, 0xc0, 0x70, 0x70, 0x1c, 0x7, 0x7, 0x1,
    0xc0, 0x70, 0x70, 0x1c, 0x7, 0x7, 0x1, 0xc0,
    0x70, 0x70, 0x1c, 0x7, 0x7, 0xff, 0xff, 0xf0,
    0x7f, 0xff, 0xff, 0x7, 0x1, 0xc0, 0x70, 0x70,
    0x1c, 0x7, 0x7, 0x1, 0xc0, 0x70, 0x70, 0x1c,
    0x7, 0x7, 0x1, 0xc0, 0x70, 0x70, 0x1c, 0x7,
    0x7, 0xff, 0xff, 0xf0, 0x7f, 0xff, 0xff, 0x7,
    0x1, 0xc0, 0x70, 0x70, 0x1c, 0x7, 0xf, 0x1,
    0xc0, 0x70, 0xe0, 0x1c, 0x7, 0xe, 0x1, 0xc0,
    0x71, 0xe0, 0x1c, 0x7, 0x3c, 0x1, 0xc0, 0x73,
    0xc0, 0x1c, 0x7, 0x78, 0x0, 0x0, 0x7f, 0x0,
    0x0, 0x7f, 0x60, 0x0, 0x3, 0xe0, 0x0, 0x0,
    0x0,

    /* U+7535 "电" */
    0x0, 0x38, 0x0, 0x0, 0x7, 0x0, 0x0, 0x0,
    0xe0, 0x0, 0x0, 0x1c, 0x0, 0x0, 0x3, 0x80,
    0x1, 0xff, 0xff, 0xfc, 0x3f, 0xff, 0xff, 0x86,
    0x1, 0xc0, 0x70, 0xc0, 0x38, 0xe, 0x18, 0x7,
    0x1, 0xc3, 0x0, 0xe0, 0x38, 0x60, 0x1c, 0x7,
    0xf, 0xff, 0xff, 0xe1, 0xff, 0xff, 0xfc, 0x30,
    0xe, 0x3, 0x86, 0x1, 0xc0, 0x70, 0xc0, 0x38,
    0xe, 0x18, 0x7, 0x1, 0xc3, 0x0, 0xe0, 0x38,
    0x60, 0x1c, 0x7, 0xf, 0xff, 0xff, 0xe1, 0xff,
    0xff, 0xfc, 0x0, 0xe, 0x0, 0x20, 0x1, 0xc0,
    0x7, 0x0, 0x38, 0x0, 0xe0, 0x7, 0x0, 0x1c,
    0x0, 0xe0, 0x3, 0x80, 0x1f, 0xff, 0xe0, 0x1,
    0xff, 0xfc,

    /* U+76D1 "监" */
    0x0, 0xe0, 0x20, 0x0, 0xe3, 0x80, 0xc0, 0x3,
    0x8e, 0x3, 0x0, 0xe, 0x38, 0x1c, 0x0, 0x38,
    0xe0, 0x60, 0x0, 0xe3, 0x81, 0xff, 0xe3, 0x8e,
    0xf, 0xff, 0x8e, 0x38, 0x38, 0x0, 0x38, 0xe1,
    0xc0, 0x0, 0xe3, 0x87, 0x38, 0x3, 0x8e, 0x38,
    0xf0, 0xe, 0x39, 0xe1, 0xe0, 0x38, 0xef, 0x1,
    0xc0, 0xe3, 0xb8, 0x3, 0x83, 0x8e, 0x40, 0x4,
    0x0, 0x38, 0x0, 0x0, 0x0, 0x0, 0x0, 0x0,
    0x0, 0x0, 0x0, 0x0, 0xff, 0xff, 0xfc, 0x3,
    0xff, 0xff, 0xf0, 0xe, 0x38, 0x61, 0xc0, 0x38,
    0xe1, 0x87, 0x0, 0xe3, 0x86, 0x1c, 0x3, 0x8e,
    0x18, 0x70, 0xe, 0x38, 0x61, 0xc0, 0x38, 0xe1,
    0x87, 0x0, 0xe3, 0x86, 0x1c, 0x3f, 0xff, 0xff,
    0xff, 0xff, 0xff, 0xff, 0xfc,

    /* U+7801 "码" */
    0x0, 0x7, 0xff, 0xe1, 0xff, 0xff, 0xff, 0x87,
    0xff, 0x80, 0xe, 0x0, 0xc0, 0x70, 0x38, 0x7,
    0x1, 0xc0, 0xe0, 0x1c, 0x7, 0x3, 0x80, 0x70,
    0x18, 0xe, 0x1, 0x80, 0x60, 0x38, 0xe, 0x1,
    0x80, 0xc0, 0x38, 0x6, 0x7, 0x1, 0xff, 0x38,
    0x1c, 0x7, 0xfc, 0xe0, 0x70, 0x3c, 0x33, 0xff,
    0xfd, 0xf0, 0xcf, 0xff, 0xff, 0xc3, 0x0, 0x1,
    0xdb, 0xc, 0x0, 0x7, 0xc, 0x30, 0x0, 0x1c,
    0x30, 0xc0, 0x0, 0x60, 0xc3, 0x7f, 0xf9, 0x83,
    0xd, 0xff, 0xe6, 0xc, 0x37, 0xff, 0x98, 0x3f,
    0xc0, 0x0, 0xe0, 0xff, 0x0, 0x3, 0x83, 0xc,
    0x0, 0xe, 0xc, 0x30, 0x0, 0x38, 0x30, 0xc0,
    0x10, 0xc0, 0x0, 0x0, 0x7f, 0x0, 0x0, 0x1,
    0xf8,

    /* U+786E "确" */
    0x0, 0x0, 0x60, 0x0, 0x0, 0x1, 0xc0, 0x0,
    0x0, 0xe, 0x0, 0x1f, 0xfe, 0x3f, 0xf8, 0x7f,
    0xf9, 0xff, 0xe0, 0x18, 0xe, 0x7, 0x0, 0x60,
    0x38, 0x3c, 0x3, 0x81, 0xc0, 0xe0, 0xe, 0xf,
    0x7, 0x0, 0x38, 0x7f, 0xff, 0xf0, 0xe3, 0xff,
    0xff, 0xc3, 0x87, 0x83, 0x87, 0x1f, 0xf6, 0xe,
    0x1c, 0x7f, 0x98, 0x38, 0x73, 0xce, 0x60, 0xe1,
    0xcf, 0x39, 0xff, 0xff, 0x7c, 0xe7, 0xff, 0xfd,
    0xf3, 0x98, 0x38, 0x73, 0xce, 0xe0, 0xe1, 0xc7,
    0x3b, 0x83, 0x87, 0x1c, 0xee, 0xe, 0x1c, 0x73,
    0xbf, 0xff, 0xf1, 0xfe, 0xff, 0xff, 0xc7, 0xfb,
    0x0, 0x7, 0x1c, 0xfc, 0x0, 0x1c, 0x73, 0xf0,
    0x0, 0x71, 0xc3, 0x80, 0x1, 0xc0, 0xe, 0x0,
    0x7, 0x0, 0x70, 0x0, 0x1c, 0x3, 0x80, 0x3,
    0xf0, 0xc, 0x0, 0xf, 0x80,

    /* U+78B0 "碰" */
    0x0, 0x2, 0x0, 0x40, 0x0, 0xe, 0x0, 0xe0,
    0x0, 0x1e, 0x1, 0x83, 0xff, 0x9e, 0x7, 0x7,
    0xff, 0x1e, 0xe, 0x1, 0xc0, 0x1c, 0x38, 0x3,
    0x80, 0x3c, 0xf0, 0x7, 0x0, 0x31, 0xc0, 0xc,
    0x1f, 0xff, 0xfc, 0x38, 0x3f, 0xff, 0xf8, 0x70,
    0x1, 0xcc, 0x0, 0xe0, 0x3, 0x98, 0x1, 0xfe,
    0x47, 0x30, 0x7, 0xfd, 0x8e, 0x63, 0xf, 0x3b,
    0x9c, 0xc6, 0x3e, 0x77, 0x39, 0x9c, 0xfc, 0xe6,
    0x73, 0x38, 0xf9, 0xce, 0xe6, 0x61, 0x73, 0x9d,
    0xcc, 0xc0, 0xe7, 0x1b, 0x9b, 0x81, 0xce, 0x37,
    0x37, 0x3, 0x9c, 0x7e, 0x6c, 0x7, 0x38, 0xfc,
    0xf8, 0xe, 0x71, 0xb9, 0xb0, 0x1f, 0xe0, 0x73,
    0x0, 0x3f, 0xc0, 0xe6, 0x0, 0x73, 0x81, 0xcc,
    0x0, 0xe0, 0x3, 0x98, 0x0, 0x3, 0xff, 0xff,
    0xe0, 0x7, 0xff, 0xff, 0xc0,

    /* U+793A "示" */
    0x1f, 0xff, 0xff, 0x80, 0xff, 0xff, 0xfc, 0x0,
    0x0, 0x0, 0x0, 0x0, 0x0, 0x0, 0x0, 0x0,
    0x0, 0x0, 0x0, 0x0, 0x0, 0x0, 0x0, 0x0,
    0x0, 0xf, 0xff, 0xff, 0xfc, 0x7f, 0xff, 0xff,
    0xe0, 0x0, 0x38, 0x0, 0x0, 0x1, 0xc0, 0x0,
    0x2, 0xe, 0x10, 0x0, 0x18, 0x71, 0xc0, 0x1,
    0xc3, 0x8f, 0x0, 0x1c, 0x1c, 0x3c, 0x0, 0xe0,
    0xe0, 0xf0, 0xe, 0x7, 0x3, 0x80, 0xf0, 0x38,
    0xe, 0x7, 0x1, 0xc0, 0x78, 0x70, 0xe, 0x1,
    0xc7, 0x0, 0x70, 0x7, 0x70, 0x3, 0x80, 0x3d,
    0x0, 0x1c, 0x0, 0xc0, 0x0, 0xe0, 0x0, 0x0,
    0x7, 0x0, 0x0, 0x7, 0xf0, 0x0, 0x0, 0x3f,
    0x0, 0x0,

    /* U+79D1 "科" */
    0x0, 0x1c, 0x0, 0xe0, 0x0, 0x7c, 0x0, 0xe0,
    0x3, 0xf8, 0x0, 0xe0, 0x3f, 0xe1, 0xc0, 0xe0,
    0x3f, 0xc1, 0xe0, 0xe0, 0x1, 0xc0, 0x70, 0xe0,
    0x1, 0xc0, 0x38, 0xe0, 0x1, 0xc0, 0x1c, 0xe0,
    0x1, 0xc0, 0xc, 0xe0, 0x3f, 0xfe, 0x0, 0xe0,
    0x3f, 0xfe, 0x0, 0xe0, 0x1, 0xc1, 0xc0, 0xe0,
    0x1, 0xc1, 0xe0, 0xe0, 0x3, 0xf0, 0xf0, 0xe0,
    0x3, 0xf8, 0x38, 0xe0, 0x7, 0xfc, 0x1c, 0xe0,
    0xf, 0xce, 0x18, 0xe0, 0xf, 0xcf, 0x0, 0xfe,
    0x1d, 0xc6, 0x3, 0xfe, 0x3d, 0xc0, 0x3f, 0xf8,
    0x79, 0xc3, 0xff, 0xe0, 0x71, 0xc7, 0xf8, 0xe0,
    0x21, 0xc3, 0x80, 0xe0, 0x1, 0xc0, 0x0, 0xe0,
    0x1, 0xc0, 0x0, 0xe0, 0x1, 0xc0, 0x0, 0xe0,
    0x1, 0xc0, 0x0, 0xe0, 0x1, 0xc0, 0x0, 0xe0,
    0x1, 0xc0, 0x0, 0xe0, 0x1, 0xc0, 0x0, 0xe0,

    /* U+79D2 "秒" */
    0x0, 0x78, 0xe, 0x0, 0x7f, 0xf0, 0xe, 0x0,
    0x7f, 0x80, 0xe, 0x0, 0x3, 0x80, 0xce, 0x60,
    0x3, 0x80, 0xce, 0xf0, 0x3, 0x80, 0xce, 0x70,
    0x3, 0x81, 0xce, 0x38, 0x3, 0x81, 0xce, 0x3c,
    0x7f, 0xf9, 0x8e, 0x1c, 0x7f, 0xfb, 0x8e, 0xe,
    0x3, 0x83, 0x8e, 0xe, 0x3, 0x87, 0xe, 0x6,
    0x3, 0x8f, 0xe, 0x6, 0x7, 0xf6, 0xe, 0x24,
    0x7, 0xf0, 0xe, 0x30, 0xf, 0xb8, 0xe, 0x70,
    0x1f, 0x9c, 0xe, 0x70, 0x1f, 0x9c, 0xfe, 0xe0,
    0x3b, 0x8c, 0xfc, 0xe0, 0x7b, 0x88, 0x1, 0xc0,
    0xf3, 0x80, 0x3, 0x80, 0x63, 0x80, 0x7, 0x80,
    0x3, 0x80, 0xf, 0x0, 0x3, 0x80, 0x3e, 0x0,
    0x3, 0x80, 0x7c, 0x0, 0x3, 0x81, 0xf0, 0x0,
    0x3, 0x9f, 0xe0, 0x0, 0x3, 0x9f, 0x80, 0x0,
    0x3, 0x8c, 0x0, 0x0,

    /* U+79F0 "称" */
    0x0, 0x10, 0x0, 0x0, 0x0, 0xe0, 0xe0, 0x0,
    0x7, 0xc1, 0xc0, 0x1, 0xff, 0x3, 0x80, 0x7,
    0xf8, 0x7, 0x0, 0xf, 0x70, 0x1c, 0x0, 0x0,
    0xe0, 0x3f, 0xff, 0x1, 0xc0, 0xff, 0xfe, 0x3,
    0x81, 0xff, 0xfc, 0xff, 0xf7, 0x80, 0x1, 0xff,
    0xee, 0x0, 0x0, 0x1c, 0x38, 0x30, 0x0, 0x78,
    0xf0, 0x60, 0x0, 0xf9, 0xc0, 0xc0, 0x1, 0xf9,
    0x1, 0x80, 0x7, 0xf8, 0x3, 0x0, 0xf, 0xb0,
    0xe6, 0xe0, 0x3f, 0x71, 0xcc, 0xe0, 0x6e, 0x67,
    0x19, 0xc1, 0xdc, 0x8e, 0x31, 0xc7, 0xb8, 0x38,
    0x63, 0x8e, 0x70, 0x70, 0xc3, 0xb8, 0xe1, 0xc1,
    0x87, 0x31, 0xc7, 0x3, 0x6, 0x3, 0x9e, 0x6,
    0xe, 0x7, 0x38, 0xc, 0x1c, 0xe, 0x20, 0x18,
    0x10, 0x1c, 0x0, 0x30, 0x0, 0x38, 0x0, 0x60,
    0x0, 0x70, 0xf, 0xc0, 0x0, 0xe0, 0x1f, 0x0,
    0x0,

    /* U+7A0D "稍" */
    0x0, 0x0, 0x7, 0x0, 0x0, 0x10, 0xe, 0x0,
    0x0, 0xf1, 0xdd, 0xc0, 0xf, 0xc3, 0xb9, 0xc3,
    0xfe, 0xe, 0x71, 0xc7, 0xf8, 0x1c, 0xe3, 0x80,
    0x70, 0x71, 0xc3, 0x80, 0xe1, 0xc3, 0x87, 0x1,
    0xc1, 0x87, 0x0, 0x7f, 0xf8, 0xe, 0x0, 0xff,
    0xf7, 0xff, 0xf0, 0xe, 0xf, 0xff, 0xe0, 0x1c,
    0x18, 0x1, 0xc0, 0x78, 0x30, 0x3, 0x80, 0xf8,
    0x60, 0x7, 0x3, 0xf8, 0xc0, 0xe, 0x7, 0xf9,
    0xff, 0xfc, 0x1f, 0xbb, 0xff, 0xf8, 0x3f, 0x76,
    0x0, 0x70, 0xee, 0x6c, 0x0, 0xe3, 0x9c, 0x98,
    0x1, 0xce, 0x38, 0x30, 0x3, 0x98, 0x70, 0x7f,
    0xff, 0x0, 0xe0, 0xff, 0xfe, 0x1, 0xc1, 0x80,
    0x1c, 0x3, 0x83, 0x0, 0x38, 0x7, 0x6, 0x0,
    0x70, 0xe, 0xc, 0x0, 0xe0, 0x1c, 0x18, 0x1,
    0xc0, 0x38, 0x30, 0x1f, 0x80, 0x70, 0x60, 0x3e,
    0x0,

    /* U+7B80 "简" */
    0x1, 0x0, 0x8, 0x0, 0x3, 0x0, 0x1c, 0x0,
    0x6, 0x0, 0x30, 0x0, 0x1f, 0xfc, 0xff, 0xf0,
    0x3f, 0xf9, 0xff, 0xe0, 0xee, 0x7, 0x38, 0x3,
    0x8e, 0x1c, 0x38, 0xe, 0xe, 0x70, 0x70, 0x39,
    0x98, 0x60, 0x0, 0xe3, 0x8f, 0xff, 0xf0, 0x83,
    0x9f, 0xff, 0xe0, 0x73, 0x80, 0x1, 0xc0, 0xe4,
    0x0, 0x3, 0x81, 0xc3, 0xff, 0x87, 0x3, 0x87,
    0xff, 0xe, 0x7, 0xe, 0xe, 0x1c, 0xe, 0x1c,
    0x1c, 0x38, 0x1c, 0x38, 0x38, 0x70, 0x38, 0x7f,
    0xf0, 0xe0, 0x70, 0xff, 0xe1, 0xc0, 0xe1, 0xc1,
    0xc3, 0x81, 0xc3, 0x83, 0x87, 0x3, 0x87, 0xff,
    0xe, 0x7, 0xf, 0xfe, 0x1c, 0xe, 0x1c, 0x1c,
    0x38, 0x1c, 0x38, 0x0, 0x70, 0x38, 0x0, 0x0,
    0xe0, 0x70, 0x0, 0x1, 0xc0, 0xe0, 0x0, 0x1f,
    0x81, 0xc0, 0x0, 0x3e, 0x0,

    /* U+7CFB "系" */
    0x0, 0x0, 0x0, 0x60, 0x0, 0x0, 0x1f, 0xe0,
    0x0, 0x1f, 0xff, 0x81, 0xff, 0xff, 0xe0, 0x3,
    0xff, 0xf0, 0x0, 0x0, 0x1, 0xe0, 0x40, 0x0,
    0x7, 0x81, 0xc0, 0x0, 0x1e, 0x7, 0x80, 0x7,
    0x78, 0x1e, 0x0, 0xf, 0xc0, 0x78, 0x0, 0x1f,
    0xc3, 0xe0, 0x0, 0xf, 0xcf, 0x0, 0x0, 0x7,
    0xfc, 0x0, 0x0, 0x3, 0xf0, 0xc0, 0x0, 0x7,
    0xc1, 0xe0, 0x0, 0x1e, 0x1, 0xe0, 0x0, 0x78,
    0x1, 0xe0, 0x3f, 0xff, 0xff, 0xe0, 0x7f, 0xff,
    0xff, 0xe0, 0x0, 0x1c, 0x1, 0xc0, 0x4, 0x38,
    0x41, 0x0, 0x1c, 0x70, 0xe0, 0x0, 0x70, 0xe3,
    0xf0, 0x1, 0xe1, 0xc0, 0xf0, 0xf, 0x83, 0x80,
    0xf0, 0x7c, 0x7, 0x0, 0x7b, 0xf0, 0xe, 0x0,
    0x73, 0x80, 0x1c, 0x0, 0x60, 0x0, 0x38, 0x0,
    0x0, 0x0, 0x70, 0x0, 0x0,

    /* U+7EDF "统" */
    0x0, 0x0, 0xe0, 0x0, 0x6, 0x3, 0xe0, 0x0,
    0x1c, 0x1, 0xe0, 0x0, 0x38, 0x0, 0xe0, 0x0,
    0x61, 0xff, 0xff, 0x81, 0xc3, 0xff, 0xff, 0x3,
    0x0, 0x1c, 0x0, 0xe, 0x30, 0x78, 0x0, 0x18,
    0x70, 0xe1, 0x80, 0x71, 0xc3, 0x87, 0x80, 0xc7,
    0x9e, 0x7, 0x83, 0xfe, 0x78, 0x7, 0x87, 0xfd,
    0xff, 0xff, 0xf, 0xf3, 0xff, 0xff, 0x19, 0xc7,
    0xfc, 0x6, 0x7, 0x84, 0x0, 0xc, 0xe, 0x0,
    0x0, 0x0, 0x38, 0x3, 0x8e, 0x0, 0xe3, 0xc7,
    0x1c, 0x3, 0xff, 0x8e, 0x38, 0x7, 0xf8, 0x1c,
    0x70, 0xf, 0x0, 0x38, 0xe0, 0x0, 0x0, 0x71,
    0xc0, 0x0, 0x1c, 0xc3, 0x86, 0x1, 0xfb, 0x87,
    0xc, 0x1f, 0xcf, 0xe, 0x39, 0xfc, 0x3c, 0x1c,
    0x73, 0xc0, 0xf0, 0x3f, 0xc0, 0x7, 0xc0, 0x3f,
    0x0, 0xe, 0x0, 0x0, 0x0, 0x0, 0x0, 0x0,
    0x0,

    /* U+7F6E "置" */
    0x3f, 0xff, 0xff, 0xc1, 0xff, 0xff, 0xfe, 0xc,
    0x1c, 0x38, 0x30, 0x60, 0xe1, 0xc1, 0x83, 0xff,
    0xff, 0xfc, 0x1f, 0xff, 0xff, 0xe0, 0x0, 0xe,
    0x0, 0x0, 0x0, 0x70, 0x0, 0xff, 0xff, 0xff,
    0xf7, 0xff, 0xff, 0xff, 0x80, 0x1, 0xc0, 0x0,
    0x0, 0xe, 0x0, 0xe, 0x1f, 0xff, 0xf0, 0x70,
    0xff, 0xff, 0x83, 0x86, 0x0, 0xc, 0x1c, 0x3f,
    0xff, 0xe0, 0xe1, 0xff, 0xff, 0x7, 0xc, 0x0,
    0x18, 0x38, 0x60, 0x0, 0xc1, 0xc3, 0xff, 0xfe,
    0xe, 0x1f, 0xff, 0xf0, 0x70, 0xc0, 0x1, 0x83,
    0x87, 0xff, 0xfc, 0x1c, 0x3f, 0xff, 0xe0, 0xe0,
    0x0, 0x0, 0x7, 0x0, 0x0, 0x0, 0x3f, 0xff,
    0xff, 0xff, 0xff, 0xff, 0xff, 0xfe, 0x0, 0x0,
    0x0, 0x0,

    /* U+81EA "自" */
    0x0, 0x0, 0x0, 0x0, 0xc0, 0x0, 0xe, 0x0,
    0x0, 0x70, 0x0, 0x7, 0x0, 0x0, 0x78, 0x3,
    0xff, 0xff, 0xff, 0xff, 0xff, 0xe0, 0x0, 0x3f,
    0x0, 0x1, 0xf8, 0x0, 0xf, 0xc0, 0x0, 0x7f,
    0xff, 0xff, 0xff, 0xff, 0xff, 0x80, 0x0, 0xfc,
    0x0, 0x7, 0xe0, 0x0, 0x3f, 0x0, 0x1, 0xf8,
    0x0, 0xf, 0xff, 0xff, 0xff, 0xff, 0xff, 0xf0,
    0x0, 0x1f, 0x80, 0x0, 0xfc, 0x0, 0x7, 0xe0,
    0x0, 0x3f, 0x0, 0x1, 0xff, 0xff, 0xff, 0xff,
    0xff, 0xfe, 0x0, 0x3, 0xf0, 0x0, 0x1f, 0x80,
    0x0, 0xe0,

    /* U+89E3 "解" */
    0x2, 0x0, 0x0, 0x0, 0xc, 0x0, 0x0, 0x0,
    0x70, 0x7, 0xff, 0x1, 0xff, 0x1f, 0xfc, 0xf,
    0xf8, 0x1c, 0x30, 0x38, 0x60, 0x70, 0xc1, 0xc3,
    0x81, 0xc3, 0xf, 0xc, 0xe, 0x1c, 0x7f, 0xff,
    0x7b, 0xe3, 0xff, 0xff, 0xcf, 0x7, 0xce, 0x7e,
    0x0, 0xf, 0x39, 0xd8, 0xe0, 0x1c, 0xe7, 0x33,
    0x80, 0x73, 0x9c, 0xce, 0x1, 0xff, 0xf3, 0xff,
    0x7, 0xff, 0xdf, 0xfc, 0x1c, 0xe7, 0x63, 0x80,
    0x73, 0x9d, 0x8e, 0x1, 0xce, 0x7e, 0x38, 0x7,
    0x39, 0xd0, 0xe0, 0x1f, 0xff, 0x3, 0x80, 0x7f,
    0xfd, 0xff, 0xf1, 0xff, 0xf7, 0xff, 0xc7, 0x1,
    0xc0, 0xe0, 0x1c, 0x7, 0x3, 0x80, 0xe0, 0x1c,
    0xe, 0x3, 0x80, 0x70, 0x38, 0x1c, 0x1, 0xc0,
    0xe0, 0xf0, 0x1f, 0x3, 0x81, 0x80, 0x78, 0xe,
    0x0,

    /* U+8A00 "言" */
    0x1f, 0xff, 0xff, 0x1, 0xff, 0xff, 0xf0, 0x0,
    0x0, 0x0, 0x0, 0x0, 0x0, 0x0, 0x0, 0x0,
    0x0, 0xf, 0xff, 0xff, 0xff, 0xff, 0xff, 0xff,
    0xf0, 0x0, 0x0, 0x0, 0x0, 0x0, 0x0, 0x0,
    0x0, 0x0, 0x0, 0x1f, 0xff, 0xff, 0x1, 0xff,
    0xff, 0xf0, 0x0, 0x0, 0x0, 0x0, 0x0, 0x0,
    0x0, 0x1f, 0xff, 0xff, 0x1, 0xff, 0xff, 0xf0,
    0x0, 0x0, 0x0, 0x0, 0x0, 0x0, 0x0, 0x0,
    0x0, 0x0, 0x0, 0x0, 0x0, 0x0, 0xf, 0xff,
    0xff, 0x0, 0xff, 0xff, 0xf0, 0xe, 0x0, 0x7,
    0x0, 0xe0, 0x0, 0x70, 0xe, 0x0, 0x7, 0x0,
    0xe0, 0x0, 0x70, 0xf, 0xff, 0xff, 0x0, 0xff,
    0xff, 0xf0, 0xe, 0x0, 0x7, 0x0, 0xe0, 0x0,
    0x70,

    /* U+8BB0 "记" */
    0x18, 0x0, 0x0, 0x0, 0xf0, 0x0, 0x0, 0x0,
    0xe0, 0xff, 0xfe, 0x1, 0xc3, 0xff, 0xf8, 0x7,
    0x0, 0x0, 0xe0, 0x8, 0x0, 0x3, 0x80, 0x0,
    0x0, 0xe, 0x0, 0x0, 0x0, 0x38, 0x0, 0x0,
    0x0, 0xe3, 0xfc, 0x0, 0x3, 0x8f, 0xf0, 0x0,
    0xe, 0x1, 0xc0, 0x0, 0x38, 0x7, 0x0, 0x0,
    0xe0, 0x1c, 0x1f, 0xff, 0x80, 0x70, 0x7f, 0xfe,
    0x1, 0xc1, 0xc0, 0x38, 0x7, 0x7, 0x0, 0x0,
    0x1c, 0x1c, 0x0, 0x0, 0x70, 0x70, 0x0, 0x1,
    0xc1, 0xc0, 0x0, 0x7, 0x7, 0x0, 0x0, 0x1c,
    0x1c, 0x0, 0x0, 0x70, 0x70, 0x1, 0xc1, 0xc5,
    0xc0, 0x6, 0x7, 0x37, 0x0, 0x18, 0x1f, 0xdc,
    0x0, 0x60, 0x7e, 0x70, 0x3, 0x81, 0xe1, 0xff,
    0xfc, 0x2, 0x1, 0xff, 0xe0,

    /* U+8BBE "设" */
    0xe, 0x1, 0xff, 0xc0, 0x1e, 0x3, 0xff, 0x80,
    0x1e, 0x7, 0x7, 0x0, 0x1e, 0xe, 0xe, 0x0,
    0x1c, 0x1c, 0x1c, 0x0, 0x10, 0x38, 0x38, 0x0,
    0x0, 0x70, 0x70, 0x0, 0x1, 0xe0, 0xe0, 0x0,
    0x7, 0x81, 0xfd, 0xfe, 0x1e, 0x1, 0xfb, 0xfc,
    0x7c, 0x0, 0x0, 0x38, 0x60, 0x0, 0x0, 0x70,
    0x80, 0x0, 0x0, 0xe0, 0xff, 0xfe, 0x1, 0xc1,
    0xff, 0xf8, 0x3, 0x80, 0xe0, 0x70, 0x7, 0x1,
    0xc1, 0xe0, 0xe, 0x1, 0xc3, 0x80, 0x1c, 0x3,
    0x8f, 0x0, 0x38, 0x3, 0xbc, 0x0, 0x71, 0x87,
    0xf0, 0x0, 0xef, 0x7, 0xc0, 0x1, 0xfe, 0xf,
    0x80, 0x3, 0xf0, 0x7f, 0xc0, 0x7, 0x83, 0xf3,
    0xe0, 0x4, 0x1f, 0x83, 0xf0, 0x0, 0xfc, 0x1,
    0xf8, 0x1, 0xe0, 0x0, 0xe0, 0x0, 0x0, 0x0,
    0x40,

    /* U+8BD5 "试" */
    0x0, 0x0, 0x3, 0x0, 0x30, 0x0, 0x6, 0xc0,
    0xf0, 0x0, 0xd, 0xc0, 0x70, 0x0, 0x19, 0xc0,
    0x70, 0x0, 0x31, 0x80, 0xf0, 0x0, 0x63, 0x80,
    0xc0, 0x0, 0xc0, 0x0, 0xf, 0xff, 0xfe, 0x0,
    0x1f, 0xff, 0xfc, 0x0, 0x0, 0x6, 0x3, 0xfc,
    0x0, 0xc, 0x7, 0xf8, 0x0, 0x18, 0xf, 0xf0,
    0x0, 0x38, 0x0, 0xe1, 0xff, 0x70, 0x1, 0xc3,
    0xfe, 0xe0, 0x3, 0x80, 0xe1, 0xc0, 0x7, 0x1,
    0xc3, 0x80, 0xe, 0x3, 0x87, 0x0, 0x1c, 0x7,
    0xe, 0x0, 0x38, 0xe, 0xc, 0x0, 0x70, 0x1c,
    0x58, 0x0, 0xe0, 0x3f, 0xb8, 0x1, 0xc0, 0xff,
    0x73, 0x3, 0x8f, 0xf8, 0xe6, 0x7, 0x2f, 0x80,
    0xcc, 0xf, 0xd0, 0x1, 0xd8, 0x1f, 0x80, 0x3,
    0xf0, 0x3e, 0x0, 0x3, 0xe0, 0x30, 0x0, 0x7,
    0x80, 0x0, 0x0, 0x7, 0x0,

    /* U+8BED "语" */
    0x38, 0x3f, 0xff, 0xf0, 0xf0, 0xff, 0xff, 0xc1,
    0xe0, 0x6, 0x0, 0x3, 0xc0, 0x18, 0x0, 0x7,
    0x0, 0xe0, 0x0, 0x8, 0x3f, 0xff, 0x0, 0x0,
    0xff, 0xfc, 0x0, 0x0, 0x30, 0x70, 0x0, 0x1,
    0xc1, 0xc3, 0xf8, 0x7, 0x7, 0xf, 0xe0, 0x1c,
    0x1c, 0x3, 0x80, 0x70, 0x70, 0xe, 0x7f, 0xff,
    0xfc, 0x39, 0xff, 0xff, 0xf0, 0xe0, 0x0, 0x0,
    0x3, 0x80, 0x0, 0x0, 0xe, 0x0, 0x0, 0x0,
    0x38, 0x1f, 0xff, 0x0, 0xe0, 0x7f, 0xfc, 0x3,
    0x81, 0x80, 0x30, 0xe, 0x6, 0x0, 0xc0, 0x38,
    0x58, 0x3, 0x0, 0xe7, 0x60, 0xc, 0x3, 0xfd,
    0x80, 0x30, 0xf, 0xe7, 0xff, 0xc0, 0x1c, 0x1f,
    0xff, 0x0, 0x0, 0x60, 0xc, 0x0, 0x1, 0x80,
    0x30,

    /* U+8BF7 "请" */
    0x0, 0x0, 0x38, 0x0, 0x0, 0x0, 0xe0, 0x1,
    0x80, 0x3, 0x80, 0xf, 0x7, 0xff, 0xfc, 0x1e,
    0x1f, 0xff, 0xf0, 0x3c, 0x0, 0xe0, 0x0, 0x78,
    0x3, 0x80, 0x0, 0x83, 0xff, 0xf8, 0x0, 0xf,
    0xff, 0xe0, 0x0, 0x0, 0xe0, 0x0, 0x0, 0x3,
    0x80, 0x3f, 0xdf, 0xff, 0xff, 0xff, 0x7f, 0xff,
    0xfc, 0x1c, 0x0, 0x0, 0x0, 0x70, 0x7f, 0xfe,
    0x1, 0xc1, 0xff, 0xf8, 0x7, 0x6, 0x0, 0xe0,
    0x1c, 0x18, 0x3, 0x80, 0x70, 0x7f, 0xfe, 0x1,
    0xc1, 0xff, 0xf8, 0x7, 0x6, 0x0, 0xe0, 0x1c,
    0x18, 0x3, 0x80, 0x70, 0x7f, 0xfe, 0x1, 0xc5,
    0xff, 0xf8, 0x7, 0x36, 0x0, 0xe0, 0x1f, 0xd8,
    0x3, 0x80, 0x7f, 0x60, 0xe, 0x1, 0xf9, 0x80,
    0x38, 0x7, 0x86, 0xf, 0xc0, 0x8, 0x18, 0x1f,
    0x0,

    /* U+8C03 "调" */
    0x10, 0x0, 0x0, 0x3, 0x81, 0xff, 0xff, 0x1c,
    0x1f, 0xff, 0xf0, 0xe1, 0xc0, 0x7, 0x7, 0x1c,
    0x30, 0x70, 0x21, 0xc3, 0x7, 0x0, 0x1c, 0x30,
    0x70, 0x1, 0xdf, 0xf7, 0x0, 0x1d, 0xff, 0x7f,
    0xe1, 0xc3, 0x7, 0xfe, 0x1c, 0x30, 0x70, 0xe1,
    0xc3, 0x7, 0xe, 0x1d, 0xff, 0x70, 0xe1, 0xdf,
    0xf7, 0xe, 0x1c, 0x0, 0x70, 0xe1, 0xcf, 0xe7,
    0xe, 0x1c, 0xfe, 0x70, 0xe1, 0xcc, 0xe7, 0xe,
    0x1c, 0xce, 0x70, 0xe1, 0xcc, 0xe7, 0xe, 0x5c,
    0xce, 0x70, 0xfd, 0xcc, 0xe7, 0xf, 0xdc, 0xfe,
    0x70, 0xf9, 0x8f, 0xe7, 0xe, 0x38, 0x0, 0x70,
    0x43, 0x80, 0x7, 0x0, 0x70, 0x0, 0x70, 0xf,
    0x0, 0xff, 0x0, 0xe0, 0x7, 0xe0, 0x4, 0x0,
    0x0,

    /* U+8F66 "车" */
    0x0, 0x4, 0x0, 0x0, 0x0, 0x1c, 0x0, 0x0,
    0x0, 0x30, 0x0, 0x0, 0x0, 0xe0, 0x0, 0x3,
    0xff, 0xff, 0xff, 0x87, 0xff, 0xff, 0xff, 0x0,
    0x1c, 0x0, 0x0, 0x0, 0x38, 0x0, 0x0, 0x0,
    0xe0, 0x0, 0x0, 0x1, 0xc3, 0x80, 0x0, 0x7,
    0x7, 0x0, 0x0, 0xe, 0xe, 0x0, 0x0, 0x38,
    0x1c, 0x0, 0x0, 0x70, 0x38, 0x0, 0x1, 0xff,
    0xff, 0xf8, 0x3, 0xff, 0xff, 0xf0, 0x0, 0x1,
    0xc0, 0x0, 0x0, 0x3, 0x80, 0x0, 0x0, 0x7,
    0x0, 0x0, 0x0, 0xe, 0x0, 0x0, 0x0, 0x1c,
    0x0, 0x1f, 0xff, 0xff, 0xff, 0xff, 0xff, 0xff,
    0xff, 0x80, 0x0, 0xe0, 0x0, 0x0, 0x1, 0xc0,
    0x0, 0x0, 0x3, 0x80, 0x0, 0x0, 0x7, 0x0,
    0x0, 0x0, 0xe, 0x0, 0x0, 0x0, 0x1c, 0x0,
    0x0, 0x0, 0x38, 0x0, 0x0,

    /* U+8FA8 "辨" */
    0x0, 0x0, 0xe0, 0x0, 0x3, 0x80, 0xe0, 0xe0,
    0x3, 0x80, 0xe0, 0xe0, 0x3, 0x80, 0xe0, 0xe0,
    0x3, 0x80, 0xe0, 0xe0, 0x3f, 0xf8, 0xef, 0xfe,
    0x3f, 0xfe, 0xef, 0xfe, 0x0, 0x47, 0xe0, 0x10,
    0x38, 0x76, 0xee, 0x1c, 0x1c, 0x66, 0xe7, 0x1c,
    0xc, 0xe6, 0xe7, 0x1c, 0xc, 0xe6, 0xe3, 0x98,
    0xe, 0xce, 0xe3, 0xb8, 0x5, 0xce, 0xe1, 0x38,
    0x7f, 0xf8, 0xff, 0xff, 0x7f, 0xf8, 0xff, 0xff,
    0x3, 0x80, 0xe0, 0xe0, 0x3, 0x80, 0xe0, 0xe0,
    0x3, 0x81, 0xe0, 0xe0, 0x3, 0xf9, 0xc0, 0xe0,
    0x7f, 0xf9, 0xcf, 0xfe, 0x7f, 0xc1, 0xcf, 0xfe,
    0x43, 0x83, 0x80, 0xe0, 0x7, 0x7, 0x80, 0xe0,
    0x7, 0x7, 0x0, 0xe0, 0xf, 0xf, 0x0, 0xe0,
    0x1e, 0x1e, 0x0, 0xe0, 0x7c, 0x3c, 0x0, 0xe0,
    0x78, 0xf8, 0x0, 0xe0, 0x60, 0x20, 0x0, 0xe0,

    /* U+8FD4 "返" */
    0x30, 0x0, 0x0, 0x0, 0x78, 0xf, 0xff, 0xfc,
    0x3c, 0xf, 0xff, 0xfc, 0x1c, 0xe, 0x0, 0x0,
    0xe, 0xe, 0x0, 0x0, 0xf, 0xe, 0x0, 0x0,
    0x6, 0xe, 0x0, 0x0, 0x4, 0xe, 0x0, 0x0,
    0x0, 0xf, 0xff, 0xf0, 0x0, 0xf, 0xff, 0xf0,
    0x0, 0xf, 0xff, 0xf0, 0xff, 0xe, 0x0, 0x70,
    0xff, 0xe, 0x0, 0x60, 0x7, 0xe, 0xe0, 0xe0,
    0x7, 0xe, 0xf8, 0xe0, 0x7, 0xe, 0x3d, 0xc0,
    0x7, 0xe, 0x1f, 0xc0, 0x7, 0x1c, 0x7, 0x80,
    0x7, 0x1c, 0x7, 0xc0, 0x7, 0x1c, 0xf, 0xe0,
    0x7, 0x3c, 0x1e, 0xf0, 0x7, 0x38, 0x7c, 0x78,
    0x7, 0x39, 0xf0, 0x38, 0x7, 0x77, 0xe0, 0x1c,
    0xf, 0x87, 0x80, 0x18, 0x1f, 0xc3, 0x0, 0x0,
    0x7d, 0xf8, 0x0, 0x0, 0xf8, 0xff, 0xff, 0xfe,
    0xe0, 0x1f, 0xff, 0xfe, 0x40, 0x0, 0x0, 0x0,

    /* U+8FDE "连" */
    0x0, 0x1, 0x80, 0x0, 0x30, 0x3, 0x80, 0x0,
    0xf0, 0x7, 0x0, 0x0, 0xf0, 0xc, 0x0, 0x0,
    0xf7, 0xff, 0xff, 0x80, 0xff, 0xff, 0xff, 0x0,
    0xc1, 0xc0, 0x0, 0x0, 0x3, 0x9c, 0x0, 0x0,
    0x6, 0x38, 0x0, 0x0, 0x1c, 0x70, 0x1, 0xfc,
    0x30, 0xe0, 0x3, 0xf8, 0xff, 0xff, 0x7, 0xf1,
    0xff, 0xfe, 0x0, 0xe0, 0x7, 0x0, 0x1, 0xc0,
    0xe, 0x0, 0x3, 0x80, 0x1c, 0x0, 0x7, 0x0,
    0x38, 0x0, 0xe, 0xff, 0xff, 0xf8, 0x1d, 0xff,
    0xff, 0xf0, 0x38, 0x1, 0xc0, 0x0, 0x70, 0x3,
    0x80, 0x0, 0xe0, 0x7, 0x0, 0x1, 0xc0, 0xe,
    0x0, 0x7, 0xc0, 0x1c, 0x0, 0x1f, 0xc0, 0x38,
    0x0, 0x73, 0xc0, 0x0, 0x1, 0xc1, 0xe0, 0x0,
    0x3, 0x1, 0xff, 0xff, 0xf0, 0x0, 0x7f, 0xff,
    0xc0,

    /* U+901A "通" */
    0x10, 0x0, 0x0, 0x0, 0x38, 0x3f, 0xff, 0xf8,
    0x1c, 0x3f, 0xff, 0xf8, 0xe, 0x0, 0x1, 0xf0,
    0xe, 0x1, 0xc3, 0xe0, 0x7, 0x3, 0xef, 0xc0,
    0x3, 0x81, 0xff, 0x0, 0x2, 0x0, 0x7c, 0x0,
    0x0, 0x1f, 0xff, 0xfc, 0x0, 0x1f, 0xff, 0xfc,
    0x7f, 0x98, 0x18, 0x1c, 0x7f, 0x98, 0x18, 0x1c,
    0x3, 0x9f, 0xff, 0xfc, 0x3, 0x9f, 0xff, 0xfc,
    0x3, 0x98, 0x18, 0x1c, 0x3, 0x98, 0x18, 0x1c,
    0x3, 0x98, 0x18, 0x1c, 0x3, 0x9f, 0xff, 0xfc,
    0x3, 0x9f, 0xff, 0xfc, 0x3, 0x98, 0x18, 0x1c,
    0x3, 0x98, 0x18, 0x1c, 0x3, 0x98, 0x18, 0x1c,
    0x3, 0x98, 0x18, 0x1c, 0x3, 0x98, 0x19, 0xfc,
    0xf, 0xd8, 0x1, 0xf8, 0x1e, 0xe0, 0x0, 0x0,
    0x3c, 0x78, 0x0, 0x0, 0x78, 0x3f, 0xff, 0xff,
    0x70, 0xf, 0xff, 0xfe, 0x20, 0x0, 0x0, 0x0,

    /* U+90E8 "部" */
    0x0, 0xe0, 0x0, 0x0, 0x3, 0x80, 0x0, 0x0,
    0xe, 0x0, 0xff, 0x80, 0x38, 0x3, 0xfe, 0x7f,
    0xff, 0xcc, 0x39, 0xff, 0xff, 0x30, 0xe0, 0x40,
    0x40, 0xc3, 0x3, 0x81, 0x83, 0x1c, 0xe, 0xe,
    0xc, 0x70, 0x1c, 0x38, 0x31, 0x80, 0x31, 0xc0,
    0xce, 0x0, 0xe7, 0x3, 0x38, 0x3, 0x38, 0xc,
    0xc3, 0xff, 0xff, 0xb7, 0x8f, 0xff, 0xfe, 0xce,
    0x0, 0x0, 0x3, 0x1c, 0x0, 0x0, 0xc, 0x38,
    0x0, 0x0, 0x30, 0xe1, 0xff, 0xf0, 0xc1, 0xc7,
    0xff, 0xc3, 0x7, 0x18, 0x7, 0xc, 0x1c, 0x60,
    0x1c, 0x30, 0x71, 0x80, 0x70, 0xc1, 0xc6, 0x1,
    0xc3, 0x4f, 0x18, 0x7, 0xd, 0xf8, 0x60, 0x1c,
    0x37, 0xc1, 0xff, 0xf0, 0xc0, 0x7, 0xff, 0xc3,
    0x0, 0x18, 0x7, 0xc, 0x0, 0x60, 0x1c, 0x30,
    0x0,

    /* U+91CF "量" */
    0x7, 0xff, 0xff, 0x80, 0x1f, 0xff, 0xfe, 0x0,
    0x70, 0x0, 0x38, 0x1, 0xc0, 0x0, 0xe0, 0x7,
    0xff, 0xff, 0x80, 0x1f, 0xff, 0xfe, 0x0, 0x70,
    0x0, 0x38, 0x1, 0xff, 0xff, 0xe0, 0x7, 0xff,
    0xff, 0x80, 0x0, 0x0, 0x0, 0x7, 0xff, 0xff,
    0xff, 0x9f, 0xff, 0xff, 0xfe, 0x0, 0x0, 0x0,
    0x0, 0x3f, 0xff, 0xff, 0x0, 0xff, 0xff, 0xfc,
    0x3, 0x80, 0xc0, 0x70, 0xf, 0xff, 0xff, 0xc0,
    0x3f, 0xff, 0xff, 0x0, 0xe0, 0x30, 0x1c, 0x3,
    0xff, 0xff, 0xf0, 0xf, 0xff, 0xff, 0xc0, 0x0,
    0xc, 0x0, 0x1, 0xff, 0xff, 0xfe, 0x7, 0xff,
    0xff, 0xf8, 0x0, 0x3, 0x0, 0x0, 0x0, 0xc,
    0x0, 0xf, 0xff, 0xff, 0xff, 0xff, 0xff, 0xff,
    0xff,

    /* U+9501 "锁" */
    0x7, 0x0, 0xe, 0x0, 0xe, 0x4, 0x1c, 0x20,
    0x18, 0x1c, 0x38, 0x70, 0x30, 0x1c, 0x71, 0xc0,
    0xff, 0x9c, 0xe7, 0x1, 0xff, 0x3d, 0xde, 0x3,
    0x0, 0x3b, 0xb8, 0xe, 0x0, 0x27, 0x20, 0x1c,
    0x0, 0xe, 0x0, 0x70, 0x7, 0xff, 0xf0, 0xff,
    0xef, 0xff, 0xe3, 0xff, 0xd8, 0x1, 0xce, 0x30,
    0x30, 0x3, 0x9c, 0x60, 0x61, 0xc7, 0x10, 0xc0,
    0xc3, 0x8e, 0x1, 0x81, 0x87, 0x1c, 0x7f, 0xfb,
    0xe, 0x38, 0xff, 0xf6, 0x1c, 0x70, 0xc, 0xc,
    0x38, 0xe0, 0x18, 0x18, 0x71, 0xc0, 0x30, 0x30,
    0xe3, 0x80, 0x60, 0x63, 0xc7, 0x0, 0xc0, 0xc7,
    0xe, 0x1, 0x84, 0x1e, 0xc0, 0x3, 0x38, 0x7b,
    0xe0, 0x7, 0xf1, 0xe3, 0xe0, 0xf, 0xc7, 0x81,
    0xf0, 0x1e, 0x3e, 0x0, 0xf0, 0x30, 0xf8, 0x0,
    0xe0, 0x1, 0xc0, 0x0, 0x80,

    /* U+95F4 "间" */
    0x0, 0x0, 0x0, 0x7, 0x80, 0x0, 0x0, 0xf1,
    0xff, 0xfc, 0x1e, 0x7f, 0xff, 0x3, 0xc0, 0x1,
    0xc0, 0x70, 0x0, 0x7e, 0x8, 0x0, 0x1f, 0x80,
    0x0, 0x7, 0xe0, 0x0, 0x1, 0xf8, 0x7f, 0xfc,
    0x7e, 0x1f, 0xff, 0x1f, 0x87, 0x1, 0xc7, 0xe1,
    0xc0, 0x71, 0xf8, 0x70, 0x1c, 0x7e, 0x1c, 0x7,
    0x1f, 0x87, 0xff, 0xc7, 0xe1, 0xff, 0xf1, 0xf8,
    0x70, 0x1c, 0x7e, 0x1c, 0x7, 0x1f, 0x87, 0x1,
    0xc7, 0xe1, 0xc0, 0x71, 0xf8, 0x7f, 0xfc, 0x7e,
    0x1f, 0xff, 0x1f, 0x87, 0x1, 0xc7, 0xe1, 0xc0,
    0x71, 0xf8, 0x0, 0x0, 0x7e, 0x0, 0x0, 0x1f,
    0x80, 0x0, 0x7, 0xe0, 0x0, 0xf, 0xf8, 0x0,
    0x1, 0xe0,

    /* U+9664 "除" */
    0x0, 0x0, 0x60, 0x0, 0x0, 0x7, 0x0, 0x3f,
    0xf0, 0x3c, 0x1, 0xff, 0x83, 0xe0, 0xe, 0x1c,
    0x3b, 0x80, 0x71, 0xe1, 0xce, 0x3, 0x8e, 0x1c,
    0x38, 0x1c, 0x71, 0xc1, 0xe0, 0xe7, 0x1e, 0x7,
    0x87, 0x39, 0xe0, 0x1e, 0x3b, 0x9e, 0x0, 0x7d,
    0xdf, 0xff, 0xff, 0xfe, 0xee, 0xff, 0xf3, 0x77,
    0x80, 0x30, 0x3, 0x9c, 0x1, 0x80, 0x1c, 0x70,
    0xc, 0x0, 0xe3, 0xc0, 0x60, 0x7, 0xf, 0xff,
    0xff, 0x38, 0x7f, 0xff, 0xf9, 0xc3, 0x80, 0xc0,
    0xf, 0x1c, 0x46, 0x20, 0x77, 0xc7, 0x33, 0x83,
    0xbc, 0x79, 0x8e, 0x1c, 0x7, 0x8c, 0x38, 0xe0,
    0x78, 0x60, 0xe7, 0x7, 0x83, 0x3, 0xb8, 0xf8,
    0x18, 0x1d, 0xc3, 0x80, 0xc0, 0x6e, 0x0, 0xe,
    0x0, 0x70, 0x3, 0xf0, 0x3, 0x80, 0x1f, 0x0,
    0x0,

    /* U+97F3 "音" */
    0x0, 0x7, 0x0, 0x0, 0x0, 0x38, 0x0, 0x0,
    0x1, 0xc0, 0x0, 0x7f, 0xff, 0xff, 0xc3, 0xff,
    0xff, 0xfe, 0x0, 0xc0, 0x4, 0x0, 0xf, 0x0,
    0x70, 0x0, 0x3c, 0x3, 0x80, 0x0, 0xe0, 0x38,
    0x0, 0x3, 0x83, 0xc0, 0x0, 0xc, 0x3c, 0x1,
    0xff, 0xff, 0xff, 0xff, 0xff, 0xff, 0xff, 0x80,
    0x0, 0x0, 0x0, 0x0, 0x0, 0x0, 0x0, 0x0,
    0x0, 0x0, 0x7, 0xff, 0xff, 0x0, 0x3f, 0xff,
    0xf8, 0x1, 0xc0, 0x1, 0xc0, 0xe, 0x0, 0xe,
    0x0, 0x70, 0x0, 0x70, 0x3, 0xff, 0xff, 0x80,
    0x1f, 0xff, 0xfc, 0x0, 0xe0, 0x0, 0xe0, 0x7,
    0x0, 0x7, 0x0, 0x38, 0x0, 0x38, 0x1, 0xff,
    0xff, 0xc0, 0xf, 0xff, 0xfe, 0x0, 0x70, 0x0,
    0x70, 0x3, 0x80, 0x3, 0x80,

    /* U+9875 "页" */
    0xff, 0xff, 0xff, 0xff, 0xff, 0xff, 0xff, 0x0,
    0x6, 0x0, 0x0, 0x0, 0xe0, 0x0, 0x0, 0xe,
    0x0, 0x0, 0x1, 0xc0, 0x0, 0x7, 0xff, 0xfe,
    0x0, 0x7f, 0xff, 0xe0, 0x7, 0x0, 0x6, 0x0,
    0x70, 0x40, 0x60, 0x7, 0x7, 0x6, 0x0, 0x70,
    0x70, 0x60, 0x7, 0x6, 0x6, 0x0, 0x70, 0x60,
    0x60, 0x7, 0x6, 0x6, 0x0, 0x70, 0xe0, 0x60,
    0x7, 0xe, 0x6, 0x0, 0x70, 0xe0, 0x60, 0x7,
    0x1c, 0x6, 0x0, 0x71, 0xc8, 0x60, 0x7, 0x39,
    0xe6, 0x0, 0x7, 0x9f, 0x80, 0x0, 0xf0, 0x7c,
    0x0, 0x3e, 0x1, 0xe0, 0xf, 0xc0, 0xf, 0xf,
    0xf0, 0x0, 0x78, 0xfc, 0x0, 0x3, 0xc6, 0x0,
    0x0, 0x18, 0x0, 0x0, 0x0, 0x0,

    /* U+9891 "频" */
    0x1, 0xc0, 0x0, 0x0, 0x7, 0x0, 0x0, 0x0,
    0x1c, 0x3f, 0xff, 0x8e, 0x70, 0xff, 0xfe, 0x39,
    0xfc, 0x6, 0x0, 0xe7, 0xf0, 0x38, 0x3, 0x9c,
    0x0, 0xc0, 0xe, 0x70, 0x7f, 0xfc, 0x39, 0xc1,
    0xff, 0xf0, 0xe7, 0x7, 0x1, 0xcf, 0xff, 0xdc,
    0x7, 0x3f, 0xff, 0x71, 0x9c, 0x0, 0x1, 0xc6,
    0x70, 0x6, 0x7, 0x19, 0xc1, 0x98, 0x1c, 0x67,
    0x6, 0x67, 0x71, 0x9c, 0x39, 0x9d, 0xc6, 0x70,
    0xe6, 0x77, 0x19, 0xc7, 0x19, 0x9c, 0x67, 0x1c,
    0x6e, 0x73, 0x9c, 0xe1, 0xf1, 0xcc, 0x71, 0x7,
    0xc7, 0x31, 0xc0, 0xe, 0x1d, 0xd7, 0x0, 0x70,
    0xe, 0xf0, 0x3, 0xc0, 0x79, 0xe0, 0x3e, 0x3,
    0xc3, 0xc1, 0xe0, 0x3e, 0x3, 0xbf, 0x7, 0xe0,
    0x7, 0xf0, 0xf, 0x0, 0x9, 0x0, 0x10, 0x0,
    0x0,

    /* U+9AD8 "高" */
    0x0, 0xe, 0x0, 0x0, 0x0, 0xe0, 0x0, 0x0,
    0xe, 0x0, 0xf, 0xff, 0xff, 0xff, 0xff, 0xff,
    0xff, 0xf0, 0x0, 0x0, 0x0, 0x0, 0x0, 0x0,
    0x0, 0x7f, 0xff, 0xc0, 0x7, 0xff, 0xfc, 0x0,
    0x70, 0x0, 0xc0, 0x7, 0x0, 0xc, 0x0, 0x7f,
    0xff, 0xc0, 0x7, 0xff, 0xfc, 0x0, 0x0, 0x0,
    0x0, 0x0, 0x0, 0x0, 0x7, 0xff, 0xff, 0xfc,
    0x7f, 0xff, 0xff, 0xc7, 0x0, 0x0, 0xc, 0x70,
    0x0, 0x0, 0xc7, 0x1f, 0xff, 0xc, 0x71, 0xff,
    0xf0, 0xc7, 0x18, 0x3, 0xc, 0x71, 0x80, 0x30,
    0xc7, 0x18, 0x3, 0xc, 0x71, 0xff, 0xf0, 0xc7,
    0x1f, 0xff, 0xc, 0x70, 0x0, 0x0, 0xc7, 0x0,
    0x0, 0x1c, 0x70, 0x0, 0xf, 0xc7, 0x0, 0x0,
    0xf8,

    /* U+FF0C "，" */
    0xff, 0xf3, 0x37, 0xe4,

    /* U+FF1A "：" */
    0xff, 0x80, 0x0, 0x0, 0x0, 0x3f, 0xe0
};


/*---------------------
 *  GLYPH DESCRIPTION
 *--------------------*/

static const lv_font_fmt_txt_glyph_dsc_t glyph_dsc[] = {
    {.bitmap_index = 0, .adv_w = 0, .box_w = 0, .box_h = 0, .ofs_x = 0, .ofs_y = 0} /* id = 0 reserved */,
    {.bitmap_index = 0, .adv_w = 151, .box_w = 1, .box_h = 1, .ofs_x = 0, .ofs_y = 0},
    {.bitmap_index = 1, .adv_w = 181, .box_w = 9, .box_h = 3, .ofs_x = 1, .ofs_y = 7},
    {.bitmap_index = 5, .adv_w = 151, .box_w = 3, .box_h = 3, .ofs_x = 3, .ofs_y = 0},
    {.bitmap_index = 7, .adv_w = 151, .box_w = 9, .box_h = 25, .ofs_x = 0, .ofs_y = -1},
    {.bitmap_index = 36, .adv_w = 303, .box_w = 16, .box_h = 24, .ofs_x = 2, .ofs_y = 0},
    {.bitmap_index = 84, .adv_w = 303, .box_w = 9, .box_h = 24, .ofs_x = 4, .ofs_y = 0},
    {.bitmap_index = 111, .adv_w = 303, .box_w = 16, .box_h = 24, .ofs_x = 1, .ofs_y = 0},
    {.bitmap_index = 159, .adv_w = 303, .box_w = 16, .box_h = 24, .ofs_x = 1, .ofs_y = 0},
    {.bitmap_index = 207, .adv_w = 303, .box_w = 17, .box_h = 24, .ofs_x = 1, .ofs_y = 0},
    {.bitmap_index = 258, .adv_w = 303, .box_w = 16, .box_h = 24, .ofs_x = 1, .ofs_y = 0},
    {.bitmap_index = 306, .adv_w = 303, .box_w = 16, .box_h = 24, .ofs_x = 1, .ofs_y = 0},
    {.bitmap_index = 354, .adv_w = 303, .box_w = 16, .box_h = 24, .ofs_x = 2, .ofs_y = 0},
    {.bitmap_index = 402, .adv_w = 303, .box_w = 16, .box_h = 24, .ofs_x = 1, .ofs_y = 0},
    {.bitmap_index = 450, .adv_w = 303, .box_w = 16, .box_h = 24, .ofs_x = 1, .ofs_y = 0},
    {.bitmap_index = 498, .adv_w = 151, .box_w = 3, .box_h = 18, .ofs_x = 3, .ofs_y = 0},
    {.bitmap_index = 505, .adv_w = 363, .box_w = 23, .box_h = 24, .ofs_x = 0, .ofs_y = 0},
    {.bitmap_index = 574, .adv_w = 363, .box_w = 18, .box_h = 24, .ofs_x = 3, .ofs_y = 0},
    {.bitmap_index = 628, .adv_w = 393, .box_w = 21, .box_h = 24, .ofs_x = 2, .ofs_y = 0},
    {.bitmap_index = 691, .adv_w = 393, .box_w = 20, .box_h = 24, .ofs_x = 3, .ofs_y = 0},
    {.bitmap_index = 751, .adv_w = 363, .box_w = 18, .box_h = 24, .ofs_x = 3, .ofs_y = 0},
    {.bitmap_index = 805, .adv_w = 332, .box_w = 17, .box_h = 24, .ofs_x = 3, .ofs_y = 0},
    {.bitmap_index = 856, .adv_w = 423, .box_w = 22, .box_h = 24, .ofs_x = 2, .ofs_y = 0},
    {.bitmap_index = 922, .adv_w = 393, .box_w = 19, .box_h = 24, .ofs_x = 3, .ofs_y = 0},
    {.bitmap_index = 979, .adv_w = 151, .box_w = 3, .box_h = 24, .ofs_x = 3, .ofs_y = 0},
    {.bitmap_index = 988, .adv_w = 272, .box_w = 13, .box_h = 24, .ofs_x = 1, .ofs_y = 0},
    {.bitmap_index = 1027, .adv_w = 363, .box_w = 20, .box_h = 24, .ofs_x = 2, .ofs_y = 0},
    {.bitmap_index = 1087, .adv_w = 303, .box_w = 15, .box_h = 24, .ofs_x = 3, .ofs_y = 0},
    {.bitmap_index = 1132, .adv_w = 453, .box_w = 23, .box_h = 24, .ofs_x = 3, .ofs_y = 0},
    {.bitmap_index = 1201, .adv_w = 393, .box_w = 19, .box_h = 24, .ofs_x = 3, .ofs_y = 0},
    {.bitmap_index = 1258, .adv_w = 423, .box_w = 23, .box_h = 24, .ofs_x = 2, .ofs_y = 0},
    {.bitmap_index = 1327, .adv_w = 363, .box_w = 18, .box_h = 24, .ofs_x = 3, .ofs_y = 0},
    {.bitmap_index = 1381, .adv_w = 423, .box_w = 23, .box_h = 25, .ofs_x = 2, .ofs_y = -1},
    {.bitmap_index = 1453, .adv_w = 393, .box_w = 21, .box_h = 24, .ofs_x = 3, .ofs_y = 0},
    {.bitmap_index = 1516, .adv_w = 363, .box_w = 19, .box_h = 24, .ofs_x = 2, .ofs_y = 0},
    {.bitmap_index = 1573, .adv_w = 332, .box_w = 19, .box_h = 24, .ofs_x = 1, .ofs_y = 0},
    {.bitmap_index = 1630, .adv_w = 393, .box_w = 19, .box_h = 24, .ofs_x = 3, .ofs_y = 0},
    {.bitmap_index = 1687, .adv_w = 363, .box_w = 22, .box_h = 24, .ofs_x = 0, .ofs_y = 0},
    {.bitmap_index = 1753, .adv_w = 513, .box_w = 32, .box_h = 24, .ofs_x = 0, .ofs_y = 0},
    {.bitmap_index = 1849, .adv_w = 363, .box_w = 22, .box_h = 24, .ofs_x = 0, .ofs_y = 0},
    {.bitmap_index = 1915, .adv_w = 363, .box_w = 22, .box_h = 24, .ofs_x = 1, .ofs_y = 0},
    {.bitmap_index = 1981, .adv_w = 332, .box_w = 19, .box_h = 24, .ofs_x = 1, .ofs_y = 0},
    {.bitmap_index = 2038, .adv_w = 303, .box_w = 16, .box_h = 18, .ofs_x = 1, .ofs_y = 0},
    {.bitmap_index = 2074, .adv_w = 303, .box_w = 15, .box_h = 24, .ofs_x = 2, .ofs_y = 0},
    {.bitmap_index = 2119, .adv_w = 272, .box_w = 15, .box_h = 18, .ofs_x = 1, .ofs_y = 0},
    {.bitmap_index = 2153, .adv_w = 303, .box_w = 15, .box_h = 24, .ofs_x = 1, .ofs_y = 0},
    {.bitmap_index = 2198, .adv_w = 303, .box_w = 16, .box_h = 18, .ofs_x = 1, .ofs_y = 0},
    {.bitmap_index = 2234, .adv_w = 151, .box_w = 10, .box_h = 24, .ofs_x = 1, .ofs_y = 0},
    {.bitmap_index = 2264, .adv_w = 303, .box_w = 16, .box_h = 25, .ofs_x = 1, .ofs_y = -7},
    {.bitmap_index = 2314, .adv_w = 303, .box_w = 14, .box_h = 24, .ofs_x = 2, .ofs_y = 0},
    {.bitmap_index = 2356, .adv_w = 121, .box_w = 3, .box_h = 24, .ofs_x = 2, .ofs_y = 0},
    {.bitmap_index = 2365, .adv_w = 121, .box_w = 7, .box_h = 31, .ofs_x = -2, .ofs_y = -7},
    {.bitmap_index = 2393, .adv_w = 272, .box_w = 15, .box_h = 24, .ofs_x = 2, .ofs_y = 0},
    {.bitmap_index = 2438, .adv_w = 121, .box_w = 3, .box_h = 24, .ofs_x = 2, .ofs_y = 0},
    {.bitmap_index = 2447, .adv_w = 453, .box_w = 24, .box_h = 18, .ofs_x = 2, .ofs_y = 0},
    {.bitmap_index = 2501, .adv_w = 303, .box_w = 14, .box_h = 18, .ofs_x = 2, .ofs_y = 0},
    {.bitmap_index = 2533, .adv_w = 303, .box_w = 16, .box_h = 18, .ofs_x = 1, .ofs_y = 0},
    {.bitmap_index = 2569, .adv_w = 303, .box_w = 15, .box_h = 25, .ofs_x = 2, .ofs_y = -7},
    {.bitmap_index = 2616, .adv_w = 303, .box_w = 15, .box_h = 25, .ofs_x = 1, .ofs_y = -7},
    {.bitmap_index = 2663, .adv_w = 181, .box_w = 10, .box_h = 18, .ofs_x = 2, .ofs_y = 0},
    {.bitmap_index = 2686, .adv_w = 272, .box_w = 14, .box_h = 18, .ofs_x = 2, .ofs_y = 0},
    {.bitmap_index = 2718, .adv_w = 151, .box_w = 8, .box_h = 24, .ofs_x = 1, .ofs_y = 0},
    {.bitmap_index = 2742, .adv_w = 303, .box_w = 14, .box_h = 18, .ofs_x = 2, .ofs_y = 0},
    {.bitmap_index = 2774, .adv_w = 272, .box_w = 17, .box_h = 18, .ofs_x = 0, .ofs_y = 0},
    {.bitmap_index = 2813, .adv_w = 393, .box_w = 24, .box_h = 18, .ofs_x = 0, .ofs_y = 0},
    {.bitmap_index = 2867, .adv_w = 272, .box_w = 17, .box_h = 18, .ofs_x = 0, .ofs_y = 0},
    {.bitmap_index = 2906, .adv_w = 272, .box_w = 16, .box_h = 25, .ofs_x = 1, .ofs_y = -7},
    {.bitmap_index = 2956, .adv_w = 272, .box_w = 16, .box_h = 18, .ofs_x = 1, .ofs_y = 0},
    {.bitmap_index = 2992, .adv_w = 544, .box_w = 25, .box_h = 30, .ofs_x = 4, .ofs_y = -2},
    {.bitmap_index = 3086, .adv_w = 544, .box_w = 29, .box_h = 28, .ofs_x = 3, .ofs_y = 0},
    {.bitmap_index = 3188, .adv_w = 544, .box_w = 30, .box_h = 30, .ofs_x = 0, .ofs_y = -2},
    {.bitmap_index = 3301, .adv_w = 544, .box_w = 32, .box_h = 30, .ofs_x = 1, .ofs_y = -2},
    {.bitmap_index = 3421, .adv_w = 544, .box_w = 30, .box_h = 30, .ofs_x = 2, .ofs_y = -2},
    {.bitmap_index = 3534, .adv_w = 544, .box_w = 32, .box_h = 31, .ofs_x = 1, .ofs_y = -2},
    {.bitmap_index = 3658, .adv_w = 544, .box_w = 31, .box_h = 30, .ofs_x = 1, .ofs_y = -2},
    {.bitmap_index = 3775, .adv_w = 544, .box_w = 31, .box_h = 29, .ofs_x = 1, .ofs_y = -2},
    {.bitmap_index = 3888, .adv_w = 544, .box_w = 31, .box_h = 30, .ofs_x = 1, .ofs_y = -2},
    {.bitmap_index = 4005, .adv_w = 544, .box_w = 30, .box_h = 30, .ofs_x = 1, .ofs_y = -2},
    {.bitmap_index = 4118, .adv_w = 544, .box_w = 32, .box_h = 30, .ofs_x = 1, .ofs_y = -2},
    {.bitmap_index = 4238, .adv_w = 544, .box_w = 30, .box_h = 31, .ofs_x = 2, .ofs_y = -3},
    {.bitmap_index = 4355, .adv_w = 544, .box_w = 29, .box_h = 29, .ofs_x = 2, .ofs_y = -1},
    {.bitmap_index = 4461, .adv_w = 544, .box_w = 31, .box_h = 28, .ofs_x = 1, .ofs_y = -1},
    {.bitmap_index = 4570, .adv_w = 544, .box_w = 30, .box_h = 29, .ofs_x = 1, .ofs_y = -1},
    {.bitmap_index = 4679, .adv_w = 544, .box_w = 25, .box_h = 30, .ofs_x = 4, .ofs_y = -2},
    {.bitmap_index = 4773, .adv_w = 544, .box_w = 31, .box_h = 30, .ofs_x = 2, .ofs_y = -2},
    {.bitmap_index = 4890, .adv_w = 544, .box_w = 25, .box_h = 30, .ofs_x = 5, .ofs_y = -2},
    {.bitmap_index = 4984, .adv_w = 544, .box_w = 30, .box_h = 28, .ofs_x = 2, .ofs_y = -2},
    {.bitmap_index = 5089, .adv_w = 544, .box_w = 29, .box_h = 30, .ofs_x = 1, .ofs_y = -2},
    {.bitmap_index = 5198, .adv_w = 544, .box_w = 29, .box_h = 30, .ofs_x = 2, .ofs_y = -2},
    {.bitmap_index = 5307, .adv_w = 544, .box_w = 29, .box_h = 30, .ofs_x = 2, .ofs_y = -2},
    {.bitmap_index = 5416, .adv_w = 544, .box_w = 28, .box_h = 32, .ofs_x = 2, .ofs_y = -3},
    {.bitmap_index = 5528, .adv_w = 544, .box_w = 31, .box_h = 30, .ofs_x = 1, .ofs_y = -2},
    {.bitmap_index = 5645, .adv_w = 544, .box_w = 29, .box_h = 30, .ofs_x = 3, .ofs_y = -2},
    {.bitmap_index = 5754, .adv_w = 544, .box_w = 25, .box_h = 30, .ofs_x = 5, .ofs_y = -2},
    {.bitmap_index = 5848, .adv_w = 544, .box_w = 30, .box_h = 28, .ofs_x = 1, .ofs_y = -1},
    {.bitmap_index = 5953, .adv_w = 544, .box_w = 30, .box_h = 28, .ofs_x = 2, .ofs_y = -2},
    {.bitmap_index = 6058, .adv_w = 544, .box_w = 26, .box_h = 30, .ofs_x = 2, .ofs_y = -2},
    {.bitmap_index = 6156, .adv_w = 544, .box_w = 31, .box_h = 31, .ofs_x = 1, .ofs_y = -2},
    {.bitmap_index = 6277, .adv_w = 544, .box_w = 30, .box_h = 28, .ofs_x = 2, .ofs_y = -2},
    {.bitmap_index = 6382, .adv_w = 544, .box_w = 27, .box_h = 29, .ofs_x = 4, .ofs_y = -2},
    {.bitmap_index = 6480, .adv_w = 544, .box_w = 30, .box_h = 30, .ofs_x = 2, .ofs_y = -2},
    {.bitmap_index = 6593, .adv_w = 544, .box_w = 26, .box_h = 26, .ofs_x = 4, .ofs_y = -1},
    {.bitmap_index = 6678, .adv_w = 544, .box_w = 30, .box_h = 30, .ofs_x = 1, .ofs_y = -2},
    {.bitmap_index = 6791, .adv_w = 544, .box_w = 30, .box_h = 30, .ofs_x = 2, .ofs_y = -2},
    {.bitmap_index = 6904, .adv_w = 544, .box_w = 31, .box_h = 30, .ofs_x = 1, .ofs_y = -2},
    {.bitmap_index = 7021, .adv_w = 544, .box_w = 32, .box_h = 30, .ofs_x = 1, .ofs_y = -2},
    {.bitmap_index = 7141, .adv_w = 544, .box_w = 30, .box_h = 30, .ofs_x = 2, .ofs_y = -1},
    {.bitmap_index = 7254, .adv_w = 544, .box_w = 30, .box_h = 31, .ofs_x = 2, .ofs_y = -2},
    {.bitmap_index = 7371, .adv_w = 544, .box_w = 31, .box_h = 31, .ofs_x = 1, .ofs_y = -3},
    {.bitmap_index = 7492, .adv_w = 544, .box_w = 31, .box_h = 31, .ofs_x = 1, .ofs_y = -3},
    {.bitmap_index = 7613, .adv_w = 544, .box_w = 31, .box_h = 30, .ofs_x = 2, .ofs_y = -2},
    {.bitmap_index = 7730, .adv_w = 544, .box_w = 30, .box_h = 30, .ofs_x = 2, .ofs_y = -2},
    {.bitmap_index = 7843, .adv_w = 544, .box_w = 29, .box_h = 28, .ofs_x = 2, .ofs_y = -2},
    {.bitmap_index = 7945, .adv_w = 544, .box_w = 28, .box_h = 26, .ofs_x = 4, .ofs_y = 0},
    {.bitmap_index = 8036, .adv_w = 544, .box_w = 29, .box_h = 31, .ofs_x = 2, .ofs_y = -2},
    {.bitmap_index = 8149, .adv_w = 544, .box_w = 31, .box_h = 30, .ofs_x = 1, .ofs_y = -2},
    {.bitmap_index = 8266, .adv_w = 544, .box_w = 30, .box_h = 28, .ofs_x = 1, .ofs_y = -2},
    {.bitmap_index = 8371, .adv_w = 544, .box_w = 29, .box_h = 31, .ofs_x = 3, .ofs_y = -2},
    {.bitmap_index = 8484, .adv_w = 544, .box_w = 25, .box_h = 30, .ofs_x = 4, .ofs_y = -2},
    {.bitmap_index = 8578, .adv_w = 544, .box_w = 30, .box_h = 29, .ofs_x = 2, .ofs_y = -2},
    {.bitmap_index = 8687, .adv_w = 544, .box_w = 30, .box_h = 31, .ofs_x = 2, .ofs_y = -2},
    {.bitmap_index = 8804, .adv_w = 544, .box_w = 31, .box_h = 28, .ofs_x = 2, .ofs_y = 0},
    {.bitmap_index = 8913, .adv_w = 544, .box_w = 32, .box_h = 30, .ofs_x = 1, .ofs_y = -2},
    {.bitmap_index = 9033, .adv_w = 544, .box_w = 32, .box_h = 29, .ofs_x = 1, .ofs_y = -1},
    {.bitmap_index = 9149, .adv_w = 544, .box_w = 31, .box_h = 30, .ofs_x = 1, .ofs_y = -2},
    {.bitmap_index = 9266, .adv_w = 544, .box_w = 31, .box_h = 30, .ofs_x = 2, .ofs_y = -2},
    {.bitmap_index = 9383, .adv_w = 544, .box_w = 31, .box_h = 29, .ofs_x = 1, .ofs_y = -2},
    {.bitmap_index = 9496, .adv_w = 544, .box_w = 31, .box_h = 29, .ofs_x = 1, .ofs_y = -2},
    {.bitmap_index = 9609, .adv_w = 544, .box_w = 31, .box_h = 30, .ofs_x = 1, .ofs_y = -2},
    {.bitmap_index = 9726, .adv_w = 544, .box_w = 31, .box_h = 30, .ofs_x = 2, .ofs_y = -2},
    {.bitmap_index = 9843, .adv_w = 544, .box_w = 31, .box_h = 29, .ofs_x = 1, .ofs_y = -2},
    {.bitmap_index = 9956, .adv_w = 544, .box_w = 31, .box_h = 30, .ofs_x = 2, .ofs_y = -2},
    {.bitmap_index = 10073, .adv_w = 544, .box_w = 30, .box_h = 30, .ofs_x = 2, .ofs_y = -2},
    {.bitmap_index = 10186, .adv_w = 544, .box_w = 19, .box_h = 26, .ofs_x = 8, .ofs_y = -1},
    {.bitmap_index = 10248, .adv_w = 544, .box_w = 28, .box_h = 30, .ofs_x = 3, .ofs_y = -2},
    {.bitmap_index = 10353, .adv_w = 544, .box_w = 30, .box_h = 29, .ofs_x = 2, .ofs_y = -2},
    {.bitmap_index = 10462, .adv_w = 544, .box_w = 30, .box_h = 26, .ofs_x = 2, .ofs_y = 0},
    {.bitmap_index = 10560, .adv_w = 544, .box_w = 30, .box_h = 28, .ofs_x = 3, .ofs_y = -2},
    {.bitmap_index = 10665, .adv_w = 544, .box_w = 24, .box_h = 29, .ofs_x = 3, .ofs_y = -3},
    {.bitmap_index = 10752, .adv_w = 544, .box_w = 30, .box_h = 31, .ofs_x = 2, .ofs_y = -2},
    {.bitmap_index = 10869, .adv_w = 544, .box_w = 31, .box_h = 30, .ofs_x = 1, .ofs_y = -2},
    {.bitmap_index = 10986, .adv_w = 544, .box_w = 32, .box_h = 30, .ofs_x = 1, .ofs_y = -2},
    {.bitmap_index = 11106, .adv_w = 544, .box_w = 31, .box_h = 30, .ofs_x = 2, .ofs_y = -2},
    {.bitmap_index = 11223, .adv_w = 544, .box_w = 31, .box_h = 30, .ofs_x = 1, .ofs_y = -2},
    {.bitmap_index = 11340, .adv_w = 544, .box_w = 28, .box_h = 25, .ofs_x = 3, .ofs_y = 0},
    {.bitmap_index = 11428, .adv_w = 544, .box_w = 31, .box_h = 30, .ofs_x = 2, .ofs_y = -2},
    {.bitmap_index = 11545, .adv_w = 544, .box_w = 30, .box_h = 30, .ofs_x = 2, .ofs_y = -2},
    {.bitmap_index = 11658, .adv_w = 544, .box_w = 31, .box_h = 28, .ofs_x = 1, .ofs_y = -2},
    {.bitmap_index = 11767, .adv_w = 544, .box_w = 30, .box_h = 29, .ofs_x = 2, .ofs_y = -2},
    {.bitmap_index = 11876, .adv_w = 544, .box_w = 31, .box_h = 32, .ofs_x = 1, .ofs_y = -3},
    {.bitmap_index = 12000, .adv_w = 544, .box_w = 32, .box_h = 31, .ofs_x = 1, .ofs_y = -3},
    {.bitmap_index = 12124, .adv_w = 544, .box_w = 29, .box_h = 31, .ofs_x = 2, .ofs_y = -2},
    {.bitmap_index = 12237, .adv_w = 544, .box_w = 32, .box_h = 29, .ofs_x = 1, .ofs_y = -2},
    {.bitmap_index = 12353, .adv_w = 544, .box_w = 30, .box_h = 28, .ofs_x = 2, .ofs_y = 0},
    {.bitmap_index = 12458, .adv_w = 544, .box_w = 28, .box_h = 30, .ofs_x = 1, .ofs_y = -3},
    {.bitmap_index = 12563, .adv_w = 544, .box_w = 27, .box_h = 29, .ofs_x = 5, .ofs_y = -1},
    {.bitmap_index = 12661, .adv_w = 544, .box_w = 30, .box_h = 29, .ofs_x = 2, .ofs_y = -1},
    {.bitmap_index = 12770, .adv_w = 544, .box_w = 30, .box_h = 28, .ofs_x = 1, .ofs_y = -2},
    {.bitmap_index = 12875, .adv_w = 544, .box_w = 30, .box_h = 31, .ofs_x = 1, .ofs_y = -2},
    {.bitmap_index = 12992, .adv_w = 544, .box_w = 31, .box_h = 30, .ofs_x = 2, .ofs_y = -1},
    {.bitmap_index = 13109, .adv_w = 544, .box_w = 29, .box_h = 27, .ofs_x = 3, .ofs_y = -2},
    {.bitmap_index = 13207, .adv_w = 544, .box_w = 32, .box_h = 30, .ofs_x = 1, .ofs_y = -2},
    {.bitmap_index = 13327, .adv_w = 544, .box_w = 32, .box_h = 29, .ofs_x = 2, .ofs_y = -2},
    {.bitmap_index = 13443, .adv_w = 544, .box_w = 31, .box_h = 31, .ofs_x = 2, .ofs_y = -2},
    {.bitmap_index = 13564, .adv_w = 544, .box_w = 31, .box_h = 31, .ofs_x = 1, .ofs_y = -2},
    {.bitmap_index = 13685, .adv_w = 544, .box_w = 31, .box_h = 30, .ofs_x = 1, .ofs_y = -2},
    {.bitmap_index = 13802, .adv_w = 544, .box_w = 31, .box_h = 30, .ofs_x = 2, .ofs_y = -2},
    {.bitmap_index = 13919, .adv_w = 544, .box_w = 31, .box_h = 31, .ofs_x = 2, .ofs_y = -3},
    {.bitmap_index = 14040, .adv_w = 544, .box_w = 29, .box_h = 29, .ofs_x = 3, .ofs_y = -2},
    {.bitmap_index = 14146, .adv_w = 544, .box_w = 21, .box_h = 31, .ofs_x = 7, .ofs_y = -2},
    {.bitmap_index = 14228, .adv_w = 544, .box_w = 30, .box_h = 30, .ofs_x = 2, .ofs_y = -2},
    {.bitmap_index = 14341, .adv_w = 544, .box_w = 28, .box_h = 30, .ofs_x = 3, .ofs_y = -2},
    {.bitmap_index = 14446, .adv_w = 544, .box_w = 30, .box_h = 29, .ofs_x = 2, .ofs_y = -1},
    {.bitmap_index = 14555, .adv_w = 544, .box_w = 31, .box_h = 29, .ofs_x = 1, .ofs_y = -2},
    {.bitmap_index = 14668, .adv_w = 544, .box_w = 31, .box_h = 30, .ofs_x = 1, .ofs_y = -2},
    {.bitmap_index = 14785, .adv_w = 544, .box_w = 30, .box_h = 28, .ofs_x = 2, .ofs_y = -2},
    {.bitmap_index = 14890, .adv_w = 544, .box_w = 30, .box_h = 30, .ofs_x = 2, .ofs_y = -2},
    {.bitmap_index = 15003, .adv_w = 544, .box_w = 28, .box_h = 30, .ofs_x = 3, .ofs_y = -3},
    {.bitmap_index = 15108, .adv_w = 544, .box_w = 31, .box_h = 30, .ofs_x = 1, .ofs_y = -2},
    {.bitmap_index = 15225, .adv_w = 544, .box_w = 32, .box_h = 30, .ofs_x = 1, .ofs_y = -2},
    {.bitmap_index = 15345, .adv_w = 544, .box_w = 32, .box_h = 30, .ofs_x = 2, .ofs_y = -2},
    {.bitmap_index = 15465, .adv_w = 544, .box_w = 31, .box_h = 29, .ofs_x = 1, .ofs_y = -2},
    {.bitmap_index = 15578, .adv_w = 544, .box_w = 32, .box_h = 30, .ofs_x = 1, .ofs_y = -2},
    {.bitmap_index = 15698, .adv_w = 544, .box_w = 30, .box_h = 30, .ofs_x = 2, .ofs_y = -2},
    {.bitmap_index = 15811, .adv_w = 544, .box_w = 30, .box_h = 28, .ofs_x = 2, .ofs_y = -1},
    {.bitmap_index = 15916, .adv_w = 544, .box_w = 31, .box_h = 30, .ofs_x = 2, .ofs_y = -2},
    {.bitmap_index = 16033, .adv_w = 544, .box_w = 26, .box_h = 30, .ofs_x = 3, .ofs_y = -2},
    {.bitmap_index = 16131, .adv_w = 544, .box_w = 29, .box_h = 31, .ofs_x = 4, .ofs_y = -2},
    {.bitmap_index = 16244, .adv_w = 544, .box_w = 29, .box_h = 30, .ofs_x = 2, .ofs_y = -2},
    {.bitmap_index = 16353, .adv_w = 544, .box_w = 28, .box_h = 29, .ofs_x = 3, .ofs_y = -3},
    {.bitmap_index = 16455, .adv_w = 544, .box_w = 30, .box_h = 30, .ofs_x = 2, .ofs_y = -2},
    {.bitmap_index = 16568, .adv_w = 544, .box_w = 28, .box_h = 30, .ofs_x = 3, .ofs_y = -2},
    {.bitmap_index = 16673, .adv_w = 544, .box_w = 4, .box_h = 8, .ofs_x = 15, .ofs_y = -5},
    {.bitmap_index = 16677, .adv_w = 544, .box_w = 3, .box_h = 17, .ofs_x = 15, .ofs_y = 0}
};

/*---------------------
 *  CHARACTER MAPPING
 *--------------------*/

static const uint16_t unicode_list_4[] = {
    0x0, 0xe, 0x7a, 0xbd, 0xc9, 0x121, 0x126, 0x1b4,
    0x22f, 0x27b, 0x2a2, 0x318, 0x31c, 0x33b, 0x346, 0x358,
    0x399, 0x3cd, 0x3d9, 0x3f3, 0x409, 0x420, 0x47b, 0x4e9,
    0x534, 0x543, 0x555, 0x5a9, 0x5e0, 0x5e1, 0x5f9, 0x694,
    0x719, 0x8b1, 0x8fb, 0xac3, 0xada, 0xae0, 0xafa, 0xd2b,
    0xd5f, 0xd6d, 0xd8c, 0xd99, 0xe22, 0xfc5, 0x1047, 0x1079,
    0x10d3, 0x10e2, 0x1126, 0x1128, 0x117d, 0x11aa, 0x1235, 0x1242,
    0x13e3, 0x1413, 0x1453, 0x1578, 0x157a, 0x1617, 0x1671, 0x1722,
    0x175a, 0x17b8, 0x17c9, 0x1802, 0x1811, 0x18b0, 0x18db, 0x18dc,
    0x18ff, 0x19f4, 0x1a0f, 0x1bf4, 0x1d36, 0x1e07, 0x1f5b, 0x2063,
    0x2248, 0x2357, 0x241b, 0x255a, 0x2582, 0x26f2, 0x26fb, 0x2708,
    0x28a4, 0x29d4, 0x2a41, 0x2a83, 0x2b0d, 0x2ba4, 0x2ba5, 0x2bc3,
    0x2be0, 0x2d53, 0x2ece, 0x30b2, 0x3141, 0x33bd, 0x3bb6, 0x3bd3,
    0x3d83, 0x3d91, 0x3da8, 0x3dc0, 0x3dca, 0x3dd6, 0x4139, 0x417b,
    0x41a7, 0x41b1, 0x41ed, 0x42bb, 0x43a2, 0x46d4, 0x47c7, 0x4837,
    0x49c6, 0x4a48, 0x4a64, 0x4cab, 0xb0df, 0xb0ed
};

/*Collect the unicode lists and glyph_id offsets*/
static const lv_font_fmt_txt_cmap_t cmaps[] =
{
    {
        .range_start = 32, .range_length = 1, .glyph_id_start = 1,
        .unicode_list = NULL, .glyph_id_ofs_list = NULL, .list_length = 0, .type = LV_FONT_FMT_TXT_CMAP_FORMAT0_TINY
    },
    {
        .range_start = 45, .range_length = 14, .glyph_id_start = 2,
        .unicode_list = NULL, .glyph_id_ofs_list = NULL, .list_length = 0, .type = LV_FONT_FMT_TXT_CMAP_FORMAT0_TINY
    },
    {
        .range_start = 65, .range_length = 26, .glyph_id_start = 16,
        .unicode_list = NULL, .glyph_id_ofs_list = NULL, .list_length = 0, .type = LV_FONT_FMT_TXT_CMAP_FORMAT0_TINY
    },
    {
        .range_start = 97, .range_length = 26, .glyph_id_start = 42,
        .unicode_list = NULL, .glyph_id_ofs_list = NULL, .list_length = 0, .type = LV_FONT_FMT_TXT_CMAP_FORMAT0_TINY
    },
    {
        .range_start = 20013, .range_length = 45294, .glyph_id_start = 68,
        .unicode_list = unicode_list_4, .glyph_id_ofs_list = NULL, .list_length = 126, .type = LV_FONT_FMT_TXT_CMAP_SPARSE_TINY
    }
};



/*--------------------
 *  ALL CUSTOM DATA
 *--------------------*/

#if LV_VERSION_CHECK(8, 0, 0)
/*Store all the custom data of the font*/
static  lv_font_fmt_txt_glyph_cache_t cache;
static const lv_font_fmt_txt_dsc_t font_dsc = {
#else
static lv_font_fmt_txt_dsc_t font_dsc = {
#endif
    .glyph_bitmap = glyph_bitmap,
    .glyph_dsc = glyph_dsc,
    .cmaps = cmaps,
    .kern_dsc = NULL,
    .kern_scale = 0,
    .cmap_num = 5,
    .bpp = 1,
    .kern_classes = 0,
    .bitmap_format = 0,
#if LV_VERSION_CHECK(8, 0, 0)
    .cache = &cache
#endif
};


/*-----------------
 *  PUBLIC FONT
 *----------------*/

/*Initialize a public general font descriptor*/
#if LV_VERSION_CHECK(8, 0, 0)
const lv_font_t chinese_font_34 = {
#else
lv_font_t chinese_font_34 = {
#endif
    .get_glyph_dsc = lv_font_get_glyph_dsc_fmt_txt,    /*Function pointer to get glyph's data*/
    .get_glyph_bitmap = lv_font_get_bitmap_fmt_txt,    /*Function pointer to get glyph's bitmap*/
    .line_height = 36,          /*The maximum line height required by the font*/
    .base_line = 7,             /*Baseline measured from the bottom of the line*/
#if !(LVGL_VERSION_MAJOR == 6 && LVGL_VERSION_MINOR == 0)
    .subpx = LV_FONT_SUBPX_NONE,
#endif
#if LV_VERSION_CHECK(7, 4, 0) || LVGL_VERSION_MAJOR >= 8
    .underline_position = -3,
    .underline_thickness = 2,
#endif
    .dsc = &font_dsc           /*The custom font data. Will be accessed by `get_glyph_bitmap/dsc` */
};



#endif /*#if CHINESE_FONT_34*/

