/*******************************************************************************
 * Size: 32 px
 * Bpp: 1
 * Opts: 
 ******************************************************************************/

#ifdef LV_LVGL_H_INCLUDE_SIMPLE
#include "lvgl.h"
#else
#include "lvgl/lvgl.h"
#endif

#ifndef CHINESE_FONT_32
#define CHINESE_FONT_32 1
#endif

#if CHINESE_FONT_32

/*-----------------
 *    BITMAPS
 *----------------*/

/*Store the image of the glyphs*/
static LV_ATTRIBUTE_LARGE_CONST const uint8_t glyph_bitmap[] = {
    /* U+0020 " " */
    0x0,

    /* U+002D "-" */
    0xff, 0xff, 0xff, 0xe0,

    /* U+002E "." */
    0xff, 0x80,

    /* U+002F "/" */
    0x3, 0x81, 0x80, 0xc0, 0x60, 0x70, 0x30, 0x18,
    0x1c, 0xe, 0x6, 0x3, 0x3, 0x81, 0x80, 0xc0,
    0x60, 0x70, 0x30, 0x18, 0x1c, 0xc, 0x6, 0x3,
    0x3, 0x81, 0x80,

    /* U+0030 "0" */
    0x7, 0xc0, 0x3f, 0xe0, 0xf1, 0xe1, 0xc1, 0xc7,
    0x1, 0xce, 0x3, 0xb8, 0x3, 0xf0, 0x7, 0xe0,
    0xf, 0xc0, 0x1f, 0x80, 0x3f, 0x0, 0x7e, 0x0,
    0xfc, 0x1, 0xf8, 0x3, 0xf0, 0x7, 0xe0, 0xe,
    0xe0, 0x39, 0xc0, 0x73, 0xc1, 0xc3, 0xc7, 0x83,
    0xfe, 0x1, 0xf0, 0x0,

    /* U+0031 "1" */
    0x1, 0x81, 0xc1, 0xe1, 0xf1, 0xfb, 0xff, 0xcf,
    0xc7, 0x3, 0x81, 0xc0, 0xe0, 0x70, 0x38, 0x1c,
    0xe, 0x7, 0x3, 0x81, 0xc0, 0xe0, 0x70, 0x38,
    0x1c, 0xe,

    /* U+0032 "2" */
    0x7, 0xe0, 0x3f, 0xf0, 0xf0, 0xf3, 0x80, 0xe7,
    0x0, 0xec, 0x1, 0xd8, 0x3, 0x80, 0x7, 0x0,
    0x1e, 0x0, 0x38, 0x0, 0xf0, 0x3, 0xc0, 0xf,
    0x0, 0x3e, 0x0, 0xf8, 0x3, 0xc0, 0x1f, 0x0,
    0x3c, 0x0, 0xf0, 0x3, 0xc0, 0x7, 0x0, 0x1f,
    0xff, 0xff, 0xff, 0x80,

    /* U+0033 "3" */
    0xf, 0xc0, 0x3f, 0xe0, 0xe1, 0xe3, 0x81, 0xc7,
    0x1, 0xcc, 0x3, 0x80, 0x7, 0x0, 0x1e, 0x0,
    0x78, 0x7, 0xe0, 0xf, 0x80, 0x1, 0xc0, 0x1,
    0xc0, 0x3, 0xc0, 0x3, 0x80, 0x7, 0xe0, 0xf,
    0xc0, 0x1f, 0xc0, 0x7b, 0x80, 0xe3, 0x87, 0x83,
    0xfe, 0x3, 0xf0, 0x0,

    /* U+0034 "4" */
    0x0, 0x38, 0x0, 0x78, 0x0, 0x78, 0x0, 0xf8,
    0x1, 0xf8, 0x1, 0xb8, 0x3, 0xb8, 0x7, 0x38,
    0x6, 0x38, 0xe, 0x38, 0x1c, 0x38, 0x38, 0x38,
    0x30, 0x38, 0x70, 0x38, 0xe0, 0x38, 0xff, 0xff,
    0xff, 0xff, 0x0, 0x38, 0x0, 0x38, 0x0, 0x38,
    0x0, 0x38, 0x0, 0x38, 0x0, 0x38,

    /* U+0035 "5" */
    0x3f, 0xfc, 0x7f, 0xf8, 0xe0, 0x1, 0xc0, 0x3,
    0x0, 0x6, 0x0, 0x1c, 0x0, 0x38, 0x0, 0x77,
    0xe0, 0xff, 0xe1, 0xe1, 0xe7, 0x80, 0xe0, 0x1,
    0xe0, 0x1, 0xc0, 0x3, 0x80, 0x7, 0x0, 0xf,
    0xc0, 0x1f, 0x80, 0x73, 0x80, 0xe7, 0x87, 0x87,
    0xfe, 0x3, 0xf0, 0x0,

    /* U+0036 "6" */
    0x7, 0xe0, 0x3f, 0xf0, 0xf0, 0xe1, 0xc0, 0xe7,
    0x1, 0xce, 0x1, 0x98, 0x0, 0x70, 0x0, 0xe3,
    0xe1, 0xdf, 0xf3, 0xf0, 0xe7, 0xc0, 0xef, 0x1,
    0xfe, 0x1, 0xf8, 0x3, 0xf0, 0x7, 0xf0, 0xe,
    0xe0, 0x1d, 0xc0, 0x73, 0xc0, 0xe3, 0xc3, 0x83,
    0xfe, 0x1, 0xf8, 0x0,

    /* U+0037 "7" */
    0xff, 0xff, 0xff, 0xfc, 0x0, 0x70, 0x1, 0xc0,
    0x7, 0x80, 0xe, 0x0, 0x38, 0x0, 0x70, 0x1,
    0xc0, 0x3, 0x80, 0xe, 0x0, 0x1c, 0x0, 0x78,
    0x0, 0xe0, 0x1, 0xc0, 0x7, 0x80, 0xe, 0x0,
    0x1c, 0x0, 0x38, 0x0, 0x70, 0x1, 0xc0, 0x3,
    0x80, 0x7, 0x0, 0x0,

    /* U+0038 "8" */
    0x7, 0xc0, 0x3f, 0xe0, 0xf1, 0xe3, 0xc1, 0xc7,
    0x1, 0xce, 0x3, 0x9c, 0x7, 0x3c, 0x1e, 0x3c,
    0x78, 0x3f, 0xe0, 0x7f, 0x81, 0xc3, 0xc7, 0x1,
    0xde, 0x3, 0xb8, 0x3, 0xf0, 0x7, 0xe0, 0xf,
    0xc0, 0x1f, 0xc0, 0x7b, 0x80, 0xe3, 0xc3, 0x83,
    0xfe, 0x3, 0xf0, 0x0,

    /* U+0039 "9" */
    0xf, 0xc0, 0x3f, 0xe0, 0xf1, 0xe3, 0xc0, 0xc7,
    0x1, 0xdc, 0x1, 0xb8, 0x3, 0xf0, 0x7, 0xe0,
    0xf, 0xc0, 0x1f, 0xc0, 0x7b, 0x80, 0xf3, 0xc3,
    0xe3, 0xfd, 0xc3, 0xf3, 0x80, 0x7, 0x0, 0xc,
    0xc0, 0x19, 0xc0, 0x73, 0x81, 0xc7, 0x87, 0x87,
    0xfe, 0x3, 0xf0, 0x0,

    /* U+003A ":" */
    0xff, 0x80, 0x0, 0x0, 0x0, 0x3f, 0xe0,

    /* U+0041 "A" */
    0x0, 0x70, 0x0, 0x7, 0xc0, 0x0, 0x3e, 0x0,
    0x3, 0xb0, 0x0, 0x1d, 0xc0, 0x0, 0xee, 0x0,
    0xe, 0x38, 0x0, 0x71, 0xc0, 0x7, 0x8e, 0x0,
    0x38, 0x38, 0x1, 0xc1, 0xc0, 0x1c, 0xf, 0x0,
    0xe0, 0x38, 0x7, 0x1, 0xe0, 0x7f, 0xff, 0x3,
    0xff, 0xf8, 0x3c, 0x1, 0xe1, 0xc0, 0x7, 0xe,
    0x0, 0x3c, 0xe0, 0x0, 0xe7, 0x0, 0x7, 0x38,
    0x0, 0x3f, 0x80, 0x0, 0xe0,

    /* U+0042 "B" */
    0xff, 0xf0, 0x7f, 0xfe, 0x38, 0x7, 0x9c, 0x1,
    0xce, 0x0, 0x77, 0x0, 0x3b, 0x80, 0x1d, 0xc0,
    0xe, 0xe0, 0xe, 0x70, 0xf, 0x3f, 0xfe, 0x1f,
    0xff, 0x8e, 0x0, 0xf7, 0x0, 0x3b, 0x80, 0xf,
    0xc0, 0x7, 0xe0, 0x3, 0xf0, 0x1, 0xf8, 0x0,
    0xfc, 0x0, 0xee, 0x0, 0xf7, 0xff, 0xf3, 0xff,
    0xe0,

    /* U+0043 "C" */
    0x1, 0xfc, 0x0, 0x7f, 0xf0, 0xf, 0x7, 0xc1,
    0xc0, 0x1c, 0x38, 0x0, 0xe7, 0x0, 0xe, 0x70,
    0x0, 0x4e, 0x0, 0x0, 0xe0, 0x0, 0xe, 0x0,
    0x0, 0xe0, 0x0, 0xe, 0x0, 0x0, 0xe0, 0x0,
    0xe, 0x0, 0x0, 0xe0, 0x0, 0x6, 0x0, 0x6,
    0x70, 0x0, 0x77, 0x0, 0xe, 0x38, 0x0, 0xe3,
    0xc0, 0x1c, 0x1f, 0x7, 0x80, 0x7f, 0xf0, 0x1,
    0xfc, 0x0,

    /* U+0044 "D" */
    0xff, 0xf8, 0x1f, 0xff, 0xc3, 0x80, 0x3c, 0x70,
    0x3, 0xce, 0x0, 0x39, 0xc0, 0x3, 0xb8, 0x0,
    0x77, 0x0, 0x7, 0xe0, 0x0, 0xfc, 0x0, 0x1f,
    0x80, 0x3, 0xf0, 0x0, 0x7e, 0x0, 0xf, 0xc0,
    0x1, 0xf8, 0x0, 0x3f, 0x0, 0x7, 0xe0, 0x1,
    0xdc, 0x0, 0x3b, 0x80, 0xe, 0x70, 0x3, 0xce,
    0x0, 0xf1, 0xff, 0xfc, 0x3f, 0xfc, 0x0,

    /* U+0045 "E" */
    0xff, 0xff, 0xff, 0xff, 0xf8, 0x0, 0x1c, 0x0,
    0xe, 0x0, 0x7, 0x0, 0x3, 0x80, 0x1, 0xc0,
    0x0, 0xe0, 0x0, 0x70, 0x0, 0x3f, 0xff, 0xdf,
    0xff, 0xee, 0x0, 0x7, 0x0, 0x3, 0x80, 0x1,
    0xc0, 0x0, 0xe0, 0x0, 0x70, 0x0, 0x38, 0x0,
    0x1c, 0x0, 0xe, 0x0, 0x7, 0xff, 0xff, 0xff,
    0xfe,

    /* U+0046 "F" */
    0xff, 0xff, 0xff, 0xff, 0xe0, 0x0, 0xe0, 0x0,
    0xe0, 0x0, 0xe0, 0x0, 0xe0, 0x0, 0xe0, 0x0,
    0xe0, 0x0, 0xe0, 0x0, 0xff, 0xfc, 0xff, 0xfc,
    0xe0, 0x0, 0xe0, 0x0, 0xe0, 0x0, 0xe0, 0x0,
    0xe0, 0x0, 0xe0, 0x0, 0xe0, 0x0, 0xe0, 0x0,
    0xe0, 0x0, 0xe0, 0x0, 0xe0, 0x0,

    /* U+0047 "G" */
    0x0, 0xfe, 0x0, 0x3f, 0xfc, 0x3, 0xc0, 0xf8,
    0x38, 0x1, 0xc3, 0x80, 0x7, 0x3c, 0x0, 0x39,
    0xc0, 0x0, 0xce, 0x0, 0x0, 0xe0, 0x0, 0x7,
    0x0, 0x0, 0x38, 0x0, 0x1, 0xc0, 0x3f, 0xfe,
    0x1, 0xff, 0xf0, 0x0, 0x1f, 0x80, 0x0, 0xee,
    0x0, 0x7, 0x70, 0x0, 0x3b, 0x80, 0x1, 0xce,
    0x0, 0xe, 0x38, 0x1, 0xf0, 0xf0, 0x3f, 0x3,
    0xff, 0xe0, 0x3, 0xfc, 0x0,

    /* U+0048 "H" */
    0xe0, 0x1, 0xf8, 0x0, 0x7e, 0x0, 0x1f, 0x80,
    0x7, 0xe0, 0x1, 0xf8, 0x0, 0x7e, 0x0, 0x1f,
    0x80, 0x7, 0xe0, 0x1, 0xf8, 0x0, 0x7f, 0xff,
    0xff, 0xff, 0xff, 0xe0, 0x1, 0xf8, 0x0, 0x7e,
    0x0, 0x1f, 0x80, 0x7, 0xe0, 0x1, 0xf8, 0x0,
    0x7e, 0x0, 0x1f, 0x80, 0x7, 0xe0, 0x1, 0xf8,
    0x0, 0x7e, 0x0, 0x1c,

    /* U+0049 "I" */
    0xff, 0xff, 0xff, 0xff, 0xff, 0xff, 0xff, 0xff,
    0xf8,

    /* U+004A "J" */
    0x0, 0x38, 0x1, 0xc0, 0xe, 0x0, 0x70, 0x3,
    0x80, 0x1c, 0x0, 0xe0, 0x7, 0x0, 0x38, 0x1,
    0xc0, 0xe, 0x0, 0x70, 0x3, 0x80, 0x1c, 0x0,
    0xe0, 0x7, 0x20, 0x3f, 0x1, 0xf8, 0xf, 0xe0,
    0xe7, 0x87, 0x1f, 0xf0, 0x7e, 0x0,

    /* U+004B "K" */
    0xe0, 0x3, 0xdc, 0x0, 0xf3, 0x80, 0x3c, 0x70,
    0xf, 0xe, 0x3, 0xc1, 0xc0, 0xf0, 0x38, 0x3c,
    0x7, 0xf, 0x0, 0xe3, 0xc0, 0x1c, 0xf0, 0x3,
    0xbf, 0x0, 0x7f, 0xf0, 0xf, 0xce, 0x1, 0xf1,
    0xe0, 0x3c, 0x1e, 0x7, 0x1, 0xc0, 0xe0, 0x3c,
    0x1c, 0x3, 0xc3, 0x80, 0x3c, 0x70, 0x7, 0x8e,
    0x0, 0x79, 0xc0, 0x7, 0xb8, 0x0, 0x78,

    /* U+004C "L" */
    0xe0, 0x1, 0xc0, 0x3, 0x80, 0x7, 0x0, 0xe,
    0x0, 0x1c, 0x0, 0x38, 0x0, 0x70, 0x0, 0xe0,
    0x1, 0xc0, 0x3, 0x80, 0x7, 0x0, 0xe, 0x0,
    0x1c, 0x0, 0x38, 0x0, 0x70, 0x0, 0xe0, 0x1,
    0xc0, 0x3, 0x80, 0x7, 0x0, 0xe, 0x0, 0x1f,
    0xff, 0xff, 0xff, 0x80,

    /* U+004D "M" */
    0xf8, 0x0, 0x3f, 0xe0, 0x1, 0xff, 0x80, 0x7,
    0xff, 0x0, 0x1f, 0xfc, 0x0, 0xff, 0xb0, 0x3,
    0x7e, 0xe0, 0xd, 0xfb, 0x80, 0x77, 0xe6, 0x1,
    0x9f, 0x9c, 0x6, 0x7e, 0x70, 0x39, 0xf8, 0xc0,
    0xc7, 0xe3, 0x83, 0x1f, 0x8e, 0x1c, 0x7e, 0x18,
    0x61, 0xf8, 0x71, 0x87, 0xe1, 0xce, 0x1f, 0x83,
    0x30, 0x7e, 0xe, 0xc1, 0xf8, 0x3f, 0x7, 0xe0,
    0x78, 0x1f, 0x81, 0xe0, 0x7e, 0x7, 0x81, 0xc0,

    /* U+004E "N" */
    0xf0, 0x1, 0xfc, 0x0, 0x7f, 0x80, 0x1f, 0xe0,
    0x7, 0xfc, 0x1, 0xff, 0x80, 0x7e, 0xe0, 0x1f,
    0x9c, 0x7, 0xe7, 0x81, 0xf8, 0xe0, 0x7e, 0x1c,
    0x1f, 0x87, 0x87, 0xe0, 0xe1, 0xf8, 0x1c, 0x7e,
    0x7, 0x9f, 0x80, 0xe7, 0xe0, 0x1d, 0xf8, 0x7,
    0xfe, 0x0, 0xff, 0x80, 0x1f, 0xe0, 0x7, 0xf8,
    0x0, 0xfe, 0x0, 0x3c,

    /* U+004F "O" */
    0x1, 0xfe, 0x0, 0x1f, 0xfe, 0x0, 0xf0, 0x3c,
    0x7, 0x0, 0x38, 0x38, 0x0, 0x71, 0xc0, 0x1,
    0xe7, 0x0, 0x3, 0x9c, 0x0, 0xe, 0xe0, 0x0,
    0x1f, 0x80, 0x0, 0x7e, 0x0, 0x1, 0xf8, 0x0,
    0x7, 0xe0, 0x0, 0x1f, 0x80, 0x0, 0x7e, 0x0,
    0x1, 0xdc, 0x0, 0xe, 0x70, 0x0, 0x39, 0xc0,
    0x0, 0xe3, 0x80, 0x7, 0x7, 0x0, 0x38, 0xf,
    0x3, 0xc0, 0x1f, 0xfe, 0x0, 0x1f, 0xe0, 0x0,

    /* U+0050 "P" */
    0xff, 0xf8, 0x7f, 0xff, 0x38, 0x3, 0xdc, 0x0,
    0xee, 0x0, 0x3f, 0x0, 0x1f, 0x80, 0xf, 0xc0,
    0x7, 0xe0, 0x3, 0xf0, 0x3, 0xb8, 0x3, 0xdf,
    0xff, 0xcf, 0xff, 0x87, 0x0, 0x3, 0x80, 0x1,
    0xc0, 0x0, 0xe0, 0x0, 0x70, 0x0, 0x38, 0x0,
    0x1c, 0x0, 0xe, 0x0, 0x7, 0x0, 0x3, 0x80,
    0x0,

    /* U+0051 "Q" */
    0x1, 0xfe, 0x0, 0x1f, 0xfe, 0x0, 0xf0, 0x3c,
    0x7, 0x0, 0x38, 0x38, 0x0, 0x71, 0xc0, 0x1,
    0xe7, 0x0, 0x3, 0x9c, 0x0, 0xe, 0xe0, 0x0,
    0x1f, 0x80, 0x0, 0x7e, 0x0, 0x1, 0xf8, 0x0,
    0x7, 0xe0, 0x0, 0x1f, 0x80, 0x0, 0x7e, 0x0,
    0x1, 0xdc, 0x0, 0xf, 0x70, 0x0, 0x39, 0xc0,
    0x31, 0xe3, 0x81, 0xf7, 0x7, 0x3, 0xfc, 0xf,
    0x3, 0xe0, 0x1f, 0xff, 0xc0, 0x1f, 0xe3, 0xc0,
    0x0, 0x7,

    /* U+0052 "R" */
    0xff, 0xfc, 0xf, 0xff, 0xf0, 0xe0, 0x7, 0x8e,
    0x0, 0x3c, 0xe0, 0x1, 0xce, 0x0, 0x1c, 0xe0,
    0x1, 0xce, 0x0, 0x1c, 0xe0, 0x3, 0x8e, 0x0,
    0x78, 0xff, 0xff, 0xf, 0xff, 0x80, 0xe0, 0x78,
    0xe, 0x3, 0xc0, 0xe0, 0x1e, 0xe, 0x0, 0xe0,
    0xe0, 0xf, 0xe, 0x0, 0x78, 0xe0, 0x3, 0x8e,
    0x0, 0x3c, 0xe0, 0x1, 0xce, 0x0, 0x1e, 0xe0,
    0x0, 0xf0,

    /* U+0053 "S" */
    0x7, 0xf8, 0x7, 0xff, 0x83, 0xc0, 0xf0, 0xe0,
    0x1e, 0x70, 0x3, 0x9c, 0x0, 0xe7, 0x0, 0x21,
    0xe0, 0x0, 0x7e, 0x0, 0xf, 0xf8, 0x1, 0xff,
    0xc0, 0x3f, 0xfc, 0x1, 0xff, 0x80, 0x7, 0xe0,
    0x0, 0x3c, 0x0, 0x7, 0xe0, 0x1, 0xf8, 0x0,
    0x7f, 0x0, 0x1d, 0xe0, 0xe, 0x3e, 0xf, 0x7,
    0xff, 0x80, 0x7f, 0x80,

    /* U+0054 "T" */
    0xff, 0xff, 0xff, 0xff, 0xf0, 0xe, 0x0, 0x3,
    0x80, 0x0, 0xe0, 0x0, 0x38, 0x0, 0xe, 0x0,
    0x3, 0x80, 0x0, 0xe0, 0x0, 0x38, 0x0, 0xe,
    0x0, 0x3, 0x80, 0x0, 0xe0, 0x0, 0x38, 0x0,
    0xe, 0x0, 0x3, 0x80, 0x0, 0xe0, 0x0, 0x38,
    0x0, 0xe, 0x0, 0x3, 0x80, 0x0, 0xe0, 0x0,
    0x38, 0x0, 0xe, 0x0,

    /* U+0055 "U" */
    0xe0, 0x1, 0xf8, 0x0, 0x7e, 0x0, 0x1f, 0x80,
    0x7, 0xe0, 0x1, 0xf8, 0x0, 0x7e, 0x0, 0x1f,
    0x80, 0x7, 0xe0, 0x1, 0xf8, 0x0, 0x7e, 0x0,
    0x1f, 0x80, 0x7, 0xe0, 0x1, 0xf8, 0x0, 0x7e,
    0x0, 0x1f, 0x80, 0x7, 0xe0, 0x1, 0xf8, 0x0,
    0x77, 0x0, 0x39, 0xe0, 0x1e, 0x3c, 0xf, 0x7,
    0xff, 0x80, 0x7f, 0x80,

    /* U+0056 "V" */
    0xf0, 0x0, 0x3b, 0x80, 0x3, 0xdc, 0x0, 0x1c,
    0x70, 0x0, 0xe3, 0x80, 0xe, 0x1c, 0x0, 0x70,
    0x70, 0x3, 0x83, 0x80, 0x38, 0x1c, 0x1, 0xc0,
    0x70, 0xc, 0x3, 0x80, 0xe0, 0xe, 0x7, 0x0,
    0x70, 0x70, 0x3, 0x83, 0x80, 0xe, 0x18, 0x0,
    0x71, 0xc0, 0x1, 0x8e, 0x0, 0xe, 0x60, 0x0,
    0x77, 0x0, 0x1, 0xb8, 0x0, 0xf, 0x80, 0x0,
    0x7c, 0x0, 0x1, 0xc0, 0x0,

    /* U+0057 "W" */
    0x70, 0x7, 0x80, 0x1d, 0xc0, 0x1e, 0x0, 0xe7,
    0x0, 0x7c, 0x3, 0x9c, 0x3, 0xf0, 0xe, 0x38,
    0xe, 0xc0, 0x38, 0xe0, 0x33, 0x81, 0xc3, 0x80,
    0xce, 0x7, 0xe, 0x7, 0x38, 0x1c, 0x18, 0x1c,
    0x60, 0x70, 0x70, 0x61, 0xc3, 0x81, 0xc3, 0x87,
    0xe, 0x7, 0xe, 0x1c, 0x38, 0xc, 0x38, 0x38,
    0xc0, 0x38, 0xc0, 0xe7, 0x0, 0xe7, 0x3, 0x9c,
    0x3, 0x9c, 0x6, 0x70, 0x6, 0x60, 0x19, 0x80,
    0x1f, 0x80, 0x76, 0x0, 0x7e, 0x1, 0xf8, 0x0,
    0xf8, 0x3, 0xe0, 0x3, 0xc0, 0xf, 0x0, 0xf,
    0x0, 0x3c, 0x0, 0x3c, 0x0, 0xf0, 0x0,

    /* U+0058 "X" */
    0x38, 0x0, 0x71, 0xe0, 0x7, 0x7, 0x80, 0x78,
    0x1c, 0x3, 0x80, 0xf0, 0x38, 0x3, 0xc3, 0x80,
    0xe, 0x3c, 0x0, 0x39, 0xc0, 0x1, 0xfc, 0x0,
    0x7, 0xc0, 0x0, 0x1e, 0x0, 0x0, 0xf0, 0x0,
    0xf, 0xc0, 0x0, 0xee, 0x0, 0xf, 0x78, 0x0,
    0x71, 0xe0, 0x7, 0x7, 0x80, 0x78, 0x1c, 0x7,
    0x80, 0xf0, 0x38, 0x3, 0xc3, 0xc0, 0xe, 0x3c,
    0x0, 0x79, 0xc0, 0x1, 0xe0,

    /* U+0059 "Y" */
    0xf0, 0x0, 0x7b, 0xc0, 0x3, 0x8e, 0x0, 0x38,
    0x78, 0x3, 0xc1, 0xe0, 0x1c, 0x7, 0x1, 0xc0,
    0x3c, 0x1e, 0x0, 0xf0, 0xe0, 0x3, 0x8e, 0x0,
    0x1e, 0xf0, 0x0, 0x77, 0x0, 0x1, 0xf0, 0x0,
    0xf, 0x80, 0x0, 0x38, 0x0, 0x1, 0xc0, 0x0,
    0xe, 0x0, 0x0, 0x70, 0x0, 0x3, 0x80, 0x0,
    0x1c, 0x0, 0x0, 0xe0, 0x0, 0x7, 0x0, 0x0,
    0x38, 0x0, 0x1, 0xc0, 0x0,

    /* U+005A "Z" */
    0x3f, 0xff, 0xcf, 0xff, 0xf0, 0x0, 0x3c, 0x0,
    0x1e, 0x0, 0xf, 0x0, 0x3, 0x80, 0x1, 0xe0,
    0x0, 0xf0, 0x0, 0x78, 0x0, 0x1e, 0x0, 0xf,
    0x0, 0x7, 0x80, 0x3, 0xc0, 0x0, 0xf0, 0x0,
    0x78, 0x0, 0x3c, 0x0, 0x1e, 0x0, 0x7, 0x80,
    0x3, 0xc0, 0x1, 0xe0, 0x0, 0xf8, 0x0, 0x3f,
    0xff, 0xff, 0xff, 0xfc,

    /* U+0061 "a" */
    0xf, 0xe0, 0x7f, 0xf1, 0xe0, 0xe3, 0x80, 0xe6,
    0x1, 0xc0, 0x3, 0x80, 0xf, 0x7, 0xfe, 0x3f,
    0xfc, 0xfc, 0x3b, 0xc0, 0x77, 0x0, 0xee, 0x3,
    0xdc, 0x7, 0xbc, 0x3f, 0x3f, 0xee, 0x1f, 0xe,

    /* U+0062 "b" */
    0xe0, 0x3, 0x80, 0xe, 0x0, 0x38, 0x0, 0xe0,
    0x3, 0x80, 0xe, 0x7c, 0x3f, 0xf8, 0xf8, 0x73,
    0xc0, 0xef, 0x3, 0xb8, 0x7, 0xe0, 0x1f, 0x80,
    0x7e, 0x1, 0xf8, 0x7, 0xe0, 0x1f, 0x80, 0x7f,
    0x3, 0xbc, 0xe, 0xf8, 0x73, 0xbf, 0x8e, 0x7c,
    0x0,

    /* U+0063 "c" */
    0x7, 0xe0, 0x3f, 0xe0, 0xf0, 0xe3, 0x80, 0xe7,
    0x1, 0xdc, 0x0, 0x38, 0x0, 0x70, 0x0, 0xe0,
    0x1, 0xc0, 0x3, 0x80, 0x7, 0x0, 0x77, 0x1,
    0xce, 0x3, 0x8f, 0xe, 0xf, 0xf8, 0x7, 0xc0,

    /* U+0064 "d" */
    0x0, 0xe, 0x0, 0x1c, 0x0, 0x38, 0x0, 0x70,
    0x0, 0xe0, 0x1, 0xc1, 0xf3, 0x8f, 0xff, 0x38,
    0x7e, 0xe0, 0x3d, 0xc0, 0x7f, 0x0, 0x7e, 0x0,
    0xfc, 0x1, 0xf8, 0x3, 0xf0, 0x7, 0xe0, 0xf,
    0xc0, 0x1d, 0xc0, 0x7b, 0x80, 0xf3, 0xc7, 0xe3,
    0xfd, 0xc1, 0xf3, 0x80,

    /* U+0065 "e" */
    0x7, 0xc0, 0x3f, 0xe0, 0xf0, 0xe3, 0x80, 0xe7,
    0x0, 0xdc, 0x1, 0xf8, 0x3, 0xff, 0xff, 0xff,
    0xff, 0xc0, 0x3, 0x80, 0x7, 0x0, 0x47, 0x0,
    0xee, 0x3, 0x8f, 0xf, 0xf, 0xfc, 0x7, 0xe0,

    /* U+0066 "f" */
    0xf, 0xc7, 0xf3, 0xc0, 0xe0, 0x38, 0xe, 0xf,
    0xfb, 0xfe, 0x38, 0xe, 0x3, 0x80, 0xe0, 0x38,
    0xe, 0x3, 0x80, 0xe0, 0x38, 0xe, 0x3, 0x80,
    0xe0, 0x38, 0xe, 0x3, 0x80,

    /* U+0067 "g" */
    0xf, 0xce, 0x3f, 0xdc, 0xf1, 0xfb, 0x80, 0xf7,
    0x1, 0xfc, 0x1, 0xf8, 0x3, 0xf0, 0x7, 0xe0,
    0xf, 0xc0, 0x1f, 0x80, 0x3f, 0x0, 0x77, 0x1,
    0xee, 0x3, 0xcf, 0x1f, 0x8f, 0xff, 0x7, 0xce,
    0x0, 0x1d, 0x80, 0x3b, 0x80, 0xe7, 0x83, 0xc7,
    0xff, 0x3, 0xf8, 0x0,

    /* U+0068 "h" */
    0xe0, 0x3, 0x80, 0xe, 0x0, 0x38, 0x0, 0xe0,
    0x3, 0x80, 0xe, 0x7e, 0x3f, 0xfe, 0xf8, 0x7b,
    0xc0, 0xfe, 0x1, 0xf8, 0x7, 0xe0, 0x1f, 0x80,
    0x7e, 0x1, 0xf8, 0x7, 0xe0, 0x1f, 0x80, 0x7e,
    0x1, 0xf8, 0x7, 0xe0, 0x1f, 0x80, 0x7e, 0x1,
    0xc0,

    /* U+0069 "i" */
    0xff, 0x80, 0x3f, 0xff, 0xff, 0xff, 0xff, 0xff,
    0xf8,

    /* U+006A "j" */
    0xe, 0x1c, 0x38, 0x0, 0x0, 0x3, 0x87, 0xe,
    0x1c, 0x38, 0x70, 0xe1, 0xc3, 0x87, 0xe, 0x1c,
    0x38, 0x70, 0xe1, 0xc3, 0x87, 0xe, 0x1c, 0x7b,
    0xef, 0x80,

    /* U+006B "k" */
    0xe0, 0x3, 0x80, 0xe, 0x0, 0x38, 0x0, 0xe0,
    0x3, 0x80, 0xe, 0x7, 0xb8, 0x3c, 0xe1, 0xe3,
    0x8f, 0xe, 0x78, 0x3b, 0xc0, 0xfe, 0x3, 0xfc,
    0xf, 0xf0, 0x3c, 0xe0, 0xe3, 0xc3, 0x87, 0xe,
    0xe, 0x38, 0x3c, 0xe0, 0x73, 0x80, 0xee, 0x3,
    0xc0,

    /* U+006C "l" */
    0xff, 0xff, 0xff, 0xff, 0xff, 0xff, 0xff, 0xff,
    0xf8,

    /* U+006D "m" */
    0xe7, 0xc1, 0xf1, 0xff, 0xef, 0xfb, 0xe1, 0xf8,
    0x77, 0x81, 0xe0, 0x7e, 0x3, 0x80, 0xfc, 0x7,
    0x1, 0xf8, 0xe, 0x3, 0xf0, 0x1c, 0x7, 0xe0,
    0x38, 0xf, 0xc0, 0x70, 0x1f, 0x80, 0xe0, 0x3f,
    0x1, 0xc0, 0x7e, 0x3, 0x80, 0xfc, 0x7, 0x1,
    0xf8, 0xe, 0x3, 0xf0, 0x1c, 0x7, 0xe0, 0x38,
    0xe,

    /* U+006E "n" */
    0xe7, 0xe3, 0xbf, 0xcf, 0x87, 0xbc, 0xf, 0xe0,
    0x1f, 0x80, 0x7e, 0x1, 0xf8, 0x7, 0xe0, 0x1f,
    0x80, 0x7e, 0x1, 0xf8, 0x7, 0xe0, 0x1f, 0x80,
    0x7e, 0x1, 0xf8, 0x7, 0xe0, 0x1c,

    /* U+006F "o" */
    0x7, 0xe0, 0x1f, 0xf8, 0x3c, 0x3c, 0x78, 0x1e,
    0x70, 0xe, 0xe0, 0x7, 0xe0, 0x7, 0xe0, 0x7,
    0xe0, 0x7, 0xe0, 0x7, 0xe0, 0x7, 0xe0, 0x7,
    0x70, 0xe, 0x78, 0x1e, 0x3c, 0x3c, 0x1f, 0xf8,
    0x7, 0xe0,

    /* U+0070 "p" */
    0xe7, 0xc3, 0xff, 0x8f, 0x87, 0x3c, 0xe, 0xf0,
    0x3b, 0x80, 0x7e, 0x1, 0xf8, 0x7, 0xe0, 0x1f,
    0x80, 0x7e, 0x1, 0xf8, 0x7, 0xe0, 0x3b, 0xc0,
    0xef, 0x87, 0x3f, 0xf8, 0xe7, 0xc3, 0x80, 0xe,
    0x0, 0x38, 0x0, 0xe0, 0x3, 0x80, 0xe, 0x0,
    0x0,

    /* U+0071 "q" */
    0xf, 0x9c, 0x7f, 0x73, 0x87, 0xdc, 0xf, 0x70,
    0x3f, 0x80, 0x7e, 0x1, 0xf8, 0x7, 0xe0, 0x1f,
    0x80, 0x7e, 0x1, 0xf8, 0x7, 0x70, 0x1d, 0xc0,
    0xf3, 0x87, 0xc7, 0xff, 0xf, 0x9c, 0x0, 0x70,
    0x1, 0xc0, 0x7, 0x0, 0x1c, 0x0, 0x70, 0x1,
    0xc0,

    /* U+0072 "r" */
    0xe7, 0x77, 0xff, 0xff, 0xf, 0x7, 0x3, 0x81,
    0xc0, 0xe0, 0x70, 0x38, 0x1c, 0xe, 0x7, 0x3,
    0x81, 0xc0, 0xe0, 0x0,

    /* U+0073 "s" */
    0x1f, 0x83, 0xff, 0x1c, 0x3d, 0xc0, 0xee, 0x3,
    0x78, 0x3, 0xf0, 0xf, 0xf8, 0x3f, 0xf0, 0x3f,
    0xc0, 0x1e, 0x40, 0x7e, 0x3, 0xf0, 0x1f, 0xc1,
    0xcf, 0xfc, 0x1f, 0xc0,

    /* U+0074 "t" */
    0x8, 0x18, 0x38, 0x38, 0x38, 0x38, 0xff, 0xff,
    0x38, 0x38, 0x38, 0x38, 0x38, 0x38, 0x38, 0x38,
    0x38, 0x38, 0x38, 0x38, 0x38, 0x1f, 0xf,

    /* U+0075 "u" */
    0xe0, 0x1f, 0x80, 0x7e, 0x1, 0xf8, 0x7, 0xe0,
    0x1f, 0x80, 0x7e, 0x1, 0xf8, 0x7, 0xe0, 0x1f,
    0x80, 0x7e, 0x1, 0xf8, 0x7, 0xe0, 0x3f, 0xc0,
    0xf7, 0x87, 0xcf, 0xf7, 0x1f, 0x9c,

    /* U+0076 "v" */
    0x70, 0x6, 0x70, 0xe, 0x70, 0xe, 0x38, 0x1c,
    0x38, 0x1c, 0x38, 0x1c, 0x1c, 0x38, 0x1c, 0x38,
    0xc, 0x30, 0xe, 0x70, 0xe, 0x70, 0x6, 0x60,
    0x7, 0xe0, 0x7, 0xe0, 0x3, 0xc0, 0x3, 0xc0,
    0x1, 0xc0,

    /* U+0077 "w" */
    0xe0, 0x38, 0xe, 0xc0, 0x70, 0x19, 0xc0, 0xf0,
    0x73, 0x83, 0xe0, 0xe7, 0x6, 0xc1, 0xc7, 0xd,
    0x83, 0xe, 0x3b, 0x8e, 0x1c, 0x77, 0x1c, 0x18,
    0xc6, 0x30, 0x39, 0x8c, 0xe0, 0x77, 0x1d, 0xc0,
    0x6e, 0x3b, 0x0, 0xd8, 0x36, 0x1, 0xf0, 0x7c,
    0x3, 0xe0, 0xf8, 0x3, 0xc1, 0xe0, 0x7, 0x1,
    0xc0,

    /* U+0078 "x" */
    0x78, 0xe, 0x38, 0x1c, 0x3c, 0x3c, 0x1c, 0x38,
    0xe, 0x70, 0xf, 0xe0, 0x7, 0xe0, 0x3, 0xc0,
    0x3, 0xc0, 0x7, 0xe0, 0x7, 0xe0, 0xe, 0x70,
    0x1e, 0x78, 0x1c, 0x38, 0x38, 0x1c, 0x78, 0x1e,
    0x70, 0xe,

    /* U+0079 "y" */
    0xe0, 0xf, 0xc0, 0x3b, 0x80, 0x73, 0x80, 0xc7,
    0x3, 0x86, 0x7, 0xe, 0xc, 0x1c, 0x38, 0x1c,
    0x70, 0x39, 0xc0, 0x73, 0x80, 0x76, 0x0, 0xec,
    0x0, 0xf8, 0x1, 0xe0, 0x3, 0xc0, 0x3, 0x0,
    0x6, 0x0, 0x1c, 0x0, 0x30, 0x0, 0xe0, 0xf,
    0x80, 0x1e, 0x0, 0x0,

    /* U+007A "z" */
    0xff, 0xfd, 0xff, 0xf8, 0x0, 0xe0, 0x3, 0xc0,
    0xf, 0x0, 0x1c, 0x0, 0x70, 0x1, 0xc0, 0x7,
    0x80, 0x1e, 0x0, 0x38, 0x0, 0xe0, 0x3, 0x80,
    0xf, 0x0, 0x3c, 0x0, 0x7f, 0xff, 0xff, 0xfe,

    /* U+4E2D "中" */
    0x0, 0x38, 0x0, 0x0, 0x70, 0x0, 0x0, 0xe0,
    0x0, 0x1, 0xc0, 0x0, 0x3, 0x80, 0x0, 0x7,
    0x0, 0x3f, 0xff, 0xff, 0xff, 0xff, 0xff, 0xe0,
    0x38, 0xf, 0xc0, 0x70, 0x1f, 0x80, 0xe0, 0x3f,
    0x1, 0xc0, 0x7e, 0x3, 0x80, 0xfc, 0x7, 0x1,
    0xf8, 0xe, 0x3, 0xff, 0xff, 0xff, 0xff, 0xff,
    0xff, 0xc0, 0x70, 0x1f, 0x80, 0xe0, 0x3f, 0x1,
    0xc0, 0x70, 0x3, 0x80, 0x0, 0x7, 0x0, 0x0,
    0xe, 0x0, 0x0, 0x1c, 0x0, 0x0, 0x38, 0x0,
    0x0, 0x70, 0x0, 0x0, 0xe0, 0x0, 0x1, 0xc0,
    0x0,

    /* U+4E3B "主" */
    0x0, 0x60, 0x0, 0x0, 0x1f, 0x0, 0x0, 0x0,
    0xf0, 0x0, 0x0, 0xf, 0x0, 0x0, 0x0, 0xe0,
    0x0, 0x0, 0xe, 0x0, 0x0, 0x0, 0x0, 0x3,
    0xff, 0xff, 0xfe, 0x7f, 0xff, 0xff, 0xc0, 0x1,
    0xc0, 0x0, 0x0, 0x38, 0x0, 0x0, 0x7, 0x0,
    0x0, 0x0, 0xe0, 0x0, 0x0, 0x1c, 0x0, 0x0,
    0x3, 0x80, 0x0, 0x0, 0x70, 0x0, 0x1f, 0xff,
    0xff, 0x3, 0xff, 0xff, 0xe0, 0x0, 0x38, 0x0,
    0x0, 0x7, 0x0, 0x0, 0x0, 0xe0, 0x0, 0x0,
    0x1c, 0x0, 0x0, 0x3, 0x80, 0x0, 0x0, 0x70,
    0x0, 0x0, 0xe, 0x0, 0x1f, 0xff, 0xff, 0xff,
    0xff, 0xff, 0xff, 0x80,

    /* U+4EA7 "产" */
    0x0, 0x4, 0x0, 0x0, 0x0, 0xe0, 0x0, 0x0,
    0x7, 0x0, 0x0, 0x0, 0x38, 0x0, 0x0, 0x1,
    0x80, 0x3, 0xff, 0xff, 0xff, 0x3f, 0xff, 0xff,
    0xf0, 0x4, 0x0, 0x0, 0x0, 0xe0, 0x1c, 0x0,
    0x7, 0x1, 0x80, 0x0, 0x38, 0x38, 0x0, 0x1,
    0x87, 0x0, 0x7, 0xff, 0xff, 0xf0, 0x7f, 0xff,
    0xff, 0x6, 0x0, 0x0, 0x0, 0x60, 0x0, 0x0,
    0x6, 0x0, 0x0, 0x0, 0x60, 0x0, 0x0, 0x6,
    0x0, 0x0, 0x0, 0x60, 0x0, 0x0, 0x6, 0x0,
    0x0, 0x0, 0xe0, 0x0, 0x0, 0xe, 0x0, 0x0,
    0x0, 0xe0, 0x0, 0x0, 0x1c, 0x0, 0x0, 0x3,
    0xc0, 0x0, 0x0, 0x78, 0x0, 0x0, 0x7, 0x0,
    0x0, 0x0, 0x20, 0x0, 0x0, 0x0,

    /* U+4EEA "仪" */
    0x0, 0x0, 0x0, 0x0, 0x1, 0x81, 0x0, 0x0,
    0xe, 0x1c, 0x0, 0x0, 0x38, 0x38, 0x0, 0x0,
    0xc8, 0x70, 0x80, 0x3, 0x61, 0xc3, 0x0, 0x1d,
    0xc3, 0x8c, 0x0, 0x67, 0xe, 0x30, 0x3, 0x8c,
    0x1, 0xc0, 0xc, 0x30, 0x7, 0x0, 0x70, 0xe0,
    0x18, 0x3, 0xc1, 0x80, 0xe0, 0xf, 0x6, 0x3,
    0x80, 0x7c, 0x1c, 0xc, 0x3, 0xb0, 0x30, 0x70,
    0x3c, 0xc0, 0xc1, 0xc0, 0x63, 0x3, 0x86, 0x0,
    0xc, 0x7, 0x38, 0x0, 0x30, 0x1d, 0xc0, 0x0,
    0xc0, 0x3f, 0x0, 0x3, 0x0, 0x78, 0x0, 0xc,
    0x1, 0xe0, 0x0, 0x30, 0xf, 0xc0, 0x0, 0xc0,
    0x7b, 0x80, 0x3, 0x7, 0x87, 0x80, 0xc, 0x3c,
    0xf, 0x0, 0x33, 0xe0, 0x1f, 0x0, 0xde, 0x0,
    0x1e, 0x3, 0x20, 0x0, 0x18,

    /* U+4EF6 "件" */
    0x1, 0x80, 0x30, 0x0, 0x1c, 0x1, 0x80, 0x0,
    0xe1, 0xc, 0x0, 0x6, 0x1c, 0x60, 0x0, 0x30,
    0xe3, 0x0, 0x3, 0x86, 0x18, 0x0, 0x18, 0x3f,
    0xff, 0x81, 0xc3, 0xff, 0xfc, 0xe, 0x18, 0x30,
    0x0, 0x71, 0xc1, 0x80, 0x7, 0x8c, 0xc, 0x0,
    0x7c, 0xe0, 0x60, 0x3, 0xee, 0x3, 0x0, 0x3b,
    0x10, 0x18, 0x3, 0x98, 0x0, 0xc0, 0xc, 0xcf,
    0xff, 0xff, 0x6, 0x7f, 0xff, 0xf8, 0x30, 0x1,
    0x80, 0x1, 0x80, 0xc, 0x0, 0xc, 0x0, 0x60,
    0x0, 0x60, 0x3, 0x0, 0x3, 0x0, 0x18, 0x0,
    0x18, 0x0, 0xc0, 0x0, 0xc0, 0x6, 0x0, 0x6,
    0x0, 0x30, 0x0, 0x30, 0x1, 0x80, 0x1, 0x80,
    0xc, 0x0, 0xc, 0x0, 0x60, 0x0,

    /* U+4F4E "低" */
    0x1, 0x80, 0x0, 0x60, 0x7, 0x0, 0x7, 0xc0,
    0x18, 0x1, 0xfe, 0x0, 0xe1, 0xff, 0xc0, 0x3,
    0x1f, 0xf8, 0x0, 0x1c, 0x78, 0x60, 0x0, 0x71,
    0x81, 0x80, 0x3, 0x86, 0x6, 0x0, 0xe, 0x18,
    0x18, 0x0, 0x78, 0x60, 0x60, 0x1, 0xe1, 0xff,
    0xff, 0xf, 0x87, 0xff, 0xfc, 0x7e, 0x18, 0x18,
    0x3, 0xd8, 0x60, 0x60, 0x6, 0x61, 0x81, 0xc0,
    0x1, 0x86, 0x7, 0x0, 0x6, 0x18, 0xc, 0x0,
    0x18, 0x60, 0x30, 0x0, 0x61, 0x80, 0xc0, 0x1,
    0x86, 0x3, 0x80, 0x6, 0x18, 0xe, 0x0, 0x18,
    0x6f, 0x98, 0x40, 0x63, 0xfe, 0x71, 0xc1, 0x9f,
    0xe1, 0xc7, 0x6, 0x78, 0x3, 0x18, 0x18, 0x0,
    0xe, 0x60, 0x63, 0xff, 0x1f, 0x81, 0x8f, 0xfc,
    0x3e, 0x6, 0x0, 0x0, 0x70,

    /* U+4F53 "体" */
    0x1, 0x0, 0x60, 0x0, 0xc, 0x3, 0x0, 0x0,
    0x60, 0x18, 0x0, 0x7, 0x0, 0xc0, 0x0, 0x30,
    0x6, 0x0, 0x1, 0x80, 0x30, 0x0, 0x1f, 0xff,
    0xff, 0xc0, 0xdf, 0xff, 0xfe, 0xe, 0x3, 0xfc,
    0x0, 0x70, 0x1f, 0xe0, 0x7, 0x81, 0xdb, 0x0,
    0x3c, 0xe, 0xdc, 0x3, 0xe0, 0x76, 0xe0, 0x3f,
    0x7, 0x33, 0x3, 0xd8, 0x39, 0x9c, 0xc, 0xc3,
    0x8c, 0x70, 0x6, 0x1c, 0x63, 0x80, 0x31, 0xc3,
    0xe, 0x1, 0x9c, 0x18, 0x38, 0xd, 0xc0, 0xc1,
    0xe0, 0x7d, 0xff, 0xf7, 0x83, 0x4f, 0xff, 0x88,
    0x18, 0x1, 0x80, 0x0, 0xc0, 0xc, 0x0, 0x6,
    0x0, 0x60, 0x0, 0x30, 0x3, 0x0, 0x1, 0x80,
    0x18, 0x0, 0xc, 0x0, 0xc0, 0x0,

    /* U+4FE1 "信" */
    0x1, 0x9f, 0xff, 0xe0, 0x1c, 0xff, 0xff, 0x0,
    0xe0, 0x0, 0x0, 0x6, 0x0, 0x0, 0x0, 0x77,
    0xff, 0xff, 0x83, 0x3f, 0xff, 0xfc, 0x18, 0x0,
    0x0, 0x1, 0xc0, 0x0, 0x0, 0xe, 0x0, 0x0,
    0x0, 0xf0, 0xff, 0xff, 0xf, 0x87, 0xff, 0xf8,
    0x7c, 0x0, 0x0, 0x7, 0x60, 0x0, 0x0, 0x33,
    0x0, 0x0, 0x1, 0x98, 0x7f, 0xff, 0x80, 0xc3,
    0xff, 0xfc, 0x6, 0x0, 0x0, 0x0, 0x30, 0x0,
    0x0, 0x1, 0x87, 0xff, 0xf0, 0xc, 0x3f, 0xff,
    0x80, 0x61, 0x80, 0xc, 0x3, 0xc, 0x0, 0x60,
    0x18, 0x60, 0x3, 0x0, 0xc3, 0x0, 0x18, 0x6,
    0x1f, 0xff, 0xc0, 0x30, 0xff, 0xfe, 0x1, 0x86,
    0x0, 0x30, 0xc, 0x30, 0x1, 0x80,

    /* U+505C "停" */
    0x1, 0x0, 0x30, 0x0, 0xe, 0x1, 0x80, 0x0,
    0x70, 0xc, 0x0, 0x7, 0xff, 0xff, 0xf0, 0x3f,
    0xff, 0xff, 0x81, 0xc0, 0x0, 0x0, 0x1c, 0x0,
    0x0, 0x0, 0xc1, 0xff, 0xf0, 0xe, 0xf, 0xff,
    0x80, 0x70, 0x60, 0xc, 0x7, 0x83, 0x0, 0x60,
    0x3c, 0x1f, 0xff, 0x3, 0xe0, 0xff, 0xf8, 0x1b,
    0x0, 0x0, 0x1, 0xd8, 0x0, 0x0, 0xc, 0xcf,
    0xff, 0xff, 0x6, 0x7f, 0xff, 0xf8, 0x33, 0x0,
    0x0, 0xc1, 0x98, 0x0, 0x6, 0xc, 0xdf, 0xff,
    0xb0, 0x60, 0xff, 0xfc, 0x3, 0x0, 0x18, 0x0,
    0x18, 0x0, 0xc0, 0x0, 0xc0, 0x6, 0x0, 0x6,
    0x0, 0x30, 0x0, 0x30, 0x1, 0x80, 0x1, 0x80,
    0xc, 0x0, 0xc, 0xf, 0xe0, 0x0, 0x60, 0x3e,
    0x0, 0x0,

    /* U+50A8 "储" */
    0x3, 0x0, 0x70, 0x0, 0x30, 0x7, 0x0, 0x3,
    0x0, 0x70, 0x0, 0x70, 0x7, 0x4, 0x6, 0xc0,
    0x70, 0x60, 0x6e, 0x7f, 0xce, 0xe, 0x77, 0xfd,
    0xc0, 0xc3, 0x7, 0x38, 0x1c, 0x20, 0x73, 0x1,
    0xc0, 0x7, 0x70, 0x3c, 0xf, 0xff, 0xf3, 0xfe,
    0xff, 0xff, 0x7f, 0xe0, 0x38, 0xf, 0xc6, 0x7,
    0x0, 0x6c, 0x61, 0xff, 0xc0, 0xc6, 0x3f, 0xfc,
    0xc, 0x6f, 0x81, 0xc0, 0xc7, 0xf8, 0x1c, 0xc,
    0x7d, 0x81, 0xc0, 0xc6, 0x1f, 0xfc, 0xc, 0x65,
    0xff, 0xc0, 0xc7, 0xd8, 0x1c, 0xc, 0x7d, 0x81,
    0xc0, 0xcf, 0x98, 0x1c, 0xc, 0x61, 0xff, 0xc0,
    0xc0, 0x1f, 0xfc, 0xc, 0x1, 0x81, 0xc0, 0xc0,
    0x18, 0x1c,

    /* U+50CF "像" */
    0x1, 0x6, 0x0, 0x0, 0x1c, 0x30, 0x0, 0x0,
    0xe3, 0xff, 0xc0, 0x6, 0x3f, 0xfe, 0x0, 0x71,
    0xc0, 0xe0, 0x3, 0x9c, 0x7, 0x0, 0x39, 0xe0,
    0x38, 0x1, 0xdf, 0xff, 0xf8, 0x1d, 0xff, 0xff,
    0xc0, 0xe7, 0x83, 0x6, 0xf, 0xc, 0x18, 0x30,
    0xf8, 0x7f, 0xff, 0x8f, 0xc3, 0xff, 0xfc, 0x76,
    0x0, 0xe7, 0x1, 0x30, 0x1f, 0xb9, 0x81, 0x8f,
    0xec, 0xdc, 0xc, 0xfc, 0x77, 0xc0, 0x63, 0x8f,
    0xbc, 0x3, 0x1, 0xfd, 0xc0, 0x18, 0x3e, 0x76,
    0x0, 0xdf, 0xe7, 0xb8, 0x6, 0x78, 0x7d, 0xc0,
    0x30, 0xf, 0xe7, 0x1, 0x81, 0xf3, 0x3c, 0xc,
    0xfe, 0x18, 0xf0, 0x6f, 0xc1, 0xc3, 0x83, 0x30,
    0x8c, 0x8, 0x18, 0x7, 0xe0, 0x0, 0xc0, 0x1e,
    0x0, 0x0,

    /* U+5145 "充" */
    0x0, 0xe, 0x0, 0x0, 0x0, 0xe0, 0x0, 0x0,
    0xe, 0x0, 0x0, 0x0, 0xe0, 0x0, 0x7f, 0xff,
    0xff, 0xc7, 0xff, 0xff, 0xfc, 0x0, 0x38, 0x0,
    0x0, 0x7, 0x0, 0x0, 0x0, 0x70, 0x60, 0x0,
    0xe, 0xf, 0x80, 0x0, 0xc0, 0x7c, 0x0, 0x1c,
    0x1, 0xe0, 0x3, 0x80, 0xf, 0x3, 0xff, 0xff,
    0xf0, 0x1f, 0xff, 0xc3, 0x80, 0x7, 0x1c, 0x18,
    0x0, 0x71, 0xc1, 0x0, 0x7, 0x1c, 0x0, 0x0,
    0x71, 0xc0, 0x0, 0x6, 0x1c, 0x0, 0x0, 0xe1,
    0xc0, 0x0, 0xc, 0x1c, 0x6, 0x1, 0xc1, 0xc0,
    0x70, 0x38, 0x1c, 0x7, 0xf, 0x1, 0xc0, 0x63,
    0xe0, 0x1c, 0xe, 0xf8, 0x1, 0xff, 0xc7, 0x0,
    0xf, 0xf8,

    /* U+5149 "光" */
    0x0, 0x7, 0x0, 0x0, 0x0, 0x70, 0x0, 0x0,
    0x7, 0x0, 0x1, 0x80, 0x70, 0x1c, 0x3c, 0x7,
    0x3, 0x80, 0xe0, 0x70, 0x38, 0x7, 0x7, 0x7,
    0x0, 0x38, 0x70, 0xe0, 0x1, 0xc7, 0x1c, 0x0,
    0x1c, 0x71, 0xc0, 0x0, 0x7, 0x8, 0x0, 0x0,
    0x70, 0x0, 0x3f, 0xff, 0xff, 0xe3, 0xff, 0xff,
    0xfe, 0x0, 0x38, 0xe0, 0x0, 0x3, 0x8e, 0x0,
    0x0, 0x38, 0xe0, 0x0, 0x3, 0xe, 0x0, 0x0,
    0x30, 0xe0, 0x0, 0x7, 0xe, 0x0, 0x0, 0xe0,
    0xe0, 0x30, 0xe, 0xe, 0x7, 0x3, 0xc0, 0xe0,
    0x70, 0x78, 0xe, 0x6, 0x3f, 0x0, 0xff, 0xef,
    0xc0, 0x7, 0xfc, 0x70, 0x0, 0x0, 0x0,

    /* U+5168 "全" */
    0x0, 0x3, 0x0, 0x0, 0x0, 0x38, 0x0, 0x0,
    0x3, 0xc0, 0x0, 0x0, 0x3f, 0x0, 0x0, 0x3,
    0xdc, 0x0, 0x0, 0x3c, 0x70, 0x0, 0x3, 0xc1,
    0xe0, 0x0, 0x3c, 0x7, 0x80, 0x7, 0xc0, 0x1f,
    0x0, 0xf8, 0x0, 0x3e, 0x1f, 0xff, 0xff, 0xfc,
    0xf7, 0xff, 0xfd, 0xe0, 0x0, 0x70, 0x0, 0x0,
    0x3, 0x80, 0x0, 0x0, 0x1c, 0x0, 0x0, 0x0,
    0xe0, 0x0, 0x0, 0x7, 0x0, 0x0, 0xf, 0xff,
    0xe0, 0x0, 0x7f, 0xff, 0x0, 0x0, 0xe, 0x0,
    0x0, 0x0, 0x70, 0x0, 0x0, 0x3, 0x80, 0x0,
    0x0, 0x1c, 0x0, 0x0, 0x0, 0xe0, 0x0, 0x3f,
    0xff, 0xff, 0xe1, 0xff, 0xff, 0xff, 0x0,

    /* U+5173 "关" */
    0x0, 0x0, 0x10, 0x0, 0x38, 0x1, 0x80, 0x1,
    0xc0, 0x38, 0x0, 0xe, 0x3, 0x80, 0x0, 0x60,
    0x70, 0x0, 0x7, 0x6, 0x0, 0x0, 0x38, 0xe0,
    0x1, 0xff, 0xff, 0xfc, 0x1f, 0xff, 0xff, 0xc0,
    0x0, 0x60, 0x0, 0x0, 0x6, 0x0, 0x0, 0x0,
    0x60, 0x0, 0x0, 0x6, 0x0, 0x0, 0x0, 0x60,
    0x0, 0x0, 0x6, 0x0, 0x7, 0xff, 0xff, 0xff,
    0x7f, 0xff, 0xff, 0xf0, 0x0, 0xfc, 0x0, 0x0,
    0xc, 0xe0, 0x0, 0x1, 0xce, 0x0, 0x0, 0x38,
    0x70, 0x0, 0x7, 0x7, 0x80, 0x0, 0xf0, 0x3c,
    0x0, 0x1e, 0x1, 0xe0, 0x7, 0xc0, 0xf, 0x0,
    0xf0, 0x0, 0x7c, 0x7e, 0x0, 0x3, 0xf7, 0x80,
    0x0, 0xf, 0x20, 0x0, 0x0, 0x20,

    /* U+5185 "内" */
    0x0, 0x18, 0x0, 0x0, 0x30, 0x0, 0x0, 0x60,
    0x0, 0x0, 0xc0, 0x0, 0x1, 0x80, 0x1f, 0xff,
    0xff, 0xff, 0xff, 0xff, 0xe0, 0xc, 0x3, 0xc0,
    0x18, 0x7, 0x80, 0x30, 0xf, 0x0, 0x60, 0x1e,
    0x0, 0xc0, 0x3c, 0x3, 0xc0, 0x78, 0x7, 0xc0,
    0xf0, 0x1d, 0xc1, 0xe0, 0x31, 0xc3, 0xc0, 0xe1,
    0xc7, 0x87, 0x83, 0x8f, 0x1e, 0x3, 0x9e, 0xf8,
    0x3, 0xbd, 0xe0, 0x6, 0x79, 0x0, 0x0, 0xf0,
    0x0, 0x1, 0xe0, 0x0, 0x3, 0xc0, 0x0, 0x7,
    0x80, 0x0, 0xf, 0x0, 0x1, 0xfe, 0x0, 0x1,
    0xe0,

    /* U+51C6 "准" */
    0x0, 0x0, 0x0, 0x0, 0x1, 0xc1, 0xc0, 0x20,
    0x1c, 0x1c, 0x7, 0x1, 0x81, 0x80, 0x38, 0x38,
    0x18, 0x1, 0xc3, 0x83, 0x80, 0xe, 0x3f, 0xff,
    0xe0, 0xe7, 0xff, 0xfe, 0x4, 0x70, 0x30, 0x0,
    0xf, 0x3, 0x0, 0x1, 0xf0, 0x30, 0x0, 0x3f,
    0x3, 0x0, 0x3, 0xbf, 0xff, 0xc0, 0x13, 0xff,
    0xfc, 0xc, 0x30, 0x30, 0x0, 0xe3, 0x3, 0x0,
    0xe, 0x30, 0x30, 0x0, 0xc3, 0x3, 0x0, 0xc,
    0x3f, 0xff, 0xc1, 0xc3, 0xff, 0xfc, 0x1c, 0x30,
    0x30, 0x1, 0x83, 0x3, 0x0, 0x38, 0x30, 0x30,
    0x7, 0x3, 0x3, 0x0, 0x70, 0x30, 0x30, 0xe,
    0x3, 0xff, 0xff, 0xe0, 0x3f, 0xff, 0xf0, 0x3,
    0x0, 0x0, 0x0, 0x30, 0x0, 0x0,

    /* U+51FA "出" */
    0x0, 0x38, 0x0, 0x0, 0x38, 0x0, 0x0, 0x38,
    0x0, 0x0, 0x38, 0x0, 0x70, 0x38, 0xe, 0x70,
    0x38, 0xe, 0x70, 0x38, 0xe, 0x70, 0x38, 0xe,
    0x70, 0x38, 0xe, 0x70, 0x38, 0xe, 0x70, 0x38,
    0xe, 0x70, 0x38, 0xe, 0x7f, 0xff, 0xfe, 0x7f,
    0xff, 0xfe, 0x0, 0x38, 0x0, 0x0, 0x38, 0x0,
    0x0, 0x38, 0x0, 0xe0, 0x38, 0x7, 0xe0, 0x38,
    0x7, 0xe0, 0x38, 0x7, 0xe0, 0x38, 0x7, 0xe0,
    0x38, 0x7, 0xe0, 0x38, 0x7, 0xe0, 0x38, 0x7,
    0xff, 0xff, 0xff, 0xff, 0xff, 0xff, 0xe0, 0x0,
    0x7, 0xe0, 0x0, 0x7, 0xe0, 0x0, 0x7,

    /* U+5206 "分" */
    0x0, 0x80, 0xe0, 0x0, 0xc, 0x7, 0x0, 0x1,
    0xc0, 0x70, 0x0, 0x18, 0x3, 0x0, 0x3, 0x80,
    0x38, 0x0, 0x70, 0x1, 0xc0, 0xe, 0x0, 0xe,
    0x1, 0xe0, 0x0, 0xf0, 0x3c, 0x0, 0x3, 0xcf,
    0x0, 0x0, 0x1f, 0xe7, 0xff, 0xfc, 0xe4, 0x7f,
    0xff, 0xc0, 0x0, 0x18, 0x1c, 0x0, 0x3, 0x81,
    0xc0, 0x0, 0x38, 0x1c, 0x0, 0x3, 0x1, 0xc0,
    0x0, 0x70, 0x1c, 0x0, 0x7, 0x1, 0xc0, 0x0,
    0xe0, 0x18, 0x0, 0xe, 0x1, 0x80, 0x1, 0xc0,
    0x18, 0x0, 0x38, 0x3, 0x80, 0xf, 0x1c, 0x38,
    0x3, 0xe0, 0xff, 0x0, 0xf8, 0x7, 0xe0, 0x6,
    0x0, 0x0, 0x0,

    /* U+5220 "删" */
    0x0, 0x0, 0x0, 0x67, 0xf3, 0xfc, 0xc, 0xfe,
    0x7f, 0x81, 0x9c, 0xce, 0x70, 0x33, 0x99, 0xce,
    0x66, 0x73, 0x39, 0xcc, 0xce, 0x67, 0x39, 0x99,
    0xcc, 0xe7, 0x33, 0x39, 0x9c, 0xe6, 0x67, 0x33,
    0x9c, 0xcc, 0xe6, 0x73, 0x99, 0xbf, 0xff, 0xfb,
    0x37, 0xff, 0xff, 0x66, 0x73, 0x39, 0xcc, 0xce,
    0x67, 0x39, 0x99, 0xcc, 0xe7, 0x33, 0x39, 0x9c,
    0xe6, 0x67, 0x33, 0x9c, 0xcc, 0xe6, 0x73, 0x99,
    0x9c, 0xce, 0x73, 0x33, 0x99, 0xce, 0x66, 0x63,
    0x39, 0xc0, 0xcc, 0x66, 0x38, 0x1b, 0x8c, 0xc7,
    0x3, 0x71, 0xb8, 0xe0, 0x6c, 0xf6, 0x1c, 0xf,
    0x9f, 0xcf, 0xf, 0xa0, 0x11, 0xc1, 0xe0,

    /* U+5236 "制" */
    0x0, 0xc0, 0x0, 0xc0, 0x30, 0x0, 0x30, 0xcc,
    0x0, 0xc, 0x73, 0x0, 0x3, 0x1c, 0xc0, 0x18,
    0xc7, 0xff, 0xc6, 0x33, 0xff, 0xf1, 0x8c, 0xc3,
    0x0, 0x63, 0x70, 0xc0, 0x18, 0xd8, 0x30, 0x6,
    0x30, 0xc, 0x1, 0x8f, 0xff, 0xff, 0x63, 0xff,
    0xff, 0xd8, 0xc0, 0x30, 0x6, 0x30, 0xc, 0x1,
    0x8c, 0x3, 0x0, 0x63, 0x3f, 0xff, 0x98, 0xcf,
    0xff, 0xe6, 0x33, 0xc, 0x19, 0x8c, 0xc3, 0x6,
    0x63, 0x30, 0xc1, 0x98, 0xcc, 0x30, 0x66, 0x33,
    0xc, 0x18, 0xc, 0xc3, 0x3e, 0x3, 0x30, 0xcf,
    0x0, 0xc0, 0x30, 0x0, 0x30, 0xc, 0x0, 0xc,
    0x3, 0x0, 0x3f, 0x0, 0xc0, 0xf, 0x80,

    /* U+524D "前" */
    0x2, 0x0, 0x10, 0x0, 0xe0, 0x7, 0x0, 0xe,
    0x0, 0xe0, 0x0, 0xe0, 0x38, 0x0, 0x1e, 0xe,
    0x1, 0xff, 0xff, 0xff, 0xff, 0xff, 0xff, 0xf8,
    0x0, 0x0, 0x0, 0x0, 0x0, 0x0, 0x0, 0x0,
    0x0, 0x60, 0x7f, 0xf0, 0xc, 0xf, 0xfe, 0x71,
    0x81, 0x81, 0xce, 0x30, 0x30, 0x39, 0xc6, 0x6,
    0x7, 0x38, 0xc0, 0xff, 0xe7, 0x18, 0x1f, 0xfc,
    0xe3, 0x3, 0x3, 0x9c, 0x60, 0x60, 0x73, 0x8c,
    0xf, 0xfe, 0x71, 0x81, 0xff, 0xce, 0x30, 0x3f,
    0xf9, 0xc6, 0x6, 0x7, 0x38, 0xc0, 0xc0, 0xe0,
    0x18, 0x18, 0x1c, 0x3, 0x3, 0x3, 0x80, 0x60,
    0x60, 0x70, 0xc, 0xc, 0xfc, 0x1f, 0x80, 0xf,
    0x3, 0xe0,

    /* U+52A8 "动" */
    0x0, 0x0, 0x30, 0x0, 0x0, 0x6, 0x0, 0x0,
    0x0, 0xc0, 0x3f, 0xfc, 0x18, 0x7, 0xff, 0x83,
    0x0, 0x0, 0x0, 0x60, 0x0, 0x0, 0xc, 0x0,
    0x0, 0x1f, 0xff, 0x0, 0x3, 0xff, 0xff, 0xff,
    0x86, 0x1f, 0xff, 0xf0, 0xc3, 0x81, 0x80, 0x18,
    0x70, 0x70, 0x3, 0xe, 0xc, 0x0, 0x61, 0xc1,
    0x80, 0xc, 0x38, 0x70, 0x1, 0x87, 0xc, 0x20,
    0x60, 0xe3, 0x8e, 0xc, 0x3c, 0x60, 0xe1, 0x87,
    0x1c, 0x7e, 0x70, 0xe7, 0x7f, 0xec, 0x1c, 0xff,
    0x9f, 0x83, 0x9f, 0x81, 0xe0, 0x71, 0x80, 0x3c,
    0xe, 0x0, 0xf, 0x3, 0xc0, 0x3, 0xc0, 0x70,
    0x1, 0xf0, 0x7e, 0x0, 0x1c, 0xf, 0x80,

    /* U+5316 "化" */
    0x0, 0xc0, 0x0, 0x0, 0x1c, 0x30, 0x0, 0x1,
    0x83, 0x0, 0x0, 0x18, 0x30, 0x0, 0x3, 0x83,
    0x0, 0x80, 0x30, 0x30, 0x1c, 0x7, 0x3, 0x3,
    0xc0, 0x60, 0x30, 0x78, 0xe, 0x3, 0xf, 0x0,
    0xe0, 0x31, 0xe0, 0x1e, 0x3, 0x3c, 0x3, 0xe0,
    0x37, 0x80, 0x7e, 0x3, 0xf0, 0x7, 0x60, 0x3c,
    0x0, 0xe6, 0x3, 0x80, 0x4, 0x60, 0x30, 0x0,
    0x6, 0x3, 0x0, 0x0, 0x60, 0x30, 0x0, 0x6,
    0x3, 0x0, 0x0, 0x60, 0x30, 0x2, 0x6, 0x3,
    0x0, 0x30, 0x60, 0x30, 0x3, 0x6, 0x3, 0x0,
    0x70, 0x60, 0x30, 0x7, 0x6, 0x3, 0x0, 0x60,
    0x60, 0x3f, 0xfe, 0x6, 0x1, 0xff, 0xc0, 0x60,
    0x0, 0x0,

    /* U+5361 "卡" */
    0x0, 0x18, 0x0, 0x0, 0x3, 0x0, 0x0, 0x0,
    0x60, 0x0, 0x0, 0xc, 0x0, 0x0, 0x1, 0xff,
    0xf0, 0x0, 0x3f, 0xfe, 0x0, 0x6, 0x0, 0x0,
    0x0, 0xc0, 0x0, 0x0, 0x18, 0x0, 0x0, 0x3,
    0x0, 0x0, 0x0, 0x60, 0x0, 0x0, 0xc, 0x0,
    0xf, 0xff, 0xff, 0xff, 0xff, 0xff, 0xff, 0xc0,
    0x6, 0x0, 0x0, 0x0, 0xc8, 0x0, 0x0, 0x19,
    0xc0, 0x0, 0x3, 0x7e, 0x0, 0x0, 0x61, 0xf0,
    0x0, 0xc, 0xf, 0x0, 0x1, 0x80, 0xe0, 0x0,
    0x30, 0x0, 0x0, 0x6, 0x0, 0x0, 0x0, 0xc0,
    0x0, 0x0, 0x18, 0x0, 0x0, 0x3, 0x0, 0x0,
    0x0, 0x60, 0x0, 0x0, 0xc, 0x0, 0x0,

    /* U+5370 "印" */
    0x0, 0x20, 0x0, 0x0, 0xf0, 0x0, 0x7, 0xe7,
    0xff, 0xff, 0x87, 0xff, 0xfc, 0x6, 0x7, 0xe0,
    0x6, 0x7, 0xe0, 0x6, 0x7, 0xe0, 0x6, 0x7,
    0xe0, 0x6, 0x7, 0xe0, 0x6, 0x7, 0xe0, 0x6,
    0x7, 0xff, 0xe6, 0x7, 0xff, 0xe6, 0x7, 0xe0,
    0x6, 0x7, 0xe0, 0x6, 0x7, 0xe0, 0x6, 0x7,
    0xe0, 0x6, 0x7, 0xe0, 0x6, 0x7, 0xe0, 0x6,
    0x7, 0xe0, 0x6, 0x7, 0xff, 0xe6, 0x7, 0xff,
    0xe6, 0x7f, 0xe0, 0x6, 0x7e, 0xe0, 0x6, 0x0,
    0x0, 0x6, 0x0, 0x0, 0x6, 0x0, 0x0, 0x6,
    0x0, 0x0, 0x6, 0x0,

    /* U+5382 "厂" */
    0xf, 0xff, 0xff, 0xf8, 0x7f, 0xff, 0xff, 0xc3,
    0x80, 0x0, 0x0, 0x1c, 0x0, 0x0, 0x0, 0xe0,
    0x0, 0x0, 0x7, 0x0, 0x0, 0x0, 0x38, 0x0,
    0x0, 0x1, 0xc0, 0x0, 0x0, 0xe, 0x0, 0x0,
    0x0, 0x70, 0x0, 0x0, 0x3, 0x80, 0x0, 0x0,
    0x1c, 0x0, 0x0, 0x0, 0xe0, 0x0, 0x0, 0x7,
    0x0, 0x0, 0x0, 0x38, 0x0, 0x0, 0x1, 0xc0,
    0x0, 0x0, 0xe, 0x0, 0x0, 0x0, 0xf0, 0x0,
    0x0, 0x7, 0x0, 0x0, 0x0, 0x38, 0x0, 0x0,
    0x1, 0xc0, 0x0, 0x0, 0x1e, 0x0, 0x0, 0x0,
    0xe0, 0x0, 0x0, 0xf, 0x0, 0x0, 0x0, 0x70,
    0x0, 0x0, 0x3, 0x80, 0x0, 0x0, 0x8, 0x0,
    0x0, 0x0,

    /* U+53D6 "取" */
    0xff, 0xff, 0x80, 0x7, 0xff, 0xfc, 0x0, 0x7,
    0x3, 0x0, 0x0, 0x38, 0x1b, 0xff, 0xc1, 0xc0,
    0xdf, 0xfe, 0xe, 0x6, 0x70, 0x70, 0x70, 0x33,
    0x83, 0x83, 0xff, 0x8c, 0x1c, 0x1f, 0xfc, 0x60,
    0xe0, 0xe0, 0x63, 0x6, 0x7, 0x3, 0x18, 0x70,
    0x38, 0x18, 0xe3, 0x81, 0xc0, 0xc7, 0x1c, 0xf,
    0xfe, 0x18, 0xc0, 0x7f, 0xf0, 0xee, 0x3, 0x81,
    0x87, 0x70, 0x1c, 0xc, 0x1f, 0x0, 0xe0, 0x60,
    0xf8, 0x7, 0x3, 0x3, 0x80, 0x38, 0xf8, 0x1c,
    0x1, 0xff, 0xc1, 0xf0, 0x7f, 0xf6, 0x1d, 0xc3,
    0xf0, 0x31, 0xc7, 0x88, 0x1, 0x9c, 0x1e, 0x0,
    0xd, 0xc0, 0x78, 0x0, 0x6c, 0x0, 0x80, 0x3,
    0x0, 0x0,

    /* U+540D "名" */
    0x0, 0x2, 0x0, 0x0, 0x7, 0x0, 0x0, 0xf,
    0x0, 0x0, 0x1e, 0x0, 0x0, 0x3f, 0xff, 0x0,
    0x7f, 0xff, 0x1, 0xe0, 0x7, 0x7, 0xc0, 0xe,
    0x1f, 0x80, 0x1c, 0x3e, 0x38, 0x38, 0x18, 0x3c,
    0xf0, 0x0, 0x1f, 0xe0, 0x0, 0xf, 0xc0, 0x0,
    0x3f, 0x0, 0x1, 0xfc, 0x0, 0x1f, 0xf0, 0x0,
    0x7f, 0xff, 0xff, 0x38, 0xff, 0xff, 0x0, 0xc0,
    0x3, 0x0, 0xc0, 0x3, 0x0, 0xc0, 0x3, 0x0,
    0xc0, 0x3, 0x0, 0xc0, 0x3, 0x0, 0xc0, 0x3,
    0x0, 0xc0, 0x3, 0x0, 0xff, 0xff, 0x0, 0xff,
    0xff, 0x0, 0xc0, 0x3, 0x0, 0xc0, 0x3,

    /* U+540E "后" */
    0x0, 0x0, 0x0, 0x80, 0x0, 0x0, 0xf0, 0x0,
    0x1, 0xff, 0x0, 0x7, 0xff, 0x0, 0xff, 0xfe,
    0x0, 0x1f, 0xf8, 0x0, 0x3, 0x0, 0x0, 0x0,
    0x60, 0x0, 0x0, 0xc, 0x0, 0x0, 0x1, 0xff,
    0xff, 0xfc, 0x3f, 0xff, 0xff, 0x86, 0x0, 0x0,
    0x0, 0xc0, 0x0, 0x0, 0x18, 0x0, 0x0, 0x3,
    0x0, 0x0, 0x0, 0x63, 0xff, 0xfc, 0xc, 0x7f,
    0xff, 0x81, 0x8c, 0x0, 0x30, 0x31, 0x80, 0x6,
    0x6, 0x30, 0x0, 0xc0, 0xc6, 0x0, 0x18, 0x30,
    0xc0, 0x3, 0x6, 0x18, 0x0, 0x61, 0xc3, 0x0,
    0xc, 0x30, 0x7f, 0xff, 0x8e, 0xf, 0xff, 0xf3,
    0x81, 0x80, 0x6, 0x70, 0x30, 0x0, 0xc4, 0x6,
    0x0, 0x18,

    /* U+5426 "否" */
    0x7f, 0xff, 0xff, 0xe7, 0xff, 0xff, 0xfe, 0x0,
    0x7, 0x0, 0x0, 0x0, 0xe0, 0x0, 0x0, 0x1e,
    0x0, 0x0, 0x3, 0xe7, 0x0, 0x0, 0x7e, 0xf8,
    0x0, 0xf, 0x63, 0xe0, 0x3, 0xe6, 0xf, 0x0,
    0x78, 0x60, 0x78, 0x1f, 0x6, 0x1, 0xe7, 0xc0,
    0x60, 0xf, 0xf8, 0x6, 0x0, 0x76, 0x0, 0x0,
    0x2, 0x7, 0xff, 0xfe, 0x0, 0x7f, 0xff, 0xe0,
    0x6, 0x0, 0x6, 0x0, 0x60, 0x0, 0x60, 0x6,
    0x0, 0x6, 0x0, 0x60, 0x0, 0x60, 0x6, 0x0,
    0x6, 0x0, 0x60, 0x0, 0x60, 0x6, 0x0, 0x6,
    0x0, 0x7f, 0xff, 0xe0, 0x7, 0xff, 0xfe, 0x0,
    0x60, 0x0, 0x60, 0x6, 0x0, 0x6, 0x0,

    /* U+54C1 "品" */
    0x1f, 0xff, 0xf8, 0x1f, 0xff, 0xf8, 0x18, 0x0,
    0x18, 0x18, 0x0, 0x18, 0x18, 0x0, 0x18, 0x18,
    0x0, 0x18, 0x18, 0x0, 0x18, 0x18, 0x0, 0x18,
    0x1f, 0xff, 0xf8, 0x1f, 0xff, 0xf8, 0x0, 0x0,
    0x0, 0x0, 0x0, 0x0, 0x0, 0x0, 0x0, 0xff,
    0xc3, 0xff, 0xff, 0xc3, 0xff, 0xc0, 0xc3, 0x3,
    0xc0, 0xc3, 0x3, 0xc0, 0xc3, 0x3, 0xc0, 0xc3,
    0x3, 0xc0, 0xc3, 0x3, 0xc0, 0xc3, 0x3, 0xc0,
    0xc3, 0x3, 0xff, 0xc3, 0xff, 0xff, 0xc3, 0xff,
    0xc0, 0xc3, 0x3, 0xc0, 0xc3, 0x3, 0xc0, 0xc3,
    0x3,

    /* U+5546 "商" */
    0x0, 0x6, 0x0, 0x0, 0x0, 0x60, 0x0, 0x0,
    0x6, 0x0, 0xf, 0xff, 0xff, 0xff, 0xff, 0xff,
    0xff, 0xf0, 0x8, 0x0, 0x0, 0x1, 0xc0, 0x38,
    0x0, 0xe, 0x7, 0x0, 0x0, 0x70, 0xf0, 0x3,
    0xff, 0xff, 0xfc, 0x3f, 0xff, 0xff, 0xc3, 0x87,
    0x1c, 0x1c, 0x38, 0x71, 0xc7, 0xc3, 0x8e, 0x1f,
    0xfc, 0x3f, 0xc0, 0xff, 0xc3, 0xf8, 0x0, 0x1c,
    0x3b, 0x0, 0x1, 0xc3, 0x87, 0xfe, 0x1c, 0x38,
    0x7f, 0xe1, 0xc3, 0x86, 0x6, 0x1c, 0x38, 0x60,
    0x61, 0xc3, 0x86, 0x6, 0x1c, 0x38, 0x7f, 0xe1,
    0xc3, 0x87, 0xfe, 0x1c, 0x38, 0x0, 0x1, 0xc3,
    0x80, 0x0, 0xfc, 0x38, 0x0, 0xf, 0x83, 0x80,
    0x0, 0xf8,

    /* U+56DE "回" */
    0xff, 0xff, 0xff, 0xff, 0xff, 0xff, 0x0, 0x0,
    0x1e, 0x0, 0x0, 0x3c, 0x0, 0x0, 0x78, 0x0,
    0x0, 0xf0, 0xff, 0xe1, 0xe1, 0xff, 0xc3, 0xc3,
    0x1, 0x87, 0x86, 0x3, 0xf, 0xc, 0x6, 0x1e,
    0x18, 0xc, 0x3c, 0x30, 0x18, 0x78, 0x60, 0x30,
    0xf0, 0xff, 0xe1, 0xe1, 0xff, 0xc3, 0xc0, 0x0,
    0x7, 0x80, 0x0, 0xf, 0x0, 0x0, 0x1e, 0x0,
    0x0, 0x3f, 0xff, 0xff, 0xff, 0xff, 0xff, 0xf0,
    0x0, 0x1, 0xe0, 0x0, 0x3, 0xc0, 0x0, 0x6,

    /* U+5728 "在" */
    0x0, 0x10, 0x0, 0x0, 0x1, 0x80, 0x0, 0x0,
    0x38, 0x0, 0x0, 0x3, 0x80, 0x0, 0x0, 0x30,
    0x0, 0x3, 0xff, 0xff, 0xfe, 0x3f, 0xff, 0xff,
    0xe0, 0xe, 0x0, 0x0, 0x0, 0xe0, 0x0, 0x0,
    0x1c, 0x6, 0x0, 0x1, 0xc0, 0x60, 0x0, 0x38,
    0x6, 0x0, 0x7, 0x80, 0x60, 0x0, 0xf8, 0x6,
    0x0, 0xf, 0x80, 0x60, 0x1, 0xf9, 0xff, 0xfc,
    0x3b, 0x9f, 0xff, 0xcf, 0x38, 0x6, 0x0, 0x63,
    0x80, 0x60, 0x0, 0x38, 0x6, 0x0, 0x3, 0x80,
    0x60, 0x0, 0x38, 0x6, 0x0, 0x3, 0x80, 0x60,
    0x0, 0x38, 0x6, 0x0, 0x3, 0x80, 0x60, 0x0,
    0x3b, 0xff, 0xff, 0x3, 0xbf, 0xff, 0xf0, 0x38,
    0x0, 0x0, 0x3, 0x80, 0x0, 0x0,

    /* U+58F0 "声" */
    0x0, 0x7, 0x0, 0x0, 0x0, 0x70, 0x0, 0x0,
    0x7, 0x0, 0x7, 0xff, 0xff, 0xff, 0x7f, 0xff,
    0xff, 0xf0, 0x0, 0x70, 0x0, 0x0, 0x7, 0x0,
    0x1, 0xff, 0xff, 0xfc, 0x1f, 0xff, 0xff, 0xc0,
    0x0, 0x0, 0x0, 0x7, 0xff, 0xff, 0x80, 0x7f,
    0xff, 0xf8, 0x6, 0x3, 0x1, 0x80, 0x60, 0x30,
    0x18, 0x6, 0x3, 0x1, 0x80, 0x60, 0x30, 0x18,
    0x7, 0xff, 0xff, 0x80, 0x7f, 0xff, 0xf8, 0x6,
    0x0, 0x0, 0x0, 0x60, 0x0, 0x0, 0x6, 0x0,
    0x0, 0x0, 0xe0, 0x0, 0x0, 0x1c, 0x0, 0x0,
    0x1, 0xc0, 0x0, 0x0, 0x78, 0x0, 0x0, 0xf,
    0x0, 0x0, 0x0, 0x60, 0x0, 0x0, 0x0,

    /* U+5907 "备" */
    0x0, 0xc0, 0x0, 0x0, 0xe, 0x0, 0x0, 0x1,
    0xff, 0xfe, 0x0, 0x3f, 0xff, 0xe0, 0x3, 0x80,
    0xe, 0x0, 0x7c, 0x1, 0xc0, 0xe, 0xe0, 0x38,
    0x3, 0xcf, 0x7, 0x0, 0x78, 0x78, 0xe0, 0x7,
    0x1, 0xfc, 0x0, 0x20, 0xf, 0x80, 0x0, 0x1,
    0xf8, 0x0, 0x0, 0x7f, 0xf0, 0x0, 0x3f, 0xf,
    0xc0, 0x3f, 0xc0, 0x1f, 0xef, 0xff, 0xff, 0xff,
    0x47, 0xff, 0xfe, 0x20, 0x60, 0x60, 0x60, 0x6,
    0x6, 0x6, 0x0, 0x7f, 0xff, 0xe0, 0x7, 0xff,
    0xfe, 0x0, 0x60, 0x60, 0x60, 0x6, 0x6, 0x6,
    0x0, 0x60, 0x60, 0x60, 0x7, 0xff, 0xfe, 0x0,
    0x7f, 0xff, 0xe0, 0x6, 0x0, 0x6, 0x0, 0x60,
    0x0, 0x60,

    /* U+590D "复" */
    0x1, 0x80, 0x0, 0x0, 0x18, 0x0, 0x0, 0x3,
    0x80, 0x0, 0x0, 0x3f, 0xff, 0xfc, 0x7, 0xff,
    0xff, 0xc0, 0x60, 0x0, 0x0, 0xe, 0x0, 0x0,
    0x1, 0xff, 0xff, 0xe0, 0x3f, 0xff, 0xfe, 0x7,
    0xb0, 0x0, 0xe0, 0xe3, 0xff, 0xfe, 0x0, 0x3f,
    0xff, 0xe0, 0x3, 0x0, 0xe, 0x0, 0x30, 0x0,
    0xe0, 0x3, 0xff, 0xfe, 0x0, 0x3f, 0xff, 0xe0,
    0x0, 0x60, 0x0, 0x0, 0xe, 0x0, 0x0, 0x1,
    0xff, 0xfe, 0x0, 0x3f, 0xff, 0xe0, 0x7, 0xe0,
    0x3c, 0x1, 0xff, 0x7, 0x80, 0xe, 0x78, 0xf0,
    0x0, 0x3, 0xfe, 0x0, 0x0, 0xf, 0xc0, 0x0,
    0x1f, 0xff, 0x80, 0xff, 0xf8, 0xff, 0xf7, 0xf8,
    0x0, 0x7e,

    /* U+5927 "大" */
    0x0, 0xe, 0x0, 0x0, 0x1, 0xc0, 0x0, 0x0,
    0x38, 0x0, 0x0, 0x7, 0x0, 0x0, 0x0, 0xe0,
    0x0, 0x0, 0x1c, 0x0, 0x0, 0x3, 0x80, 0x0,
    0x0, 0x70, 0x0, 0x3f, 0xff, 0xff, 0xc7, 0xff,
    0xff, 0xf8, 0x0, 0x3e, 0x0, 0x0, 0xf, 0xc0,
    0x0, 0x1, 0xd8, 0x0, 0x0, 0x33, 0x0, 0x0,
    0xe, 0x70, 0x0, 0x1, 0xce, 0x0, 0x0, 0x30,
    0xe0, 0x0, 0xe, 0x1c, 0x0, 0x3, 0xc1, 0xc0,
    0x0, 0x70, 0x38, 0x0, 0x1c, 0x3, 0x80, 0x7,
    0x80, 0x38, 0x1, 0xe0, 0x7, 0x80, 0x78, 0x0,
    0x78, 0x3e, 0x0, 0x7, 0x8f, 0x0, 0x0, 0x7d,
    0xc0, 0x0, 0x3, 0x80, 0x0, 0x0, 0x20,

    /* U+5B58 "存" */
    0x0, 0x30, 0x0, 0x0, 0x7, 0x0, 0x0, 0x0,
    0x70, 0x0, 0x0, 0x6, 0x0, 0x0, 0x3f, 0xff,
    0xff, 0xe3, 0xff, 0xff, 0xfe, 0x1, 0xc0, 0x0,
    0x0, 0x18, 0x0, 0x0, 0x3, 0x80, 0x0, 0x0,
    0x79, 0xff, 0xf8, 0x7, 0x1f, 0xff, 0x80, 0xf0,
    0x0, 0x70, 0x1f, 0x0, 0x1e, 0x3, 0xf0, 0x3,
    0xc0, 0x7b, 0x0, 0x70, 0xf, 0x30, 0x7, 0x0,
    0xe3, 0x7f, 0xff, 0xf0, 0x37, 0xff, 0xff, 0x3,
    0x0, 0x70, 0x0, 0x30, 0x7, 0x0, 0x3, 0x0,
    0x70, 0x0, 0x30, 0x7, 0x0, 0x3, 0x0, 0x70,
    0x0, 0x30, 0x7, 0x0, 0x3, 0x0, 0x70, 0x0,
    0x30, 0x7, 0x0, 0x3, 0x7, 0xe0, 0x0, 0x30,
    0x3c, 0x0,

    /* U+5B8C "完" */
    0x0, 0xc, 0x0, 0x0, 0x0, 0xc0, 0x0, 0x0,
    0xc, 0x0, 0x0, 0x0, 0xc0, 0x0, 0x7f, 0xff,
    0xff, 0xc7, 0xff, 0xff, 0xfc, 0x60, 0x0, 0x0,
    0xc6, 0x0, 0x0, 0xc, 0x60, 0x0, 0x0, 0xc0,
    0x0, 0x0, 0x0, 0x7, 0xff, 0xf8, 0x0, 0x7f,
    0xff, 0x80, 0x0, 0x0, 0x0, 0x0, 0x0, 0x0,
    0x0, 0x0, 0x0, 0x0, 0x3, 0xff, 0xff, 0xfc,
    0x3f, 0xff, 0xff, 0xc0, 0x6, 0x18, 0x0, 0x0,
    0xe1, 0x80, 0x0, 0xe, 0x18, 0x0, 0x0, 0xc1,
    0x80, 0x0, 0xc, 0x18, 0x0, 0x1, 0xc1, 0x80,
    0x60, 0x1c, 0x18, 0x7, 0x3, 0x81, 0x80, 0x70,
    0x70, 0x18, 0x6, 0x1e, 0x1, 0x80, 0xef, 0xc0,
    0x1f, 0xfe, 0xf0, 0x0, 0xff, 0xc4, 0x0, 0x0,
    0x0,

    /* U+5B9A "定" */
    0x0, 0x7, 0x0, 0x0, 0x0, 0x38, 0x0, 0x0,
    0x1, 0xc0, 0x0, 0x7f, 0xff, 0xff, 0xc3, 0xff,
    0xff, 0xfe, 0x18, 0x0, 0x0, 0x70, 0xc0, 0x0,
    0x3, 0x86, 0x0, 0x0, 0x1c, 0x30, 0x0, 0x0,
    0xe0, 0x3f, 0xff, 0xf8, 0x1, 0xff, 0xff, 0xc0,
    0x0, 0xe, 0x0, 0x0, 0x0, 0x70, 0x0, 0x1,
    0x3, 0x80, 0x0, 0xc, 0x1c, 0x0, 0x0, 0x60,
    0xe0, 0x0, 0x7, 0x7, 0xff, 0xc0, 0x38, 0x3f,
    0xfe, 0x1, 0xc1, 0xc0, 0x0, 0xe, 0xe, 0x0,
    0x0, 0xf0, 0x70, 0x0, 0x7, 0xc3, 0x80, 0x0,
    0x77, 0x9c, 0x0, 0x3, 0x9f, 0xe0, 0x0, 0x38,
    0x3f, 0xff, 0xf7, 0x80, 0x1f, 0xff, 0x98, 0x0,
    0x0, 0x0, 0x0, 0x0, 0x0, 0x0,

    /* U+5BB9 "容" */
    0x0, 0x7, 0x0, 0x0, 0x0, 0x38, 0x0, 0x0,
    0x1, 0xc0, 0x0, 0x7f, 0xff, 0xff, 0xc3, 0xff,
    0xff, 0xfe, 0x18, 0x0, 0x0, 0x30, 0xc1, 0x0,
    0xc1, 0x86, 0x1c, 0xf, 0x8c, 0x31, 0xc3, 0x1e,
    0x60, 0x1c, 0x3c, 0x3c, 0x3, 0xc1, 0xc0, 0xf0,
    0x7c, 0x1f, 0x3, 0xc1, 0x83, 0xde, 0xc, 0x0,
    0x3c, 0x78, 0x0, 0x3, 0x81, 0xf0, 0x0, 0x78,
    0x7, 0xe0, 0xf, 0x0, 0xf, 0xc3, 0xff, 0xff,
    0xff, 0xfe, 0xff, 0xff, 0x3c, 0x86, 0x0, 0x18,
    0x20, 0x30, 0x0, 0xc0, 0x1, 0x80, 0x6, 0x0,
    0xc, 0x0, 0x30, 0x0, 0x60, 0x1, 0x80, 0x3,
    0xff, 0xfc, 0x0, 0x1f, 0xff, 0xe0, 0x0, 0xc0,
    0x3, 0x0, 0x6, 0x0, 0x18, 0x0,

    /* U+5BC6 "密" */
    0x0, 0xe, 0x0, 0x0, 0x0, 0xe0, 0x0, 0x0,
    0xe, 0x0, 0x7, 0xff, 0xff, 0xfc, 0x7f, 0xff,
    0xff, 0xc6, 0x0, 0x0, 0xc, 0x60, 0x3c, 0x4,
    0xc6, 0x1, 0xe0, 0xec, 0x64, 0xf, 0x1c, 0xc0,
    0xec, 0x37, 0x80, 0xc, 0xc2, 0xf2, 0x1, 0xcc,
    0x3c, 0x78, 0x38, 0xcf, 0x83, 0x87, 0xf, 0xe1,
    0x9c, 0x60, 0xfc, 0x18, 0xe0, 0x3f, 0x3, 0x87,
    0x1f, 0xff, 0xf0, 0x4f, 0xe7, 0xfe, 0x0, 0xf8,
    0xe, 0x0, 0x4, 0x0, 0xe0, 0x0, 0x18, 0xe,
    0x3, 0x1, 0x80, 0xe0, 0x30, 0x18, 0xe, 0x3,
    0x1, 0x80, 0xe0, 0x30, 0x1f, 0xff, 0xff, 0x1,
    0xff, 0xff, 0xf0, 0x18, 0x0, 0x3, 0x1, 0x80,
    0x0, 0x30,

    /* U+5C4F "屏" */
    0x1f, 0xff, 0xff, 0x83, 0xff, 0xff, 0xf0, 0x60,
    0x0, 0x6, 0xc, 0x0, 0x0, 0xc1, 0x80, 0x0,
    0x18, 0x3f, 0xff, 0xff, 0x7, 0xff, 0xff, 0xe0,
    0xc1, 0x80, 0x30, 0x18, 0x78, 0x6, 0x3, 0x7,
    0x81, 0xc0, 0x60, 0x70, 0x70, 0xc, 0x7, 0xe,
    0x1, 0x9f, 0xff, 0xfc, 0x33, 0xff, 0xff, 0x86,
    0x3, 0x6, 0x0, 0xc0, 0x60, 0xc0, 0x18, 0xc,
    0x18, 0x3, 0x1, 0x83, 0x0, 0x6f, 0xff, 0xff,
    0x8d, 0xff, 0xff, 0xf3, 0x81, 0xc1, 0x80, 0x60,
    0x38, 0x30, 0xc, 0xe, 0x6, 0x3, 0x83, 0xc0,
    0xc0, 0x61, 0xf0, 0x18, 0x1c, 0xfc, 0x3, 0x1,
    0x1e, 0x0, 0x60, 0x0,

    /* U+5DF2 "已" */
    0xff, 0xff, 0xfc, 0x3f, 0xff, 0xff, 0x0, 0x0,
    0x1, 0xc0, 0x0, 0x0, 0x70, 0x0, 0x0, 0x1c,
    0x0, 0x0, 0x7, 0x3, 0x80, 0x1, 0xc0, 0xe0,
    0x0, 0x70, 0x38, 0x0, 0x1c, 0xf, 0xff, 0xff,
    0x3, 0xff, 0xff, 0xc0, 0xe0, 0x0, 0x70, 0x38,
    0x0, 0x1c, 0xe, 0x0, 0x7, 0x3, 0x80, 0x0,
    0x0, 0xe0, 0x0, 0x0, 0x38, 0x0, 0x0, 0xe,
    0x0, 0x0, 0x23, 0x80, 0x0, 0x1c, 0xe0, 0x0,
    0x7, 0x38, 0x0, 0x1, 0xce, 0x0, 0x0, 0xe3,
    0xff, 0xff, 0xf8, 0x7f, 0xff, 0xf8,

    /* U+5E74 "年" */
    0x3, 0x80, 0x0, 0x0, 0x60, 0x0, 0x0, 0x1c,
    0x0, 0x0, 0x3, 0xff, 0xff, 0xe0, 0xff, 0xff,
    0xfc, 0x1c, 0x6, 0x0, 0x7, 0x0, 0xc0, 0x1,
    0xe0, 0x18, 0x0, 0x38, 0x3, 0x0, 0x1e, 0xff,
    0xff, 0xe0, 0x9f, 0xff, 0xfc, 0x3, 0x81, 0x80,
    0x0, 0x70, 0x30, 0x0, 0xe, 0x6, 0x0, 0x1,
    0xc0, 0xc0, 0x0, 0x38, 0x18, 0x0, 0x7, 0x3,
    0x0, 0xf, 0xff, 0xff, 0xfd, 0xff, 0xff, 0xff,
    0x80, 0x1, 0x80, 0x0, 0x0, 0x30, 0x0, 0x0,
    0x6, 0x0, 0x0, 0x0, 0xc0, 0x0, 0x0, 0x18,
    0x0, 0x0, 0x3, 0x0, 0x0, 0x0, 0x60, 0x0,
    0x0, 0xc, 0x0, 0x0, 0x1, 0x80, 0x0,

    /* U+5EA6 "度" */
    0x0, 0x3, 0x80, 0x0, 0x0, 0x1c, 0x0, 0x0,
    0x0, 0xe0, 0x0, 0x3f, 0xff, 0xff, 0xe1, 0xff,
    0xff, 0xff, 0xc, 0x0, 0x0, 0x0, 0x60, 0xc0,
    0x70, 0x3, 0x6, 0x3, 0x80, 0x18, 0x30, 0x1c,
    0x0, 0xdf, 0xff, 0xff, 0x6, 0xff, 0xff, 0xf8,
    0x30, 0x60, 0x38, 0x1, 0x83, 0x1, 0xc0, 0xc,
    0x1f, 0xfe, 0x0, 0x60, 0xff, 0xf0, 0x3, 0x0,
    0x0, 0x0, 0x18, 0x0, 0x0, 0x0, 0xdf, 0xff,
    0xf8, 0x6, 0xff, 0xff, 0xc0, 0x30, 0xe0, 0x1e,
    0x1, 0x83, 0x81, 0xe0, 0xc, 0x1e, 0x1e, 0x0,
    0xe0, 0x7b, 0xc0, 0x6, 0x0, 0xfc, 0x0, 0x30,
    0xf, 0xf0, 0x3, 0x83, 0xf7, 0xf0, 0x1b, 0xfe,
    0xf, 0xfd, 0xcf, 0x80, 0xf, 0xe0, 0x40, 0x0,
    0x2, 0x0,

    /* U+5F00 "开" */
    0x3f, 0xff, 0xff, 0xe3, 0xff, 0xff, 0xfe, 0x0,
    0x60, 0x38, 0x0, 0x6, 0x3, 0x80, 0x0, 0x60,
    0x38, 0x0, 0x6, 0x3, 0x80, 0x0, 0x60, 0x38,
    0x0, 0x6, 0x3, 0x80, 0x0, 0x60, 0x38, 0x0,
    0x6, 0x3, 0x80, 0x7f, 0xff, 0xff, 0xf7, 0xff,
    0xff, 0xff, 0x0, 0x60, 0x38, 0x0, 0x6, 0x3,
    0x80, 0x0, 0x60, 0x38, 0x0, 0xe, 0x3, 0x80,
    0x0, 0xe0, 0x38, 0x0, 0xe, 0x3, 0x80, 0x0,
    0xc0, 0x38, 0x0, 0x1c, 0x3, 0x80, 0x3, 0x80,
    0x38, 0x0, 0x38, 0x3, 0x80, 0x7, 0x0, 0x38,
    0x1, 0xe0, 0x3, 0x80, 0x3c, 0x0, 0x38, 0x7,
    0x80, 0x3, 0x80, 0x20, 0x0, 0x38, 0x0,

    /* U+5F0F "式" */
    0x0, 0x1, 0xc0, 0x0, 0x0, 0x1d, 0xc0, 0x0,
    0x1, 0xff, 0x0, 0x0, 0x1c, 0x78, 0x0, 0x1,
    0xc3, 0x80, 0x0, 0x1c, 0x10, 0xff, 0xff, 0xff,
    0xef, 0xff, 0xff, 0xfe, 0x0, 0x0, 0xc0, 0x0,
    0x0, 0xc, 0x0, 0x0, 0x0, 0xc0, 0x0, 0x0,
    0xc, 0x0, 0x3f, 0xfe, 0xe0, 0x3, 0xff, 0xee,
    0x0, 0x1, 0xc0, 0xe0, 0x0, 0x1c, 0x6, 0x0,
    0x1, 0xc0, 0x60, 0x0, 0x1c, 0x7, 0x0, 0x1,
    0xc0, 0x30, 0x0, 0x1c, 0x3, 0x80, 0x1, 0xcf,
    0x38, 0x0, 0x1f, 0xf1, 0x83, 0xf, 0xfc, 0x1c,
    0x77, 0xfc, 0x0, 0xe7, 0x7c, 0x0, 0x7, 0x74,
    0x0, 0x0, 0x7e, 0x0, 0x0, 0x3, 0xe0, 0x0,
    0x0, 0x1c,

    /* U+5F53 "当" */
    0x0, 0xc, 0x0, 0x0, 0xc, 0x0, 0x20, 0xc,
    0x2, 0x78, 0xc, 0x7, 0x3c, 0xc, 0xe, 0x1e,
    0xc, 0x1c, 0xf, 0xc, 0x3c, 0x7, 0x8c, 0x78,
    0x3, 0xcc, 0xf0, 0x1, 0x8c, 0x60, 0x0, 0xc,
    0x0, 0xff, 0xff, 0xfe, 0xff, 0xff, 0xfe, 0x0,
    0x0, 0x6, 0x0, 0x0, 0x6, 0x0, 0x0, 0x6,
    0x0, 0x0, 0x6, 0x3f, 0xff, 0xfe, 0x3f, 0xff,
    0xfe, 0x0, 0x0, 0x6, 0x0, 0x0, 0x6, 0x0,
    0x0, 0x6, 0x0, 0x0, 0x6, 0x0, 0x0, 0x6,
    0xff, 0xff, 0xfe, 0xff, 0xff, 0xfe, 0x0, 0x0,
    0x6, 0x0, 0x0, 0x6,

    /* U+5F55 "录" */
    0x1f, 0xff, 0xf8, 0x1, 0xff, 0xff, 0x80, 0x0,
    0x0, 0x18, 0x0, 0x0, 0x1, 0x80, 0x0, 0x0,
    0x18, 0x0, 0x7f, 0xff, 0x80, 0x7, 0xff, 0xf8,
    0x0, 0x0, 0x3, 0x80, 0x0, 0x0, 0x38, 0x0,
    0x0, 0x3, 0x80, 0xff, 0xff, 0xff, 0xef, 0xff,
    0xff, 0xfe, 0x0, 0xe, 0x0, 0x1, 0xc0, 0xe0,
    0x10, 0x1e, 0xf, 0x7, 0x80, 0x70, 0xf8, 0xf0,
    0x3, 0x8f, 0xde, 0x0, 0x11, 0xef, 0x80, 0x0,
    0x7e, 0x70, 0x0, 0x3f, 0xe3, 0xc0, 0xf, 0xce,
    0x1f, 0x7, 0xf0, 0xe0, 0x7c, 0xf8, 0xe, 0x3,
    0xf6, 0x0, 0xe0, 0xe, 0x0, 0xe, 0x0, 0x0,
    0x7, 0xe0, 0x0, 0x0, 0x7c, 0x0, 0x0,

    /* U+5FAA "循" */
    0x0, 0x0, 0x0, 0x40, 0x38, 0x0, 0x1c, 0x3,
    0x80, 0x3f, 0xe0, 0x73, 0xff, 0xf0, 0x6, 0x3f,
    0xf0, 0x0, 0xe3, 0x0, 0x0, 0x1c, 0x30, 0x18,
    0x3, 0x83, 0x1, 0x80, 0x79, 0x37, 0xff, 0xf7,
    0x1b, 0x7f, 0xff, 0x3, 0xb0, 0x18, 0x0, 0x73,
    0x1, 0x80, 0x6, 0x30, 0x18, 0x0, 0xe3, 0x3f,
    0xfc, 0x1c, 0x33, 0xff, 0xc3, 0xc3, 0x30, 0xc,
    0x7c, 0x33, 0x0, 0xce, 0xc3, 0x3f, 0xfc, 0xc,
    0x33, 0xff, 0xc0, 0xc3, 0x30, 0xc, 0xc, 0x33,
    0x0, 0xc0, 0xc3, 0x3f, 0xfc, 0xc, 0x33, 0xff,
    0xc0, 0xc7, 0x30, 0xc, 0xc, 0x73, 0x0, 0xc0,
    0xc6, 0x3f, 0xfc, 0xc, 0xe3, 0xff, 0xc0, 0xde,
    0x30, 0xc, 0xc, 0x43, 0x0, 0xc0,

    /* U+5FD7 "志" */
    0x0, 0x7, 0x0, 0x0, 0x0, 0x38, 0x0, 0x0,
    0x1, 0xc0, 0x0, 0x0, 0xe, 0x0, 0x0, 0x0,
    0x70, 0x0, 0x3f, 0xff, 0xff, 0xf9, 0xff, 0xff,
    0xff, 0xc0, 0x0, 0xe0, 0x0, 0x0, 0x7, 0x0,
    0x0, 0x0, 0x38, 0x0, 0x0, 0x1, 0xc0, 0x0,
    0x0, 0xe, 0x0, 0x1, 0xff, 0xff, 0xf8, 0xf,
    0xff, 0xff, 0xc0, 0x0, 0x0, 0x0, 0x0, 0x3,
    0xc0, 0x0, 0x0, 0xf, 0x0, 0x0, 0x77, 0x3c,
    0x1c, 0x3, 0x38, 0xe0, 0x70, 0x39, 0xc3, 0x81,
    0xc1, 0x8e, 0x8, 0xe7, 0x1c, 0x70, 0x6, 0x19,
    0xc3, 0x80, 0x30, 0xfc, 0x1c, 0x3, 0x3, 0x40,
    0xff, 0xf8, 0x0, 0x3, 0xff, 0x80, 0x0,

    /* U+6062 "恢" */
    0x6, 0x0, 0x0, 0x0, 0x18, 0x7f, 0xff, 0xe0,
    0x61, 0xff, 0xff, 0x81, 0x87, 0x0, 0x0, 0x6,
    0x1c, 0xc, 0x0, 0x98, 0x70, 0x30, 0x3, 0x79,
    0xc0, 0xc0, 0xd, 0xe7, 0x3, 0x0, 0x77, 0xdc,
    0xcc, 0x31, 0xdb, 0xf3, 0x30, 0xc6, 0x6f, 0xcc,
    0xc7, 0x19, 0x9f, 0x73, 0x1c, 0xe6, 0x1d, 0xcc,
    0x63, 0x18, 0x76, 0x33, 0x80, 0x61, 0xf9, 0xdc,
    0x1, 0x86, 0x7, 0x10, 0x6, 0x18, 0x1c, 0x0,
    0x18, 0x60, 0x70, 0x0, 0x63, 0x83, 0xe0, 0x1,
    0x8e, 0xd, 0x80, 0x6, 0x38, 0x77, 0x0, 0x18,
    0xc1, 0xce, 0x0, 0x67, 0xe, 0x1c, 0x1, 0x9c,
    0x70, 0x78, 0x6, 0xe7, 0x80, 0xf0, 0x1b, 0xbc,
    0x1, 0xe0, 0x6c, 0xe0, 0x3, 0x81, 0x81, 0x0,
    0x4,

    /* U+606F "息" */
    0x0, 0x3, 0x0, 0x0, 0x0, 0x38, 0x0, 0x0,
    0x3, 0xc0, 0x0, 0xf, 0xff, 0xfc, 0x0, 0x7f,
    0xff, 0xe0, 0x3, 0x0, 0x3, 0x0, 0x18, 0x0,
    0x18, 0x0, 0xff, 0xff, 0xc0, 0x7, 0xff, 0xfe,
    0x0, 0x30, 0x0, 0x30, 0x1, 0x80, 0x1, 0x80,
    0xc, 0x0, 0xc, 0x0, 0x7f, 0xff, 0xe0, 0x3,
    0xff, 0xff, 0x0, 0x18, 0x0, 0x18, 0x0, 0xc0,
    0x0, 0xc0, 0x7, 0xff, 0xfe, 0x0, 0x3f, 0xff,
    0xf0, 0x0, 0x0, 0x0, 0x0, 0x0, 0x38, 0x0,
    0x0, 0xd, 0xf0, 0x0, 0x2, 0x67, 0xc1, 0x80,
    0x3b, 0xf, 0xf, 0x3, 0x98, 0x31, 0x9c, 0x38,
    0xc0, 0x1c, 0x77, 0x86, 0x0, 0xc1, 0x98, 0x3f,
    0xfe, 0x8, 0x1, 0xff, 0xe0, 0x0,

    /* U+6210 "成" */
    0x0, 0x1, 0x8e, 0x0, 0x0, 0xd, 0xfc, 0x0,
    0x0, 0x60, 0xf0, 0x0, 0x3, 0x1, 0x80, 0x0,
    0x18, 0x0, 0xf, 0xff, 0xff, 0xf0, 0x7f, 0xff,
    0xff, 0x83, 0x80, 0x38, 0x0, 0x1c, 0x1, 0xc0,
    0x0, 0xe0, 0xe, 0x4, 0x7, 0x0, 0x30, 0x70,
    0x38, 0x1, 0x83, 0x81, 0xff, 0xcc, 0x38, 0xf,
    0xfe, 0x71, 0xc0, 0x70, 0x33, 0x9c, 0x3, 0x81,
    0x9c, 0xe0, 0x1c, 0xc, 0x6e, 0x0, 0xe0, 0x63,
    0xe0, 0x7, 0x3, 0x1f, 0x0, 0x38, 0x18, 0x70,
    0x1, 0xc1, 0x87, 0x80, 0x1c, 0xfc, 0x7e, 0x10,
    0xe7, 0xc7, 0x70, 0xe7, 0x0, 0x71, 0xc6, 0x70,
    0xf, 0x7, 0x33, 0x80, 0xf0, 0x1d, 0xb8, 0x2,
    0x0, 0x79, 0x80, 0x0, 0x1, 0xc0,

    /* U+6240 "所" */
    0x0, 0x0, 0x0, 0x40, 0x0, 0x0, 0xf, 0x1f,
    0xff, 0x83, 0xf8, 0xff, 0xfd, 0xff, 0x0, 0x0,
    0xf, 0xe0, 0x0, 0x0, 0x78, 0x0, 0x0, 0x3,
    0x0, 0x0, 0x0, 0x18, 0x0, 0x1f, 0xf8, 0xc0,
    0x0, 0xff, 0xc6, 0x0, 0x7, 0xfe, 0x30, 0x0,
    0x30, 0x31, 0xff, 0xf1, 0x81, 0x8f, 0xff, 0x8c,
    0xc, 0x61, 0x80, 0x60, 0x63, 0xc, 0x3, 0x3,
    0x18, 0x60, 0x1f, 0xf8, 0xc3, 0x0, 0xff, 0xc6,
    0x18, 0x6, 0x0, 0x30, 0xc0, 0x30, 0x1, 0x86,
    0x1, 0x80, 0x1c, 0x30, 0xc, 0x0, 0xe1, 0x80,
    0xe0, 0x7, 0xc, 0x7, 0x0, 0x30, 0x60, 0x70,
    0x3, 0x83, 0x3, 0x80, 0x1c, 0x18, 0x38, 0x1,
    0xc0, 0xc1, 0xc0, 0x1c, 0x6, 0x4, 0x0, 0x60,
    0x30, 0x0,

    /* U+6280 "技" */
    0x7, 0x0, 0x30, 0x0, 0x38, 0x1, 0x80, 0x1,
    0xc0, 0xc, 0x0, 0xe, 0x0, 0x60, 0x0, 0x70,
    0x3, 0x0, 0x3, 0x80, 0x18, 0x0, 0x1c, 0x7f,
    0xff, 0x8f, 0xff, 0xff, 0xfc, 0x7f, 0xe0, 0x30,
    0x0, 0x38, 0x1, 0x80, 0x1, 0xc0, 0xc, 0x0,
    0xe, 0x0, 0x60, 0x0, 0x70, 0x3, 0x0, 0x3,
    0x87, 0xff, 0xe0, 0x1d, 0xbf, 0xfe, 0x0, 0xfc,
    0x60, 0x70, 0x1f, 0xc3, 0x83, 0x83, 0xf8, 0x1c,
    0x18, 0x3f, 0xc0, 0x71, 0xc0, 0x8e, 0x3, 0x9c,
    0x0, 0x70, 0xe, 0xe0, 0x3, 0x80, 0x3e, 0x0,
    0x1c, 0x1, 0xe0, 0x0, 0xe0, 0xf, 0x80, 0x7,
    0x1, 0xfe, 0x0, 0x38, 0x3e, 0x7e, 0x1, 0xc7,
    0xc0, 0xfc, 0x7e, 0x78, 0x1, 0xe3, 0xe1, 0x0,
    0x3, 0x0,

    /* U+63A5 "接" */
    0x6, 0x0, 0x30, 0x0, 0x30, 0x1, 0x80, 0x1,
    0x80, 0xc, 0x0, 0xc, 0x0, 0x60, 0x0, 0x63,
    0xff, 0xff, 0x3, 0x1f, 0xff, 0xf8, 0x18, 0x8,
    0x4, 0xf, 0xf8, 0xe0, 0x30, 0x7f, 0xc3, 0x83,
    0x80, 0x30, 0x1c, 0x18, 0x1, 0x80, 0x71, 0xc0,
    0xc, 0x3, 0x9c, 0x0, 0x63, 0xff, 0xff, 0x83,
    0x1f, 0xff, 0xfc, 0x19, 0x1, 0x80, 0x0, 0xf8,
    0xc, 0x0, 0xf, 0xc0, 0xe0, 0x7, 0xf9, 0xff,
    0xff, 0x9f, 0x8f, 0xff, 0xfc, 0x8c, 0x7, 0x7,
    0x0, 0x60, 0x70, 0x70, 0x3, 0x3, 0x83, 0x80,
    0x18, 0x3f, 0xf8, 0x0, 0xc2, 0xff, 0xc0, 0x6,
    0x0, 0x7f, 0x80, 0x30, 0xf, 0xbf, 0x1, 0x83,
    0xf8, 0x7c, 0x7d, 0xff, 0x0, 0xf3, 0xc7, 0x80,
    0x1, 0x0,

    /* U+63A7 "控" */
    0x6, 0x0, 0x30, 0x0, 0x30, 0x1, 0x80, 0x1,
    0x80, 0xc, 0x0, 0xc, 0x0, 0x60, 0x0, 0x60,
    0x3, 0x0, 0x3, 0x1f, 0xff, 0xf8, 0x18, 0xff,
    0xff, 0xcf, 0xff, 0x0, 0xe, 0x7f, 0xf9, 0xe,
    0x70, 0x31, 0xce, 0x73, 0x81, 0x8e, 0x63, 0x9c,
    0xc, 0x7, 0x1c, 0x40, 0x60, 0x70, 0xe3, 0x83,
    0x7, 0x87, 0xf8, 0x1b, 0x78, 0x1f, 0x80, 0xf9,
    0x0, 0x0, 0xf, 0x80, 0x0, 0x3, 0xf0, 0xff,
    0xff, 0x3f, 0x87, 0xff, 0xf8, 0xcc, 0x0, 0x60,
    0x0, 0x60, 0x3, 0x0, 0x3, 0x0, 0x18, 0x0,
    0x18, 0x0, 0xc0, 0x0, 0xc0, 0x6, 0x0, 0x6,
    0x0, 0x30, 0x0, 0x33, 0xff, 0xff, 0xc1, 0x9f,
    0xff, 0xfe, 0x7c, 0x0, 0x0, 0x3, 0xc0, 0x0,
    0x0, 0x0,

    /* U+6444 "摄" */
    0xe, 0x0, 0x0, 0x0, 0x73, 0xff, 0xff, 0x3,
    0x9f, 0xff, 0xf8, 0x1c, 0xc, 0xe, 0x0, 0xe0,
    0x7f, 0xf0, 0x7, 0x3, 0xff, 0x81, 0xff, 0x98,
    0x1c, 0xf, 0xfc, 0xff, 0xe0, 0xe, 0x7, 0xff,
    0x0, 0x70, 0x30, 0x38, 0x3, 0x81, 0x81, 0xfc,
    0x1c, 0x7f, 0xff, 0xe0, 0xed, 0xff, 0x70, 0x7,
    0xe0, 0x3, 0x80, 0x7e, 0x0, 0x0, 0xf, 0xdf,
    0xef, 0xfc, 0xfe, 0xff, 0x7f, 0xe3, 0x70, 0x19,
    0x87, 0x3, 0x99, 0xce, 0x30, 0x1d, 0xfe, 0x33,
    0x80, 0xe3, 0xe1, 0xf8, 0x7, 0x7, 0x7, 0xc0,
    0x38, 0x7c, 0x3c, 0x1, 0xc7, 0x73, 0xe0, 0xe,
    0x79, 0x7f, 0xc3, 0x77, 0x8f, 0x8f, 0x8f, 0x70,
    0x78, 0x3e, 0x79, 0x3, 0x0, 0x60,

    /* U+649E "撞" */
    0x6, 0x0, 0x30, 0x0, 0x18, 0x0, 0xc0, 0x0,
    0x63, 0xff, 0xff, 0x1, 0x8f, 0xff, 0xfc, 0x6,
    0x7, 0x83, 0x80, 0x18, 0xe, 0xe, 0x7, 0xfc,
    0x1c, 0x70, 0x1f, 0xff, 0xff, 0xfe, 0x6, 0x7f,
    0xff, 0xf8, 0x18, 0x0, 0x0, 0x0, 0x61, 0xff,
    0xfe, 0x1, 0x87, 0xff, 0xf8, 0x6, 0x5c, 0x30,
    0x60, 0x1f, 0x70, 0xc1, 0x80, 0x7d, 0xff, 0xfe,
    0x7, 0xc7, 0xff, 0xf8, 0x7e, 0x1c, 0x30, 0x61,
    0xf8, 0x70, 0xc1, 0x86, 0x61, 0xff, 0xfe, 0x1,
    0x87, 0xff, 0xf8, 0x6, 0x0, 0x30, 0x0, 0x18,
    0x7f, 0xff, 0xc0, 0x61, 0xff, 0xff, 0x1, 0x80,
    0xc, 0x0, 0x6, 0x0, 0x30, 0x0, 0x19, 0xff,
    0xff, 0xf3, 0xe7, 0xff, 0xff, 0xcf, 0x0, 0x0,
    0x0,

    /* U+654F "敏" */
    0x6, 0x0, 0xc, 0x0, 0x1c, 0x0, 0x38, 0x0,
    0x60, 0x0, 0xe0, 0x3, 0xff, 0xe3, 0x0, 0xf,
    0xff, 0x8c, 0x0, 0x70, 0x0, 0x30, 0x3, 0x80,
    0x1, 0xff, 0x9e, 0x0, 0x7, 0xfe, 0xff, 0xff,
    0x9f, 0xf9, 0xbf, 0xfe, 0xe1, 0x80, 0xc6, 0x3b,
    0x8e, 0x3, 0x18, 0xfe, 0x38, 0x1c, 0x63, 0xf8,
    0xe0, 0x71, 0x8f, 0xf3, 0x81, 0xc6, 0x35, 0xce,
    0x3f, 0xff, 0xf7, 0x30, 0xff, 0xff, 0xcd, 0xc0,
    0x63, 0x8c, 0x3f, 0x1, 0x8e, 0x30, 0xfc, 0x6,
    0x31, 0xc1, 0xe0, 0x18, 0xc7, 0x7, 0x80, 0xe3,
    0x1c, 0x1e, 0x3, 0x8c, 0x70, 0x78, 0xf, 0xff,
    0xe3, 0xf0, 0x3f, 0xff, 0x9c, 0xe0, 0xc0, 0x18,
    0xe3, 0xc0, 0x0, 0x6f, 0x7, 0x80, 0x3f, 0xb8,
    0xe, 0x0, 0xfc, 0x40, 0x10,

    /* U+6587 "文" */
    0x0, 0x6, 0x0, 0x0, 0x0, 0x30, 0x0, 0x0,
    0x1, 0x80, 0x0, 0x0, 0xc, 0x0, 0x0, 0x0,
    0x60, 0x0, 0x3f, 0xff, 0xff, 0xf1, 0xff, 0xff,
    0xff, 0x80, 0x30, 0x3, 0x80, 0x1, 0x80, 0x18,
    0x0, 0xe, 0x0, 0xc0, 0x0, 0x70, 0xe, 0x0,
    0x1, 0x80, 0x70, 0x0, 0xe, 0x3, 0x0, 0x0,
    0x70, 0x38, 0x0, 0x1, 0xc1, 0x80, 0x0, 0xe,
    0x1c, 0x0, 0x0, 0x39, 0xc0, 0x0, 0x0, 0xfe,
    0x0, 0x0, 0x7, 0xe0, 0x0, 0x0, 0x1e, 0x0,
    0x0, 0x1, 0xf8, 0x0, 0x0, 0x1e, 0xf0, 0x0,
    0x3, 0xe3, 0xe0, 0x0, 0x7c, 0xf, 0xc0, 0x1f,
    0xc0, 0x1f, 0x87, 0xf8, 0x0, 0x3f, 0xbe, 0x0,
    0x0, 0x7c, 0xc0, 0x0, 0x0, 0x40,

    /* U+65E5 "日" */
    0xff, 0xff, 0xff, 0xff, 0xfe, 0x0, 0x1f, 0x80,
    0x7, 0xe0, 0x1, 0xf8, 0x0, 0x7e, 0x0, 0x1f,
    0x80, 0x7, 0xe0, 0x1, 0xf8, 0x0, 0x7f, 0xff,
    0xff, 0xff, 0xff, 0xe0, 0x1, 0xf8, 0x0, 0x7e,
    0x0, 0x1f, 0x80, 0x7, 0xe0, 0x1, 0xf8, 0x0,
    0x7e, 0x0, 0x1f, 0x80, 0x7, 0xff, 0xff, 0xff,
    0xff, 0xfe, 0x0, 0x1f, 0x80, 0x7,

    /* U+65F6 "时" */
    0x0, 0x0, 0x6, 0x0, 0x0, 0x1, 0x80, 0x0,
    0x0, 0x60, 0x0, 0x0, 0x18, 0x0, 0x0, 0x6,
    0x3f, 0xe0, 0x1, 0x8f, 0xf8, 0x0, 0x63, 0x6,
    0x7f, 0xff, 0xc1, 0x9f, 0xff, 0xf0, 0x60, 0x1,
    0x8c, 0x18, 0x0, 0x63, 0x6, 0x0, 0x18, 0xc1,
    0x84, 0x6, 0x30, 0x67, 0x81, 0x8f, 0xf8, 0xf0,
    0x63, 0xfe, 0x1c, 0x18, 0xc1, 0x83, 0x86, 0x30,
    0x60, 0x71, 0x8c, 0x18, 0x1c, 0x63, 0x6, 0x3,
    0x18, 0xc1, 0x80, 0x86, 0x30, 0x60, 0x1, 0x8f,
    0xf8, 0x0, 0x63, 0xfe, 0x0, 0x18, 0xc1, 0x80,
    0x6, 0x30, 0x60, 0x1, 0x8c, 0x18, 0x2, 0x60,
    0x0, 0x0, 0xf8, 0x0, 0x0, 0x3c, 0x0,

    /* U+662F "是" */
    0x7, 0xff, 0xfe, 0x0, 0x7f, 0xff, 0xe0, 0x7,
    0x0, 0xe, 0x0, 0x70, 0x0, 0xe0, 0x7, 0xff,
    0xfe, 0x0, 0x7f, 0xff, 0xe0, 0x7, 0x0, 0xe,
    0x0, 0x70, 0x0, 0xe0, 0x7, 0x0, 0xe, 0x0,
    0x7f, 0xff, 0xe0, 0x7, 0xff, 0xfe, 0x0, 0x0,
    0x0, 0x0, 0x0, 0x0, 0x0, 0x7, 0xff, 0xff,
    0xfe, 0x7f, 0xff, 0xff, 0xe0, 0x0, 0x60, 0x0,
    0x7, 0x6, 0x0, 0x0, 0x70, 0x7f, 0xf8, 0x7,
    0x7, 0xff, 0x80, 0x78, 0x60, 0x0, 0xf, 0xc6,
    0x0, 0x0, 0xef, 0x60, 0x0, 0x1c, 0x7e, 0x0,
    0x3, 0x81, 0xff, 0xff, 0xf0, 0x7, 0xff, 0xe6,
    0x0, 0x0, 0x0,

    /* U+663E "显" */
    0x7, 0xff, 0xfe, 0x0, 0x7f, 0xff, 0xe0, 0x7,
    0x0, 0xe, 0x0, 0x70, 0x0, 0xe0, 0x7, 0x0,
    0xe, 0x0, 0x7f, 0xff, 0xe0, 0x7, 0xff, 0xfe,
    0x0, 0x70, 0x0, 0xe0, 0x7, 0x0, 0xe, 0x0,
    0x7f, 0xff, 0xe0, 0x7, 0xff, 0xfe, 0x0, 0x0,
    0x0, 0x0, 0x0, 0x0, 0x0, 0x0, 0x3, 0xc,
    0x0, 0x30, 0x30, 0xc0, 0xc3, 0x83, 0xc, 0x1c,
    0x1c, 0x30, 0xc3, 0x80, 0xe3, 0xc, 0x38, 0xe,
    0x30, 0xc7, 0x0, 0x73, 0xc, 0xe0, 0x7, 0x30,
    0xde, 0x0, 0x33, 0xc, 0xc0, 0x0, 0x30, 0xc0,
    0xf, 0xff, 0xff, 0xff, 0xff, 0xff, 0xff, 0xf0,

    /* U+66DD "曝" */
    0x0, 0x7f, 0xff, 0xf, 0xe7, 0xff, 0xf0, 0xfe,
    0x70, 0x3, 0xc, 0x67, 0xff, 0xf0, 0xc6, 0x7f,
    0xff, 0xc, 0x67, 0x0, 0x30, 0xc6, 0x70, 0x3,
    0xc, 0x67, 0xff, 0xf0, 0xc6, 0x7f, 0xff, 0xf,
    0xe0, 0x61, 0x80, 0xfe, 0x7f, 0xff, 0x8c, 0x67,
    0xff, 0xf8, 0xc6, 0x6, 0x18, 0xc, 0x60, 0x61,
    0x80, 0xc6, 0xff, 0xff, 0xcc, 0x6f, 0xff, 0xfc,
    0xc6, 0xe, 0xee, 0xc, 0x63, 0xce, 0xf0, 0xfe,
    0x7e, 0xef, 0xcf, 0xff, 0x7f, 0xfe, 0xc1, 0xc2,
    0xe8, 0xec, 0x0, 0x7e, 0xc0, 0x0, 0x1f, 0xff,
    0x0, 0x7, 0xce, 0x7c, 0x0, 0x30, 0xe1, 0xc0,
    0x0, 0x7c, 0x0, 0x0, 0x7, 0x80, 0x0,

    /* U+6708 "月" */
    0x1, 0xff, 0xfe, 0x3, 0xff, 0xfc, 0x7, 0x0,
    0x38, 0xe, 0x0, 0x70, 0x1c, 0x0, 0xe0, 0x38,
    0x1, 0xc0, 0x70, 0x3, 0x80, 0xff, 0xff, 0x1,
    0xff, 0xfe, 0x3, 0x80, 0x1c, 0x7, 0x0, 0x38,
    0xe, 0x0, 0x70, 0x1c, 0x0, 0xe0, 0x38, 0x1,
    0xc0, 0x70, 0x3, 0x80, 0xff, 0xff, 0x1, 0xff,
    0xfe, 0x3, 0x80, 0x1c, 0xf, 0x0, 0x38, 0x1c,
    0x0, 0x70, 0x38, 0x0, 0xe0, 0xe0, 0x1, 0xc3,
    0xc0, 0x3, 0x8f, 0x0, 0x7, 0x3c, 0x0, 0xe,
    0xf0, 0x1, 0xfd, 0xc0, 0x3, 0xf1, 0x0, 0x0,
    0x0,

    /* U+6709 "有" */
    0x0, 0x0, 0x0, 0x0, 0x0, 0xc0, 0x0, 0x0,
    0xe, 0x0, 0x0, 0x0, 0x70, 0x0, 0x0, 0x3,
    0x80, 0x0, 0x1f, 0xff, 0xff, 0xfc, 0xff, 0xff,
    0xff, 0xe0, 0xc, 0x0, 0x0, 0x0, 0xe0, 0x0,
    0x0, 0x7, 0x0, 0x0, 0x0, 0x7f, 0xff, 0xe0,
    0x7, 0xff, 0xff, 0x0, 0x3c, 0x0, 0x18, 0x3,
    0xe0, 0x0, 0xc0, 0x3b, 0x0, 0x6, 0x3, 0x9f,
    0xff, 0xf0, 0x3c, 0xff, 0xff, 0x83, 0xc6, 0x0,
    0xc, 0x3c, 0x30, 0x0, 0x60, 0x41, 0x80, 0x3,
    0x0, 0xf, 0xff, 0xf8, 0x0, 0x7f, 0xff, 0xc0,
    0x3, 0x0, 0x6, 0x0, 0x18, 0x0, 0x30, 0x0,
    0xc0, 0x1, 0x80, 0x6, 0x0, 0xc, 0x0, 0x30,
    0x0, 0xe0, 0x1, 0x80, 0x7f, 0x0, 0xc, 0x1,
    0xf0, 0x0,

    /* U+672C "本" */
    0x0, 0x3, 0x80, 0x0, 0x0, 0xe, 0x0, 0x0,
    0x0, 0x38, 0x0, 0x0, 0x0, 0xe0, 0x0, 0x0,
    0x3, 0x80, 0x0, 0xff, 0xff, 0xff, 0xc3, 0xff,
    0xff, 0xff, 0x0, 0x7, 0xfc, 0x0, 0x0, 0x1f,
    0xf0, 0x0, 0x0, 0xee, 0xc0, 0x0, 0x3, 0xbb,
    0x80, 0x0, 0x1c, 0xe6, 0x0, 0x0, 0x73, 0x9c,
    0x0, 0x3, 0x8e, 0x38, 0x0, 0x1c, 0x38, 0xe0,
    0x0, 0xf0, 0xe1, 0xc0, 0x7, 0x83, 0x83, 0x80,
    0x3c, 0xe, 0x7, 0x1, 0xef, 0xff, 0xef, 0x1f,
    0x3f, 0xff, 0x9e, 0x70, 0x3, 0x80, 0x38, 0x80,
    0xe, 0x0, 0x40, 0x0, 0x38, 0x0, 0x0, 0x0,
    0xe0, 0x0, 0x0, 0x3, 0x80, 0x0, 0x0, 0xe,
    0x0, 0x0, 0x0, 0x38, 0x0, 0x0, 0x0, 0xe0,
    0x0,

    /* U+6821 "校" */
    0x3, 0x80, 0x18, 0x0, 0xe, 0x0, 0x60, 0x0,
    0x38, 0x1, 0x80, 0x0, 0xe0, 0x6, 0x0, 0x3,
    0x8f, 0xff, 0xf0, 0xe, 0x3f, 0xff, 0xc3, 0xff,
    0x4, 0x0, 0xf, 0xfc, 0x18, 0xe0, 0x3, 0x80,
    0xe3, 0xc0, 0xe, 0x7, 0x7, 0x80, 0x38, 0x78,
    0x7, 0x1, 0xf3, 0xd0, 0x9e, 0x7, 0xef, 0xc3,
    0xb8, 0x3f, 0xc3, 0xe, 0x0, 0xfb, 0xc, 0x30,
    0x7, 0xee, 0x39, 0xc0, 0x1b, 0x98, 0x67, 0x0,
    0xee, 0x1, 0xd8, 0x7, 0x38, 0x3, 0xe0, 0x18,
    0xe0, 0xf, 0x0, 0x23, 0x80, 0x1c, 0x0, 0xe,
    0x0, 0xf0, 0x0, 0x38, 0x7, 0xe0, 0x0, 0xe0,
    0x39, 0xe0, 0x3, 0x83, 0xc3, 0xc0, 0xe, 0x3e,
    0x7, 0xc0, 0x39, 0xe0, 0x7, 0x80, 0xe3, 0x0,
    0x4,

    /* U+683C "格" */
    0x7, 0x0, 0xc0, 0x0, 0x38, 0xe, 0x0, 0x1,
    0xc0, 0x70, 0x0, 0xe, 0x3, 0xff, 0x80, 0x70,
    0x3f, 0xf8, 0x3, 0x81, 0xc1, 0xc1, 0xff, 0x9f,
    0xc, 0xf, 0xfd, 0xdc, 0xe0, 0x7, 0x1e, 0xee,
    0x0, 0x39, 0xe3, 0xe0, 0x1, 0xf2, 0xe, 0x0,
    0x1f, 0xc1, 0xf8, 0x0, 0xf7, 0x1e, 0xf0, 0x7,
    0x9b, 0xe3, 0xe0, 0x7c, 0x7c, 0x7, 0xc3, 0xef,
    0x80, 0x1f, 0x3f, 0x33, 0xff, 0x93, 0xb8, 0x1f,
    0xfc, 0x1d, 0xc0, 0xc0, 0x61, 0xce, 0x6, 0x3,
    0x4, 0x70, 0x30, 0x18, 0x3, 0x81, 0x80, 0xc0,
    0x1c, 0xc, 0x6, 0x0, 0xe0, 0x60, 0x30, 0x7,
    0x3, 0xff, 0x80, 0x38, 0x1f, 0xfc, 0x1, 0xc0,
    0xc0, 0x60, 0xe, 0x6, 0x3, 0x0,

    /* U+6A21 "模" */
    0x7, 0x3, 0x3, 0x0, 0x38, 0x18, 0x18, 0x1,
    0xc0, 0xc0, 0xc0, 0xe, 0x7f, 0xff, 0xe0, 0x73,
    0xff, 0xff, 0x3, 0x81, 0x81, 0x81, 0xff, 0x8c,
    0xc, 0xf, 0xfc, 0x0, 0x0, 0x7, 0xf, 0xff,
    0xc0, 0x38, 0x7f, 0xfe, 0x1, 0xc3, 0x0, 0x30,
    0x1e, 0x18, 0x1, 0x80, 0xf8, 0xff, 0xfc, 0x7,
    0xe7, 0xff, 0xe0, 0x7f, 0xb0, 0x3, 0x3, 0xed,
    0xff, 0xf8, 0x3f, 0x4f, 0xff, 0xc1, 0xb8, 0x1,
    0x80, 0x1d, 0xc0, 0x1c, 0x1, 0xce, 0x0, 0xe0,
    0xe, 0x73, 0xff, 0xff, 0x3, 0x9f, 0xff, 0xf8,
    0x1c, 0x3, 0xf0, 0x0, 0xe0, 0x39, 0xc0, 0x7,
    0x7, 0x87, 0x80, 0x38, 0xf8, 0x1f, 0x1, 0xdf,
    0x0, 0x7e, 0xe, 0x60, 0x0, 0x60,

    /* U+6B63 "正" */
    0x7f, 0xff, 0xff, 0x9f, 0xff, 0xff, 0xe0, 0x0,
    0xe0, 0x0, 0x0, 0x38, 0x0, 0x0, 0xe, 0x0,
    0x0, 0x3, 0x80, 0x0, 0x0, 0xe0, 0x0, 0x0,
    0x38, 0x0, 0xc, 0xe, 0x0, 0x3, 0x3, 0x80,
    0x0, 0xc0, 0xff, 0xf0, 0x30, 0x3f, 0xfc, 0xc,
    0xe, 0x0, 0x3, 0x3, 0x80, 0x0, 0xc0, 0xe0,
    0x0, 0x30, 0x38, 0x0, 0xc, 0xe, 0x0, 0x3,
    0x3, 0x80, 0x0, 0xc0, 0xe0, 0x0, 0x30, 0x38,
    0x0, 0xc, 0xe, 0x0, 0x3, 0x3, 0x80, 0xf,
    0xff, 0xff, 0xff, 0xff, 0xff, 0xff,

    /* U+6C34 "水" */
    0x0, 0x7, 0x0, 0x0, 0x0, 0x38, 0x0, 0x0,
    0x1, 0xc0, 0x0, 0x0, 0xe, 0x0, 0x0, 0x0,
    0x70, 0x0, 0x0, 0x3, 0x80, 0x0, 0x0, 0x1c,
    0x3, 0x7, 0xfe, 0xf0, 0x38, 0x3f, 0xf7, 0x83,
    0x80, 0x3, 0x3e, 0x38, 0x0, 0x19, 0xf7, 0x80,
    0x1, 0xcf, 0xf8, 0x0, 0xe, 0x77, 0x80, 0x0,
    0x63, 0xb8, 0x0, 0x7, 0x1c, 0xe0, 0x0, 0x38,
    0xe7, 0x0, 0x3, 0x87, 0x1c, 0x0, 0x3c, 0x38,
    0x70, 0x3, 0xc1, 0xc3, 0xc0, 0x3c, 0xe, 0xf,
    0x3, 0xc0, 0x70, 0x3e, 0x3c, 0x3, 0x80, 0xfb,
    0xc0, 0x1c, 0x1, 0xec, 0x0, 0xe0, 0x6, 0x0,
    0x7, 0x0, 0x0, 0x0, 0x38, 0x0, 0x0, 0x1f,
    0xc0, 0x0, 0x0, 0xfc, 0x0, 0x0,

    /* U+6D88 "消" */
    0x0, 0x0, 0x60, 0x2, 0x0, 0xc, 0x8, 0xf1,
    0xc1, 0x81, 0x8f, 0x3c, 0x30, 0x70, 0xf3, 0x86,
    0x1c, 0x7, 0x38, 0xc7, 0x0, 0xc3, 0x99, 0xe0,
    0x0, 0x23, 0x38, 0x0, 0x0, 0x60, 0x1e, 0x7,
    0xff, 0xf9, 0xe0, 0xff, 0xff, 0xe, 0x18, 0x0,
    0x60, 0xe3, 0x0, 0xc, 0xc, 0x60, 0x1, 0x81,
    0xc, 0x0, 0x30, 0x1, 0xff, 0xfe, 0x0, 0x3f,
    0xff, 0xc0, 0x66, 0x0, 0x18, 0xc, 0xc0, 0x3,
    0x3, 0x98, 0x0, 0x60, 0x63, 0xff, 0xfc, 0x1c,
    0x7f, 0xff, 0x83, 0x8c, 0x0, 0x30, 0xe1, 0x80,
    0x6, 0x1c, 0x30, 0x0, 0xc7, 0x6, 0x0, 0x18,
    0xc0, 0xc0, 0x3, 0x38, 0x18, 0xf, 0xe2, 0x3,
    0x1, 0xf8,

    /* U+6E90 "源" */
    0x30, 0xff, 0xff, 0xe3, 0x8f, 0xff, 0xfe, 0x1c,
    0xc0, 0x70, 0x0, 0xec, 0x7, 0x0, 0x6, 0xc0,
    0x60, 0x0, 0x4c, 0xff, 0xf8, 0x40, 0xcf, 0xff,
    0x8f, 0xc, 0xc0, 0x18, 0x78, 0xcc, 0x1, 0x83,
    0x8c, 0xff, 0xf8, 0x1c, 0xcf, 0xff, 0x80, 0xc,
    0xc0, 0x18, 0x0, 0xcc, 0x1, 0x80, 0xc, 0xc0,
    0x18, 0xc, 0xcf, 0xff, 0x80, 0xcc, 0xff, 0xf8,
    0xc, 0xc0, 0x70, 0x0, 0xcc, 0x77, 0x30, 0x1c,
    0xc7, 0x73, 0x81, 0x9c, 0xe7, 0x1c, 0x39, 0x8c,
    0x70, 0xc3, 0x99, 0xc7, 0xe, 0x73, 0xb8, 0x70,
    0x67, 0x3b, 0x7, 0x6, 0xe7, 0x0, 0x70, 0x4c,
    0x70, 0x3f, 0x0, 0x2, 0x3, 0xe0, 0x0,

    /* U+7075 "灵" */
    0xf, 0xff, 0xfe, 0x0, 0xff, 0xff, 0xe0, 0x0,
    0x0, 0x6, 0x0, 0x0, 0x0, 0x60, 0x0, 0x0,
    0x6, 0x0, 0x7f, 0xff, 0xe0, 0x7, 0xff, 0xfe,
    0x0, 0x0, 0x0, 0x60, 0x0, 0x0, 0x6, 0x0,
    0x0, 0x0, 0x60, 0xf, 0xff, 0xfe, 0x0, 0xff,
    0xff, 0xe0, 0x0, 0x0, 0x0, 0x0, 0x0, 0x30,
    0x0, 0x1, 0x87, 0x1, 0x80, 0x38, 0x70, 0x18,
    0x3, 0x7, 0x3, 0x80, 0x70, 0x78, 0x70, 0xe,
    0xf, 0x87, 0x1, 0xe1, 0xfc, 0xe0, 0xc, 0x1c,
    0xe0, 0x0, 0x7, 0x87, 0x80, 0x0, 0xf0, 0x3c,
    0x0, 0x3e, 0x1, 0xf0, 0x3f, 0xc0, 0xf, 0xc7,
    0xf0, 0x0, 0x3e, 0x78, 0x0, 0x0, 0xe0,

    /* U+7184 "熄" */
    0x3, 0x80, 0xc, 0x0, 0xe, 0x0, 0x70, 0x0,
    0x38, 0x3, 0x80, 0x0, 0xe1, 0xff, 0xf8, 0x3,
    0x87, 0xff, 0xe0, 0xe, 0x18, 0x1, 0x81, 0xb9,
    0x60, 0x6, 0x6, 0xef, 0xff, 0xf8, 0x1b, 0xf7,
    0xff, 0xe0, 0x6f, 0xd8, 0x1, 0x83, 0xbe, 0x60,
    0x6, 0xc, 0xf1, 0xff, 0xf8, 0x73, 0x87, 0xff,
    0xe1, 0x8e, 0x18, 0x1, 0x80, 0x38, 0x60, 0x6,
    0x0, 0xc1, 0xff, 0xf8, 0x3, 0x7, 0xff, 0xe0,
    0xc, 0x0, 0x0, 0x0, 0x7c, 0x7, 0x0, 0x1,
    0xfa, 0x6e, 0x18, 0x7, 0xfd, 0x9c, 0xf0, 0x19,
    0xf6, 0x71, 0xc0, 0xe3, 0xd8, 0xfb, 0x83, 0x8e,
    0x62, 0x77, 0x1c, 0x71, 0x81, 0x9c, 0xe3, 0xc6,
    0x6, 0x37, 0x86, 0x1f, 0xf8, 0x9c, 0x0, 0x3f,
    0xc0, 0x20, 0x0, 0x0, 0x0,

    /* U+7248 "版" */
    0x0, 0xc0, 0x0, 0x0, 0x3, 0xf, 0xff, 0xc1,
    0x8c, 0x3f, 0xff, 0x6, 0x30, 0xc0, 0x0, 0x18,
    0xc3, 0x0, 0x0, 0x63, 0xc, 0x0, 0x1, 0x8c,
    0x30, 0x0, 0x6, 0x30, 0xc0, 0x0, 0x1f, 0xfb,
    0x0, 0x0, 0x7f, 0xef, 0xff, 0xc1, 0x80, 0x3f,
    0xff, 0x6, 0x0, 0xcc, 0x18, 0x18, 0x3, 0x30,
    0x60, 0x60, 0xc, 0xe3, 0x81, 0xfc, 0x33, 0x8e,
    0x7, 0xf0, 0xc6, 0x30, 0x18, 0xc3, 0x1d, 0xc0,
    0x63, 0xc, 0x77, 0x1, 0x8c, 0x60, 0xf8, 0x6,
    0x31, 0x83, 0xc0, 0x18, 0xc6, 0x7, 0x0, 0xe3,
    0x38, 0x3e, 0x3, 0xd, 0xc1, 0xfc, 0xc, 0x37,
    0x1e, 0x78, 0x70, 0xf8, 0xf0, 0xf1, 0xc1, 0xcf,
    0x81, 0xfe, 0x6, 0x3c, 0x3, 0x88, 0x8, 0x40,
    0x0,

    /* U+7387 "率" */
    0x0, 0xe, 0x0, 0x0, 0x1, 0xc0, 0x0, 0x0,
    0x38, 0x0, 0x3f, 0xff, 0xff, 0xe7, 0xff, 0xff,
    0xfc, 0x0, 0x1c, 0x1, 0xc, 0x7, 0x20, 0x73,
    0xc1, 0xc7, 0x1e, 0x3c, 0xb1, 0xcf, 0x81, 0xde,
    0x73, 0xc0, 0x1b, 0xfe, 0x30, 0x2, 0x1f, 0x80,
    0x0, 0x0, 0xe4, 0x0, 0xe, 0x19, 0x9c, 0x3,
    0xc7, 0x3f, 0xe1, 0xf1, 0xc7, 0x3e, 0xf8, 0xff,
    0xe1, 0xec, 0x1f, 0xee, 0x8, 0x0, 0x39, 0x80,
    0x0, 0x7, 0x0, 0xf, 0xff, 0xff, 0xff, 0xff,
    0xff, 0xff, 0xc0, 0x3, 0x80, 0x0, 0x0, 0x70,
    0x0, 0x0, 0xe, 0x0, 0x0, 0x1, 0xc0, 0x0,
    0x0, 0x38, 0x0, 0x0, 0x7, 0x0, 0x0, 0x0,
    0xe0, 0x0,

    /* U+73AF "环" */
    0x0, 0x1f, 0xff, 0xf3, 0xfe, 0xff, 0xff, 0x9f,
    0xf0, 0xc, 0x0, 0x1c, 0x0, 0xe0, 0x0, 0xe0,
    0x7, 0x0, 0x7, 0x0, 0x30, 0x0, 0x38, 0x1,
    0x80, 0x1, 0xc0, 0x1c, 0x0, 0x7f, 0x80, 0xe0,
    0x3, 0xfc, 0xf, 0xb0, 0x3, 0x80, 0x6c, 0xc0,
    0x1c, 0x7, 0x63, 0x0, 0xe0, 0x3b, 0xc, 0x7,
    0x3, 0x98, 0x70, 0x38, 0x38, 0xc1, 0xc1, 0xdb,
    0xc6, 0x6, 0xf, 0xfc, 0x30, 0x38, 0x7f, 0xc1,
    0x80, 0x8f, 0xc4, 0xc, 0x1, 0xf8, 0x0, 0x60,
    0x6, 0x0, 0x3, 0x0, 0x0, 0x0, 0x18, 0x0,
    0x0, 0x0, 0xc0, 0x0, 0x0, 0x6, 0x0, 0x0,
    0x0, 0x30, 0x0, 0x0, 0x1, 0x80, 0x0,

    /* U+751F "生" */
    0x0, 0x7, 0x0, 0x0, 0x0, 0x70, 0x0, 0x2,
    0x7, 0x0, 0x0, 0x38, 0x70, 0x0, 0x3, 0x7,
    0x0, 0x0, 0x30, 0x70, 0x0, 0x7, 0x7, 0x0,
    0x0, 0x7f, 0xff, 0xfc, 0x7, 0xff, 0xff, 0xc0,
    0xe0, 0x70, 0x0, 0x1c, 0x7, 0x0, 0x1, 0xc0,
    0x70, 0x0, 0x38, 0x7, 0x0, 0x7, 0x0, 0x70,
    0x0, 0x70, 0x7, 0x0, 0x0, 0x7f, 0xff, 0xf0,
    0x7, 0xff, 0xff, 0x0, 0x0, 0x70, 0x0, 0x0,
    0x7, 0x0, 0x0, 0x0, 0x70, 0x0, 0x0, 0x7,
    0x0, 0x0, 0x0, 0x70, 0x0, 0x0, 0x7, 0x0,
    0x0, 0x0, 0x70, 0x0, 0x3f, 0xff, 0xff, 0xf3,
    0xff, 0xff, 0xff,

    /* U+7528 "用" */
    0xf, 0xff, 0xff, 0x87, 0xff, 0xff, 0xc3, 0x1,
    0x80, 0xe1, 0x80, 0xc0, 0x70, 0xc0, 0x60, 0x38,
    0x60, 0x30, 0x1c, 0x30, 0x18, 0xe, 0x1f, 0xff,
    0xff, 0xf, 0xff, 0xff, 0x86, 0x3, 0x1, 0xc3,
    0x1, 0x80, 0xe1, 0x80, 0xc0, 0x70, 0xc0, 0x60,
    0x38, 0x60, 0x30, 0x1c, 0x3f, 0xff, 0xfe, 0x1f,
    0xff, 0xff, 0xc, 0x6, 0x3, 0x86, 0x3, 0x1,
    0xc7, 0x1, 0x80, 0xe3, 0x0, 0xc0, 0x71, 0x80,
    0x60, 0x39, 0xc0, 0x30, 0x1c, 0xe0, 0x18, 0xe,
    0xe0, 0xc, 0x7, 0x70, 0x6, 0x3, 0xf0, 0x0,
    0x1f, 0xf0, 0x0, 0x7, 0xc0,

    /* U+7535 "电" */
    0x0, 0x30, 0x0, 0x0, 0x18, 0x0, 0x0, 0xc,
    0x0, 0x0, 0x6, 0x0, 0x0, 0x3, 0x0, 0x7,
    0xff, 0xff, 0xc3, 0xff, 0xff, 0xe1, 0x80, 0x60,
    0x30, 0xc0, 0x30, 0x18, 0x60, 0x18, 0xc, 0x30,
    0xc, 0x6, 0x1f, 0xff, 0xff, 0xf, 0xff, 0xff,
    0x86, 0x1, 0x80, 0xc3, 0x0, 0xc0, 0x61, 0x80,
    0x60, 0x30, 0xc0, 0x30, 0x18, 0x60, 0x18, 0xc,
    0x3f, 0xff, 0xfe, 0x1f, 0xff, 0xff, 0x0, 0x3,
    0x0, 0x10, 0x1, 0x80, 0xc, 0x0, 0xc0, 0x6,
    0x0, 0x60, 0x3, 0x0, 0x30, 0x1, 0x80, 0x1f,
    0xff, 0x80, 0x7, 0xff, 0xc0,

    /* U+76D1 "监" */
    0x0, 0xe0, 0x60, 0x1, 0x87, 0x3, 0x80, 0xc,
    0x38, 0x18, 0x0, 0x61, 0xc0, 0xc0, 0x3, 0xe,
    0xf, 0xff, 0x18, 0x70, 0x7f, 0xf8, 0xc3, 0x83,
    0x0, 0x6, 0x1c, 0x38, 0x0, 0x30, 0xe1, 0x88,
    0x1, 0x87, 0x1c, 0xf0, 0xc, 0x39, 0xc3, 0xc0,
    0x61, 0xde, 0x7, 0x3, 0xf, 0xe0, 0x1c, 0x18,
    0x72, 0x0, 0x40, 0x3, 0x80, 0x0, 0x0, 0x0,
    0x0, 0x0, 0xf, 0xff, 0xff, 0x80, 0x7f, 0xff,
    0xfc, 0x3, 0xe, 0x38, 0xe0, 0x18, 0x71, 0xc7,
    0x0, 0xc3, 0x8e, 0x38, 0x6, 0x1c, 0x71, 0xc0,
    0x30, 0xe3, 0x8e, 0x1, 0x87, 0x1c, 0x70, 0xc,
    0x38, 0xe3, 0x87, 0xff, 0xff, 0xff, 0xff, 0xff,
    0xff, 0xfe,

    /* U+7801 "码" */
    0x0, 0x7, 0xff, 0xc7, 0xff, 0x7f, 0xfc, 0x7f,
    0xf0, 0x1, 0xc0, 0x70, 0x18, 0x1c, 0x6, 0x1,
    0x81, 0xc0, 0x60, 0x38, 0x1c, 0x6, 0x3, 0x81,
    0xc0, 0xe0, 0x38, 0x18, 0xc, 0x3, 0x3, 0x81,
    0xfe, 0x30, 0x38, 0x1f, 0xe7, 0x3, 0x83, 0xc6,
    0x7f, 0xff, 0x7c, 0x67, 0xff, 0xff, 0xc6, 0x0,
    0x3, 0x7c, 0x60, 0x0, 0x31, 0xc6, 0x0, 0x3,
    0x1c, 0x60, 0x0, 0x31, 0xc6, 0x7f, 0xf3, 0x1c,
    0x67, 0xff, 0x31, 0xfe, 0x0, 0x3, 0x1f, 0xe0,
    0x0, 0x71, 0xc6, 0x0, 0x7, 0x1c, 0x60, 0x0,
    0x61, 0xc6, 0x0, 0x86, 0x0, 0x0, 0xf, 0xe0,
    0x0, 0x0, 0xfc,

    /* U+786E "确" */
    0x0, 0x0, 0x80, 0x0, 0x0, 0x38, 0x0, 0x0,
    0xe, 0x0, 0x7f, 0xf1, 0xff, 0x8f, 0xfe, 0x7f,
    0xf0, 0x38, 0x1c, 0x1c, 0x7, 0x7, 0x7, 0x0,
    0xc1, 0xe0, 0xe0, 0x18, 0x7f, 0xff, 0xe3, 0x1f,
    0xff, 0xfc, 0xff, 0x60, 0xc1, 0x9f, 0xcc, 0x18,
    0x37, 0xb9, 0x83, 0x6, 0xf7, 0x3f, 0xff, 0xfe,
    0xe7, 0xff, 0xff, 0xdc, 0xc1, 0x83, 0xfb, 0x98,
    0x30, 0x67, 0x77, 0x6, 0xc, 0xee, 0xe0, 0xc1,
    0x9d, 0xdc, 0x18, 0x33, 0xbb, 0xff, 0xfe, 0x7f,
    0x7f, 0xff, 0xcf, 0xfc, 0x0, 0x19, 0xdf, 0x80,
    0x3, 0x38, 0xe0, 0x0, 0x60, 0x1c, 0x0, 0xc,
    0x7, 0x0, 0x1, 0x81, 0xe0, 0x3, 0xf0, 0x18,
    0x0, 0x7c,

    /* U+78B0 "碰" */
    0x0, 0x0, 0x0, 0x0, 0x0, 0x38, 0x3, 0x80,
    0x0, 0x70, 0xc, 0x1f, 0xf8, 0xe0, 0x70, 0x7f,
    0xe3, 0x83, 0xc0, 0x70, 0x7, 0x1e, 0x1, 0xc0,
    0x18, 0x70, 0x7, 0xf, 0xff, 0xfe, 0x1c, 0x3f,
    0xff, 0xf8, 0x70, 0x3, 0x38, 0x1, 0x80, 0xc,
    0xe0, 0xf, 0xf2, 0x33, 0x80, 0x3f, 0xd8, 0xce,
    0x30, 0xe3, 0x73, 0x38, 0xc7, 0x8c, 0xcc, 0xe7,
    0x3e, 0x33, 0xb3, 0x9c, 0x58, 0xce, 0xce, 0x60,
    0x63, 0x1b, 0x39, 0x81, 0x8c, 0x6c, 0xee, 0x6,
    0x31, 0xf3, 0xb8, 0x18, 0xc7, 0xcf, 0xc0, 0x63,
    0x1b, 0x3b, 0x1, 0xfc, 0xc, 0xe0, 0x7, 0xf0,
    0x33, 0x80, 0x18, 0xc0, 0xce, 0x0, 0x60, 0x3,
    0x38, 0x0, 0x7, 0xff, 0xff, 0xc0, 0x1f, 0xff,
    0xff,

    /* U+793A "示" */
    0x1f, 0xff, 0xfe, 0x3, 0xff, 0xff, 0xc0, 0x0,
    0x0, 0x0, 0x0, 0x0, 0x0, 0x0, 0x0, 0x0,
    0x0, 0x0, 0x0, 0x0, 0x0, 0x0, 0x0, 0x3,
    0xff, 0xff, 0xfc, 0x7f, 0xff, 0xff, 0x80, 0x1,
    0x80, 0x0, 0x0, 0x30, 0x0, 0x1, 0x6, 0x10,
    0x0, 0x38, 0xc7, 0x0, 0xe, 0x18, 0x70, 0x1,
    0xc3, 0x7, 0x0, 0x70, 0x60, 0x70, 0xc, 0xc,
    0x7, 0x3, 0x81, 0x80, 0xf0, 0xe0, 0x30, 0xe,
    0x38, 0x6, 0x0, 0xee, 0x0, 0xc0, 0x1d, 0x80,
    0x18, 0x1, 0x80, 0x3, 0x0, 0x0, 0x0, 0x60,
    0x0, 0x1, 0xfc, 0x0, 0x0, 0x1f, 0x0, 0x0,

    /* U+79D1 "科" */
    0x0, 0x38, 0x1, 0x80, 0x1f, 0xc0, 0xc, 0xf,
    0xf0, 0xe0, 0x60, 0x7f, 0x7, 0x83, 0x0, 0x18,
    0xe, 0x18, 0x0, 0xc0, 0x38, 0xc0, 0x6, 0x0,
    0xe6, 0x0, 0x30, 0x3, 0x30, 0x3f, 0xfc, 0x1,
    0x81, 0xff, 0xe0, 0xc, 0x0, 0x60, 0xe0, 0x60,
    0x7, 0x7, 0x83, 0x0, 0x3e, 0xe, 0x18, 0x3,
    0xf8, 0x38, 0xc0, 0x1e, 0xe0, 0xe6, 0x1, 0xf3,
    0x82, 0x31, 0x1d, 0x8e, 0x1, 0xf8, 0xec, 0x60,
    0xff, 0xce, 0x60, 0x7f, 0xe0, 0xe3, 0xf, 0xfb,
    0x6, 0x18, 0x78, 0x18, 0x0, 0xc0, 0x0, 0xc0,
    0x6, 0x0, 0x6, 0x0, 0x30, 0x0, 0x30, 0x1,
    0x80, 0x1, 0x80, 0xc, 0x0, 0xc, 0x0, 0x60,
    0x0, 0x60, 0x3, 0x0, 0x3, 0x0,

    /* U+79D2 "秒" */
    0x0, 0x20, 0x18, 0x0, 0xf, 0x80, 0xc0, 0x1f,
    0xf8, 0x6, 0x0, 0xfe, 0x0, 0x30, 0x0, 0x30,
    0x19, 0x98, 0x1, 0x80, 0xcd, 0xe0, 0xc, 0x6,
    0x67, 0x0, 0x60, 0x73, 0x1c, 0x7f, 0xf3, 0x18,
    0x73, 0xff, 0xb8, 0xc3, 0x80, 0xc1, 0x86, 0xe,
    0xe, 0x1c, 0x30, 0x70, 0x75, 0xc1, 0x81, 0x3,
    0xf0, 0xc, 0x60, 0x3d, 0xc0, 0x63, 0x3, 0xe7,
    0x3, 0x38, 0x1f, 0x39, 0xf9, 0xc1, 0xd8, 0xcf,
    0x9c, 0x1c, 0xc4, 0x0, 0xc1, 0xc6, 0x0, 0xe,
    0x4, 0x30, 0x0, 0xe0, 0x1, 0x80, 0xe, 0x0,
    0xc, 0x1, 0xe0, 0x0, 0x60, 0x1e, 0x0, 0x3,
    0x3, 0xe0, 0x0, 0x19, 0xfe, 0x0, 0x0, 0xcf,
    0x80, 0x0, 0x6, 0x30, 0x0, 0x0,

    /* U+79F0 "称" */
    0x0, 0x30, 0x40, 0x0, 0x3, 0xe1, 0x80, 0x0,
    0xfe, 0xe, 0x0, 0x3f, 0xe0, 0x38, 0x0, 0x7f,
    0x80, 0xc0, 0x0, 0xe, 0x7, 0x0, 0x0, 0x38,
    0x1f, 0xff, 0x80, 0xe0, 0x7f, 0xfe, 0x7f, 0xfb,
    0x80, 0x1, 0xff, 0xec, 0x30, 0x0, 0x38, 0x70,
    0xc0, 0x1, 0xf3, 0x83, 0x0, 0x7, 0xce, 0xc,
    0x0, 0x3f, 0x80, 0x30, 0x0, 0xff, 0x8, 0xc8,
    0x7, 0xee, 0x33, 0x70, 0x1f, 0x99, 0xcc, 0xe0,
    0xee, 0x46, 0x31, 0x87, 0xb8, 0x38, 0xc7, 0x1c,
    0xe1, 0xc3, 0xc, 0xe3, 0x8f, 0xc, 0x39, 0x8e,
    0x78, 0x30, 0x60, 0x3b, 0xc0, 0xc1, 0xc0, 0xe6,
    0x3, 0x6, 0x3, 0x80, 0xc, 0x0, 0xe, 0x0,
    0x30, 0x0, 0x38, 0xf, 0xc0, 0x0, 0xe0, 0x1e,
    0x0,

    /* U+7A0D "稍" */
    0x0, 0x0, 0x18, 0x0, 0x6, 0x11, 0x88, 0x0,
    0xf1, 0xdb, 0xc0, 0x7e, 0x19, 0x9e, 0x7f, 0x83,
    0x98, 0xe7, 0xf0, 0x71, 0x87, 0x3, 0xf, 0x18,
    0x70, 0x30, 0xe1, 0x82, 0x7f, 0xf0, 0x18, 0x7,
    0xff, 0x7f, 0xfe, 0x7, 0x7, 0xff, 0xe0, 0x70,
    0x60, 0x6, 0x7, 0x6, 0x0, 0x60, 0xfc, 0x60,
    0x6, 0xf, 0xc6, 0x0, 0x61, 0xfe, 0x7f, 0xfe,
    0x1f, 0x77, 0xff, 0xe3, 0xb3, 0x60, 0x6, 0x73,
    0x36, 0x0, 0x6e, 0x30, 0x60, 0x6, 0xc3, 0x7,
    0xff, 0xe0, 0x30, 0x7f, 0xfe, 0x3, 0x6, 0x0,
    0x60, 0x30, 0x60, 0x6, 0x3, 0x6, 0x0, 0x60,
    0x30, 0x60, 0x6, 0x3, 0x6, 0x0, 0x60, 0x30,
    0x60, 0x7e, 0x3, 0x6, 0x7, 0xc0,

    /* U+7B80 "简" */
    0x4, 0x0, 0x0, 0x0, 0x60, 0x3, 0x0, 0x6,
    0x0, 0x60, 0x0, 0xff, 0xe7, 0xff, 0xf, 0xfe,
    0xff, 0xf1, 0xdc, 0x1c, 0xe0, 0x18, 0xe3, 0xc7,
    0x3, 0x6, 0x78, 0x38, 0x76, 0x21, 0x0, 0xe,
    0x70, 0xff, 0xfc, 0x43, 0x8f, 0xff, 0xc1, 0x9c,
    0x0, 0xc, 0x19, 0x0, 0x0, 0xc1, 0x87, 0xfe,
    0xc, 0x18, 0x7f, 0xe0, 0xc1, 0x86, 0x6, 0xc,
    0x18, 0x60, 0x60, 0xc1, 0x86, 0x6, 0xc, 0x18,
    0x7f, 0xe0, 0xc1, 0x87, 0xfe, 0xc, 0x18, 0x60,
    0x60, 0xc1, 0x86, 0x6, 0xc, 0x18, 0x7f, 0xe0,
    0xc1, 0x87, 0xfe, 0xc, 0x18, 0x60, 0x0, 0xc1,
    0x80, 0x0, 0xc, 0x18, 0x0, 0x0, 0xc1, 0x80,
    0x0, 0xfc, 0x18, 0x0, 0x7, 0x80,

    /* U+7CFB "系" */
    0x0, 0x0, 0x0, 0x80, 0x0, 0x0, 0x7e, 0x0,
    0x1, 0xff, 0xe0, 0x7f, 0xff, 0xf0, 0x3, 0xff,
    0xe0, 0x0, 0x0, 0xf, 0x6, 0x0, 0x0, 0xf0,
    0x78, 0x0, 0x8f, 0x7, 0x80, 0x7, 0xe0, 0x78,
    0x0, 0x7e, 0x7, 0x80, 0x0, 0xfc, 0x78, 0x0,
    0x1, 0xff, 0x0, 0x0, 0x3, 0xf0, 0xc0, 0x0,
    0xf, 0xf, 0x0, 0x1, 0xe0, 0x3c, 0x0, 0x1e,
    0x0, 0x70, 0x1f, 0xff, 0xff, 0xc0, 0xff, 0xff,
    0xff, 0x0, 0x1, 0xc0, 0x3c, 0x1, 0xe, 0x10,
    0xc0, 0x1c, 0x71, 0xe0, 0x1, 0xe3, 0x8f, 0x80,
    0x1e, 0x1c, 0x1f, 0x1, 0xe0, 0xe0, 0x3c, 0x3e,
    0x7, 0x0, 0xf7, 0xc0, 0x38, 0x3, 0xd8, 0x1,
    0xc0, 0xc, 0x0, 0xe, 0x0, 0x0, 0x0, 0x70,
    0x0, 0x0,

    /* U+7EDF "统" */
    0x0, 0x1, 0x80, 0x0, 0x60, 0x3c, 0x0, 0x6,
    0x0, 0xf0, 0x0, 0xe0, 0x7, 0x0, 0xc, 0x3f,
    0xff, 0xe0, 0xc3, 0xff, 0xfe, 0x18, 0x0, 0xe0,
    0x1, 0x8c, 0x1c, 0x0, 0x30, 0xc3, 0x86, 0x3,
    0x1c, 0x70, 0x70, 0x63, 0x8e, 0x3, 0x87, 0xfb,
    0xc3, 0xfc, 0xff, 0x3f, 0xff, 0xc7, 0x73, 0xff,
    0xfe, 0x4e, 0x1e, 0x0, 0x71, 0xe0, 0x0, 0x6,
    0x1c, 0x0, 0x0, 0x3, 0x86, 0x39, 0xc0, 0x77,
    0xe3, 0x1c, 0xf, 0xfc, 0x31, 0xc0, 0x7c, 0x3,
    0x1c, 0x4, 0x0, 0x31, 0xc0, 0x0, 0x33, 0x1c,
    0x30, 0x1f, 0x71, 0xc3, 0x1f, 0xee, 0x1c, 0x3f,
    0xf1, 0xe1, 0xc7, 0x78, 0x3c, 0xf, 0xe4, 0xf,
    0x80, 0xfc, 0x0, 0x60, 0x0, 0x0,

    /* U+7F6E "置" */
    0x7f, 0xff, 0xff, 0xf, 0xff, 0xff, 0xe1, 0xc3,
    0x87, 0xc, 0x38, 0x70, 0xe1, 0x87, 0xff, 0xff,
    0xf0, 0xff, 0xff, 0xfe, 0x0, 0x1, 0x80, 0x0,
    0x0, 0x30, 0x0, 0xff, 0xff, 0xff, 0xdf, 0xff,
    0xff, 0xf8, 0x0, 0x18, 0x0, 0x0, 0x3, 0x0,
    0xe, 0x3f, 0xff, 0xe1, 0xc7, 0xff, 0xfc, 0x38,
    0xe0, 0x3, 0x87, 0x1f, 0xff, 0xf0, 0xe3, 0xff,
    0xfe, 0x1c, 0x70, 0x1, 0xc3, 0x8f, 0xff, 0xf8,
    0x71, 0xff, 0xff, 0xe, 0x38, 0x0, 0xe1, 0xc7,
    0xff, 0xfc, 0x38, 0xff, 0xff, 0x87, 0x0, 0x0,
    0x0, 0xe0, 0x0, 0x0, 0x1f, 0xff, 0xff, 0xff,
    0xff, 0xff, 0xff, 0xf0, 0x0, 0x0, 0x0,

    /* U+81EA "自" */
    0x0, 0x30, 0x0, 0x3, 0x80, 0x0, 0x70, 0x0,
    0x7, 0x0, 0x0, 0xe0, 0xf, 0xff, 0xff, 0xff,
    0xff, 0xfe, 0x0, 0x7, 0xe0, 0x0, 0x7e, 0x0,
    0x7, 0xe0, 0x0, 0x7f, 0xff, 0xff, 0xff, 0xff,
    0xfe, 0x0, 0x7, 0xe0, 0x0, 0x7e, 0x0, 0x7,
    0xe0, 0x0, 0x7e, 0x0, 0x7, 0xff, 0xff, 0xff,
    0xff, 0xff, 0xe0, 0x0, 0x7e, 0x0, 0x7, 0xe0,
    0x0, 0x7e, 0x0, 0x7, 0xff, 0xff, 0xff, 0xff,
    0xff, 0xe0, 0x0, 0x7e, 0x0, 0x7, 0xe0, 0x0,
    0x70,

    /* U+89E3 "解" */
    0x4, 0x0, 0x0, 0x0, 0x70, 0x0, 0x0, 0xf,
    0x1, 0xff, 0xe0, 0xff, 0x1f, 0xfe, 0xf, 0xf0,
    0x38, 0xe1, 0xc3, 0x3, 0x8e, 0x1c, 0x70, 0x30,
    0xc3, 0x86, 0x7, 0xc, 0x7f, 0xfc, 0xe7, 0xc7,
    0xff, 0xfe, 0x78, 0x78, 0xcf, 0xc0, 0x3, 0x8c,
    0xd4, 0x60, 0x18, 0xcc, 0x66, 0x1, 0x8c, 0xc6,
    0x60, 0x1f, 0xfc, 0xff, 0xe1, 0xff, 0xcf, 0xfe,
    0x18, 0xcd, 0xc6, 0x1, 0x8c, 0xdc, 0x60, 0x18,
    0xcd, 0x86, 0x1, 0xff, 0xc0, 0x60, 0x1f, 0xfd,
    0xff, 0xf1, 0xff, 0xdf, 0xff, 0x18, 0xc, 0x6,
    0x1, 0x80, 0xc0, 0x60, 0x30, 0xc, 0x6, 0x3,
    0x0, 0xc0, 0x60, 0x70, 0xc, 0x6, 0x6, 0x3,
    0xc0, 0x60, 0x60, 0x38, 0x6, 0x0,

    /* U+8A00 "言" */
    0x1f, 0xff, 0xff, 0x3, 0xff, 0xff, 0xe0, 0x0,
    0x0, 0x0, 0x0, 0x0, 0x0, 0xf, 0xff, 0xff,
    0xff, 0xff, 0xff, 0xff, 0xc0, 0x0, 0x0, 0x0,
    0x0, 0x0, 0x0, 0x0, 0x0, 0x0, 0x3, 0xff,
    0xff, 0xe0, 0x7f, 0xff, 0xfc, 0x0, 0x0, 0x0,
    0x0, 0x0, 0x0, 0x0, 0x3f, 0xff, 0xfe, 0x7,
    0xff, 0xff, 0xc0, 0x0, 0x0, 0x0, 0x0, 0x0,
    0x0, 0x0, 0x0, 0x0, 0x0, 0x3f, 0xff, 0xf8,
    0x7, 0xff, 0xff, 0x0, 0xe0, 0x0, 0xe0, 0x1c,
    0x0, 0x1c, 0x3, 0x80, 0x3, 0x80, 0x70, 0x0,
    0x70, 0xf, 0xff, 0xfe, 0x1, 0xff, 0xff, 0xc0,
    0x38, 0x0, 0x38, 0x7, 0x0, 0x7, 0x0,

    /* U+8BB0 "记" */
    0x18, 0x0, 0x0, 0x3, 0xc0, 0x0, 0x0, 0xe,
    0xf, 0xff, 0xc0, 0x70, 0xff, 0xfc, 0x6, 0x0,
    0x1, 0xc0, 0x0, 0x0, 0x1c, 0x0, 0x0, 0x1,
    0xc0, 0x0, 0x0, 0x1c, 0xfe, 0x0, 0x1, 0xcf,
    0xe0, 0x0, 0x1c, 0x6, 0x0, 0x1, 0xc0, 0x60,
    0x0, 0x1c, 0x6, 0xf, 0xff, 0xc0, 0x60, 0xff,
    0xfc, 0x6, 0xe, 0x1, 0xc0, 0x60, 0xe0, 0x1c,
    0x6, 0xe, 0x0, 0x0, 0x60, 0xe0, 0x0, 0x6,
    0xe, 0x0, 0x0, 0x60, 0xe0, 0x0, 0x6, 0xe,
    0x0, 0x20, 0x60, 0xe0, 0x3, 0x6, 0x6e, 0x0,
    0x30, 0x6e, 0xe0, 0x3, 0x7, 0xce, 0x0, 0x70,
    0x78, 0xff, 0xfe, 0x6, 0x3, 0xff, 0xc0,

    /* U+8BBE "设" */
    0xc, 0x3, 0xff, 0x0, 0x70, 0x1f, 0xf8, 0x1,
    0xc0, 0xc0, 0xc0, 0x7, 0x6, 0x6, 0x0, 0x18,
    0x30, 0x30, 0x0, 0x1, 0x81, 0x80, 0x0, 0x1c,
    0xc, 0x0, 0x1, 0xc0, 0x7e, 0xfe, 0x1e, 0x1,
    0xf7, 0xf1, 0xe0, 0x0, 0x1, 0x8e, 0x0, 0x0,
    0xc, 0x0, 0x0, 0x0, 0x61, 0xff, 0xfc, 0x3,
    0xf, 0xff, 0xc0, 0x18, 0x1c, 0x6, 0x0, 0xc0,
    0x60, 0x70, 0x6, 0x3, 0x87, 0x0, 0x30, 0xe,
    0x38, 0x1, 0x84, 0x7b, 0x80, 0xc, 0x61, 0xf8,
    0x0, 0x6f, 0x7, 0x80, 0x3, 0xf0, 0x7e, 0x0,
    0x1e, 0xf, 0xfc, 0x0, 0xc1, 0xf0, 0xf8, 0x0,
    0x7e, 0x3, 0xf8, 0x3, 0xc0, 0x7, 0x80, 0x8,
    0x0, 0x0,

    /* U+8BD5 "试" */
    0x0, 0x0, 0x18, 0x6, 0x0, 0x3, 0x21, 0xe0,
    0x0, 0x6e, 0x1e, 0x0, 0xc, 0xe1, 0xc0, 0x1,
    0x8c, 0x1c, 0x0, 0x31, 0xc1, 0x0, 0x6, 0x0,
    0x3, 0xff, 0xff, 0x0, 0x7f, 0xff, 0xe0, 0x0,
    0x3, 0x83, 0xf0, 0x0, 0x70, 0x7e, 0x0, 0xe,
    0x0, 0xc3, 0xfd, 0xc0, 0x18, 0x7f, 0xb8, 0x3,
    0x1, 0x83, 0x0, 0x60, 0x30, 0x60, 0xc, 0x6,
    0xc, 0x1, 0x80, 0xc1, 0x80, 0x30, 0x18, 0x30,
    0x6, 0x3, 0x37, 0x0, 0xc0, 0x7e, 0xe4, 0x18,
    0x7f, 0xdc, 0xc3, 0x3f, 0x81, 0x98, 0x6d, 0x80,
    0x3b, 0xf, 0x80, 0x7, 0x61, 0xe0, 0x0, 0x7c,
    0x30, 0x0, 0xf, 0x0, 0x0, 0x0, 0xe0,

    /* U+8BED "语" */
    0x30, 0x7f, 0xff, 0xc3, 0x87, 0xff, 0xfc, 0x1c,
    0x1, 0xc0, 0x0, 0xe0, 0x1c, 0x0, 0x6, 0x1,
    0x80, 0x0, 0x43, 0xff, 0xf0, 0x0, 0x3f, 0xff,
    0x0, 0x0, 0x38, 0x30, 0x0, 0x3, 0x83, 0xf,
    0xc0, 0x30, 0x70, 0xfc, 0x3, 0x7, 0x0, 0xc0,
    0x30, 0x70, 0xc, 0xff, 0xff, 0xf0, 0xcf, 0xff,
    0xff, 0xc, 0x0, 0x0, 0x0, 0xc0, 0x0, 0x0,
    0xc, 0x1f, 0xff, 0x80, 0xc1, 0xff, 0xf8, 0xc,
    0x1c, 0x3, 0x80, 0xc1, 0xc0, 0x38, 0xc, 0x1c,
    0x3, 0x80, 0xcd, 0xc0, 0x38, 0xf, 0xdc, 0x3,
    0x80, 0xf9, 0xff, 0xf8, 0xe, 0x1f, 0xff, 0x80,
    0x1, 0xc0, 0x38, 0x0, 0x1c, 0x3, 0x80,

    /* U+8BF7 "请" */
    0x0, 0x0, 0x60, 0x1, 0x0, 0x6, 0x0, 0x3c,
    0x3f, 0xff, 0xc1, 0xc3, 0xff, 0xfc, 0xe, 0x0,
    0x60, 0x0, 0x70, 0x6, 0x0, 0x2, 0x1f, 0xff,
    0x80, 0x1, 0xff, 0xf8, 0x0, 0x0, 0x60, 0x0,
    0x0, 0x6, 0x0, 0xfe, 0x7f, 0xff, 0xff, 0xe7,
    0xff, 0xff, 0x6, 0x0, 0x0, 0x0, 0x61, 0xff,
    0xf8, 0x6, 0x1f, 0xff, 0x80, 0x61, 0xc0, 0x18,
    0x6, 0x1c, 0x1, 0x80, 0x61, 0xff, 0xf8, 0x6,
    0x1f, 0xff, 0x80, 0x61, 0xc0, 0x18, 0x6, 0x1c,
    0x1, 0x80, 0x61, 0xff, 0xf8, 0x6, 0x3f, 0xff,
    0x80, 0x6f, 0xc0, 0x18, 0x7, 0xfc, 0x1, 0x80,
    0x7d, 0xc0, 0x18, 0x7, 0x1c, 0x1f, 0x80, 0x1,
    0xc1, 0xf0,

    /* U+8C03 "调" */
    0x10, 0x0, 0x0, 0xe, 0xf, 0xff, 0xf1, 0xc3,
    0xff, 0xfc, 0x38, 0xe0, 0x3, 0xe, 0x38, 0x0,
    0xc1, 0xe, 0x18, 0x30, 0x3, 0x86, 0xc, 0x0,
    0xef, 0xfb, 0x0, 0x3b, 0xfe, 0xff, 0xe, 0x18,
    0x3f, 0xc3, 0x86, 0xc, 0x30, 0xe1, 0x83, 0xc,
    0x3b, 0xfe, 0xc3, 0xe, 0xff, 0xb0, 0xc3, 0x80,
    0xc, 0x30, 0xe7, 0xf3, 0xc, 0x39, 0xfc, 0xc3,
    0xe, 0x67, 0x30, 0xc3, 0x99, 0xcc, 0x32, 0xe6,
    0x73, 0xf, 0xb9, 0x9c, 0xc3, 0xee, 0x7f, 0x30,
    0xf3, 0x1f, 0xcc, 0x39, 0xc0, 0x3, 0x0, 0x70,
    0x0, 0xc0, 0x38, 0x0, 0x30, 0x1e, 0x1, 0xfc,
    0x7, 0x0, 0x3e, 0x0, 0x80, 0x0, 0x0,

    /* U+8F66 "车" */
    0x0, 0x8, 0x0, 0x0, 0x0, 0xe0, 0x0, 0x0,
    0x7, 0x0, 0x0, 0x0, 0x70, 0x0, 0x3, 0xff,
    0xff, 0xfe, 0x1f, 0xff, 0xff, 0xf0, 0x1, 0x80,
    0x0, 0x0, 0x1c, 0x0, 0x0, 0x0, 0xe0, 0x0,
    0x0, 0xe, 0x1c, 0x0, 0x0, 0x70, 0xe0, 0x0,
    0x7, 0x7, 0x0, 0x0, 0x38, 0x38, 0x0, 0x3,
    0x81, 0xc0, 0x0, 0x1f, 0xff, 0xfe, 0x0, 0xff,
    0xff, 0xf0, 0x0, 0x3, 0x80, 0x0, 0x0, 0x1c,
    0x0, 0x0, 0x0, 0xe0, 0x0, 0x0, 0x7, 0x0,
    0xf, 0xff, 0xff, 0xff, 0xff, 0xff, 0xff, 0xfc,
    0x0, 0xe, 0x0, 0x0, 0x0, 0x70, 0x0, 0x0,
    0x3, 0x80, 0x0, 0x0, 0x1c, 0x0, 0x0, 0x0,
    0xe0, 0x0, 0x0, 0x7, 0x0, 0x0, 0x0, 0x38,
    0x0, 0x0,

    /* U+8FA8 "辨" */
    0x3, 0x1, 0x83, 0x80, 0xc, 0x6, 0xe, 0x0,
    0x30, 0x18, 0x38, 0x0, 0xc0, 0x60, 0xe0, 0x3f,
    0xf1, 0xbf, 0xf8, 0xff, 0xf6, 0xff, 0xe0, 0x8,
    0xf8, 0x4, 0xe, 0x3b, 0x6e, 0x1c, 0x18, 0xcd,
    0x9c, 0x70, 0x73, 0x36, 0x31, 0x80, 0xcc, 0xd8,
    0xe6, 0x3, 0x77, 0x61, 0xb8, 0x9, 0x9d, 0x84,
    0xc1, 0xff, 0xc7, 0xff, 0xf7, 0xff, 0x1f, 0xff,
    0xc0, 0xc0, 0x60, 0xe0, 0x3, 0x1, 0x83, 0x80,
    0xc, 0xe, 0xe, 0x0, 0x3f, 0x30, 0x38, 0x1f,
    0xfc, 0xcf, 0xfe, 0x7f, 0x87, 0x3f, 0xf9, 0x1c,
    0x18, 0xe, 0x0, 0x70, 0xe0, 0x38, 0x3, 0x87,
    0x0, 0xe0, 0x1e, 0x38, 0x3, 0x81, 0xf1, 0xe0,
    0xe, 0x7, 0x8f, 0x0, 0x38, 0x18, 0x10, 0x0,
    0xe0,

    /* U+8FD4 "返" */
    0x30, 0x0, 0x0, 0x3, 0xc0, 0xff, 0xff, 0xf,
    0x7, 0xff, 0xf8, 0x38, 0x30, 0x0, 0x0, 0xe1,
    0x80, 0x0, 0x3, 0xc, 0x0, 0x0, 0x10, 0x60,
    0x0, 0x0, 0x3, 0xff, 0xf0, 0x0, 0x1f, 0xff,
    0x80, 0x0, 0xff, 0xfc, 0x1f, 0x86, 0x0, 0xe0,
    0xfc, 0x30, 0x7, 0x0, 0x61, 0xb8, 0x30, 0x3,
    0xd, 0xf3, 0x80, 0x18, 0x63, 0xd8, 0x0, 0xc7,
    0xf, 0xc0, 0x6, 0x30, 0x1e, 0x0, 0x31, 0x81,
    0xf8, 0x1, 0x8c, 0x1f, 0xe0, 0xc, 0xe1, 0xe7,
    0x80, 0x66, 0x3e, 0x1c, 0x3, 0x73, 0xc0, 0x70,
    0x19, 0x3c, 0x1, 0x83, 0xf1, 0x80, 0x8, 0x3f,
    0xe0, 0x0, 0x7, 0x87, 0xff, 0xff, 0x98, 0xf,
    0xff, 0xfc, 0x0, 0x0, 0x0, 0x0,

    /* U+8FDE "连" */
    0x0, 0x3, 0x0, 0x1, 0x80, 0x18, 0x0, 0x1e,
    0x1, 0xc0, 0x0, 0x79, 0xff, 0xff, 0xc1, 0xcf,
    0xff, 0xfe, 0x7, 0x7f, 0xff, 0xf0, 0x18, 0x38,
    0x0, 0x0, 0x1, 0x8c, 0x0, 0x0, 0x1c, 0x60,
    0x0, 0x0, 0xc3, 0x0, 0x3f, 0xe, 0x18, 0x1,
    0xf8, 0x7f, 0xff, 0x80, 0xc3, 0xff, 0xfc, 0x6,
    0x0, 0x30, 0x0, 0x30, 0x1, 0x80, 0x1, 0x80,
    0xc, 0x0, 0xc, 0xff, 0xff, 0xf0, 0x67, 0xff,
    0xff, 0x83, 0x0, 0x18, 0x0, 0x18, 0x0, 0xc0,
    0x0, 0xc0, 0x6, 0x0, 0x6, 0x0, 0x30, 0x0,
    0x78, 0x1, 0x80, 0x7, 0xe0, 0xc, 0x0, 0x73,
    0x80, 0x0, 0x7, 0xf, 0x0, 0x0, 0x30, 0x1f,
    0xff, 0xfe, 0x80, 0x3f, 0xff, 0xe0,

    /* U+901A "通" */
    0x20, 0x0, 0x0, 0x3, 0x87, 0xff, 0xfe, 0xe,
    0x3f, 0xff, 0xf0, 0x38, 0x0, 0xf, 0x0, 0xe0,
    0x71, 0xf0, 0x7, 0x7, 0xfe, 0x0, 0x10, 0xf,
    0xc0, 0x0, 0xf, 0xff, 0xfc, 0x0, 0x7f, 0xff,
    0xe3, 0xf3, 0x3, 0x7, 0x1f, 0x98, 0x18, 0x38,
    0xc, 0xff, 0xff, 0xc0, 0x67, 0xff, 0xfe, 0x3,
    0x30, 0x30, 0x70, 0x19, 0x81, 0x83, 0x80, 0xcc,
    0xc, 0x1c, 0x6, 0x7f, 0xff, 0xe0, 0x33, 0xff,
    0xff, 0x1, 0x98, 0x18, 0x38, 0xc, 0xc0, 0xc1,
    0xc0, 0x66, 0x6, 0xe, 0x3, 0x30, 0x33, 0xe0,
    0x3d, 0x80, 0x1f, 0x3, 0xf0, 0x0, 0x0, 0x79,
    0xe0, 0x0, 0x7, 0x87, 0xff, 0xff, 0xb8, 0xf,
    0xff, 0xfc, 0x80, 0x0, 0x0, 0x0,

    /* U+90E8 "部" */
    0x0, 0xe0, 0x0, 0x0, 0xe, 0x0, 0x0, 0x0,
    0xe0, 0x1f, 0xf0, 0xe, 0x1, 0xff, 0x7f, 0xff,
    0x98, 0x67, 0xff, 0xf9, 0x86, 0x4, 0x8, 0x18,
    0x61, 0xc0, 0xe1, 0x8c, 0xe, 0xc, 0x18, 0xc0,
    0x61, 0xc1, 0x8c, 0x7, 0x18, 0x19, 0x80, 0x33,
    0x81, 0x98, 0x3, 0x30, 0x19, 0x8f, 0xff, 0xfd,
    0xb8, 0xff, 0xff, 0xd9, 0xc0, 0x0, 0x1, 0x8e,
    0x0, 0x0, 0x18, 0x61, 0xff, 0xe1, 0x87, 0x1f,
    0xfe, 0x18, 0x31, 0x80, 0xe1, 0x83, 0x18, 0xe,
    0x18, 0x31, 0x80, 0xe1, 0x83, 0x18, 0xe, 0x1a,
    0x71, 0x80, 0xe1, 0xbe, 0x18, 0xe, 0x1b, 0xc1,
    0xff, 0xe1, 0x80, 0x1f, 0xfe, 0x18, 0x1, 0x80,
    0xe1, 0x80, 0x18, 0xe, 0x18, 0x0,

    /* U+91CF "量" */
    0x7, 0xff, 0xff, 0x0, 0x3f, 0xff, 0xf8, 0x1,
    0x80, 0x1, 0xc0, 0xf, 0xff, 0xfe, 0x0, 0x7f,
    0xff, 0xf0, 0x3, 0x0, 0x3, 0x80, 0x1f, 0xff,
    0xfc, 0x0, 0xff, 0xff, 0xe0, 0x0, 0x0, 0x0,
    0x3, 0xff, 0xff, 0xff, 0x9f, 0xff, 0xff, 0xfc,
    0x0, 0x0, 0x0, 0x0, 0xff, 0xff, 0xf8, 0x7,
    0xff, 0xff, 0xc0, 0x30, 0x1c, 0x6, 0x1, 0xff,
    0xff, 0xf0, 0xf, 0xff, 0xff, 0x80, 0x60, 0x38,
    0xc, 0x3, 0xff, 0xff, 0xe0, 0x1f, 0xff, 0xff,
    0x0, 0x0, 0x70, 0x0, 0xf, 0xff, 0xff, 0xe0,
    0x7f, 0xff, 0xff, 0x0, 0x0, 0xe0, 0x0, 0xff,
    0xff, 0xff, 0xff, 0xff, 0xff, 0xff, 0xc0,

    /* U+9501 "锁" */
    0x0, 0x0, 0x0, 0x0, 0x30, 0x0, 0xc0, 0x1,
    0x83, 0x86, 0x8, 0x1c, 0x1e, 0x30, 0xe0, 0xe0,
    0x71, 0x8e, 0x7, 0xf9, 0xcc, 0xf0, 0x7f, 0xc7,
    0x6f, 0x3, 0x80, 0x3b, 0x30, 0x18, 0x0, 0x18,
    0x1, 0xc0, 0x3f, 0xff, 0x1f, 0xfd, 0xff, 0xf8,
    0xff, 0xec, 0x0, 0xce, 0x70, 0x61, 0x86, 0x23,
    0x83, 0xc, 0x30, 0x1c, 0x18, 0x61, 0x8f, 0xfe,
    0xc3, 0xc, 0x7f, 0xf6, 0x18, 0x60, 0x38, 0x30,
    0xc3, 0x1, 0xc1, 0x86, 0x18, 0xe, 0xc, 0x30,
    0xc0, 0x70, 0x61, 0x86, 0x3, 0x83, 0x18, 0x30,
    0x1c, 0x40, 0xd8, 0x0, 0xe6, 0xc, 0xf0, 0x7,
    0xf0, 0xe7, 0xc0, 0x3f, 0x1e, 0xf, 0x1, 0xe3,
    0xe0, 0x1e, 0x4, 0x3c, 0x0, 0x70, 0x1, 0xc0,
    0x1, 0x0,

    /* U+95F4 "间" */
    0x0, 0x0, 0x0, 0x3c, 0x0, 0x0, 0x1e, 0x1f,
    0xff, 0xf, 0x1f, 0xff, 0x7, 0x80, 0x3, 0xc3,
    0x0, 0x3, 0xc0, 0x0, 0x3, 0xc0, 0x0, 0x3,
    0xc3, 0xff, 0xc3, 0xc3, 0xff, 0xc3, 0xc3, 0x0,
    0xc3, 0xc3, 0x0, 0xc3, 0xc3, 0x0, 0xc3, 0xc3,
    0xff, 0xc3, 0xc3, 0xff, 0xc3, 0xc3, 0x0, 0xc3,
    0xc3, 0x0, 0xc3, 0xc3, 0x0, 0xc3, 0xc3, 0x0,
    0xc3, 0xc3, 0x0, 0xc3, 0xc3, 0xff, 0xc3, 0xc3,
    0xff, 0xc3, 0xc3, 0x0, 0xc3, 0xc3, 0x0, 0xc3,
    0xc0, 0x0, 0x3, 0xc0, 0x0, 0x3, 0xc0, 0x0,
    0x1f, 0xc0, 0x0, 0x1e,

    /* U+9664 "除" */
    0x0, 0x1, 0x80, 0x0, 0x0, 0x70, 0x3, 0xfe,
    0xf, 0x0, 0x7f, 0xc3, 0xe0, 0xc, 0x38, 0xee,
    0x1, 0x8f, 0x1c, 0xe0, 0x31, 0xc7, 0xe, 0x6,
    0x39, 0xc0, 0xe0, 0xce, 0x70, 0xf, 0x19, 0xdc,
    0x0, 0xf3, 0x7f, 0xff, 0xff, 0xee, 0xdf, 0xfe,
    0x6d, 0xe0, 0x18, 0x1, 0x9e, 0x3, 0x0, 0x31,
    0xc0, 0x60, 0x6, 0x1c, 0xc, 0x0, 0xc3, 0xff,
    0xff, 0x98, 0x7f, 0xff, 0xf3, 0xe, 0x6, 0x0,
    0x7f, 0x88, 0xce, 0xd, 0xe3, 0x98, 0xe1, 0x80,
    0xe3, 0xe, 0x30, 0x38, 0x60, 0xe6, 0xe, 0xc,
    0xc, 0xc7, 0xc1, 0x81, 0xd8, 0x60, 0x30, 0x1b,
    0x0, 0x6, 0x0, 0x60, 0xf, 0xc0, 0xc, 0x1,
    0xf0, 0x0,

    /* U+97F3 "音" */
    0x0, 0xe, 0x0, 0x0, 0x1, 0xc0, 0x0, 0x0,
    0x38, 0x0, 0x1f, 0xff, 0xff, 0xc3, 0xff, 0xff,
    0xf8, 0x2, 0x0, 0x60, 0x1, 0xe0, 0xe, 0x0,
    0xe, 0x3, 0x80, 0x0, 0xe0, 0x70, 0x0, 0x1c,
    0x1c, 0x0, 0x1, 0x87, 0x0, 0x7f, 0xff, 0xff,
    0xff, 0xff, 0xff, 0xfe, 0x0, 0x0, 0x0, 0x0,
    0x0, 0x0, 0x0, 0x3f, 0xff, 0xe0, 0x7, 0xff,
    0xfc, 0x0, 0xe0, 0x3, 0x80, 0x1c, 0x0, 0x70,
    0x3, 0x80, 0xe, 0x0, 0x7f, 0xff, 0xc0, 0xf,
    0xff, 0xf8, 0x1, 0xc0, 0x7, 0x0, 0x38, 0x0,
    0xe0, 0x7, 0x0, 0x1c, 0x0, 0xff, 0xff, 0x80,
    0x1f, 0xff, 0xf0, 0x3, 0x80, 0xe, 0x0, 0x70,
    0x1, 0xc0,

    /* U+9875 "页" */
    0xff, 0xff, 0xff, 0xff, 0xff, 0xff, 0xf0, 0x0,
    0xc0, 0x0, 0x0, 0x70, 0x0, 0x0, 0x1c, 0x0,
    0x0, 0x6, 0x0, 0x0, 0x7f, 0xff, 0xc0, 0x1f,
    0xff, 0xf0, 0x6, 0x0, 0x1c, 0x1, 0x83, 0x7,
    0x0, 0x60, 0xc1, 0xc0, 0x18, 0x30, 0x70, 0x6,
    0xc, 0x1c, 0x1, 0x83, 0x7, 0x0, 0x60, 0xc1,
    0xc0, 0x18, 0x70, 0x70, 0x6, 0x1c, 0x1c, 0x1,
    0x87, 0x7, 0x0, 0x63, 0x81, 0xc0, 0x19, 0xee,
    0x70, 0x0, 0x77, 0xe0, 0x0, 0x78, 0x3c, 0x0,
    0x3c, 0x7, 0x80, 0x3e, 0x0, 0x78, 0xff, 0x0,
    0xf, 0x3e, 0x0, 0x1, 0xc4, 0x0, 0x0, 0x20,

    /* U+9891 "频" */
    0x1, 0x80, 0x0, 0x0, 0x18, 0x7f, 0xfe, 0x31,
    0x87, 0xff, 0xe3, 0x1f, 0x81, 0x80, 0x31, 0xf8,
    0x38, 0x3, 0x18, 0x3, 0x0, 0x31, 0x83, 0xff,
    0xc3, 0x18, 0x3f, 0xfc, 0x31, 0x83, 0x0, 0xcf,
    0xff, 0xb0, 0xc, 0xff, 0xfb, 0x18, 0xc0, 0x0,
    0x31, 0x8c, 0x3, 0x83, 0x18, 0xc1, 0xb9, 0x31,
    0x8c, 0x3b, 0x9b, 0x18, 0xc3, 0xbb, 0xb1, 0x8c,
    0x73, 0xbb, 0x18, 0xc7, 0x3f, 0x31, 0x8c, 0xe3,
    0xf3, 0x38, 0xc4, 0x3e, 0x33, 0xc, 0x1, 0xe3,
    0x74, 0xc0, 0x3c, 0x6, 0xf0, 0x7, 0x80, 0xe7,
    0x80, 0xf0, 0x1c, 0x3c, 0x3e, 0x7, 0x80, 0xef,
    0xc3, 0xf0, 0x7, 0xf0, 0x1c, 0x0, 0x20, 0x0,
    0x0, 0x0,

    /* U+9AD8 "高" */
    0x0, 0x1c, 0x0, 0x0, 0x7, 0x0, 0x0, 0x1,
    0xc0, 0x3, 0xff, 0xff, 0xff, 0xff, 0xff, 0xff,
    0xc0, 0x0, 0x0, 0x0, 0x0, 0x0, 0x0, 0x1f,
    0xff, 0xe0, 0x7, 0xff, 0xf8, 0x1, 0x80, 0xe,
    0x0, 0x60, 0x3, 0x80, 0x1f, 0xff, 0xe0, 0x7,
    0xff, 0xf8, 0x0, 0x0, 0x0, 0x0, 0x0, 0x0,
    0x1, 0xff, 0xff, 0xfe, 0x7f, 0xff, 0xff, 0x98,
    0x0, 0x0, 0xe6, 0x0, 0x0, 0x39, 0x8f, 0xff,
    0x8e, 0x63, 0xff, 0xe3, 0x98, 0xe0, 0x18, 0xe6,
    0x38, 0x6, 0x39, 0x8f, 0xff, 0x8e, 0x63, 0xff,
    0xe3, 0x98, 0x0, 0x0, 0xe6, 0x0, 0x0, 0x39,
    0x80, 0x0, 0xfc, 0x60, 0x0, 0x1e, 0x0,

    /* U+FF0C "，" */
    0xff, 0xf3, 0x37, 0xe0,

    /* U+FF1A "：" */
    0xff, 0x80, 0x0, 0x0, 0x1, 0xff
};


/*---------------------
 *  GLYPH DESCRIPTION
 *--------------------*/

static const lv_font_fmt_txt_glyph_dsc_t glyph_dsc[] = {
    {.bitmap_index = 0, .adv_w = 0, .box_w = 0, .box_h = 0, .ofs_x = 0, .ofs_y = 0} /* id = 0 reserved */,
    {.bitmap_index = 0, .adv_w = 142, .box_w = 1, .box_h = 1, .ofs_x = 0, .ofs_y = 0},
    {.bitmap_index = 1, .adv_w = 171, .box_w = 9, .box_h = 3, .ofs_x = 1, .ofs_y = 7},
    {.bitmap_index = 5, .adv_w = 142, .box_w = 3, .box_h = 3, .ofs_x = 3, .ofs_y = 0},
    {.bitmap_index = 7, .adv_w = 142, .box_w = 9, .box_h = 24, .ofs_x = 0, .ofs_y = -1},
    {.bitmap_index = 34, .adv_w = 285, .box_w = 15, .box_h = 23, .ofs_x = 1, .ofs_y = 0},
    {.bitmap_index = 78, .adv_w = 285, .box_w = 9, .box_h = 23, .ofs_x = 3, .ofs_y = 0},
    {.bitmap_index = 104, .adv_w = 285, .box_w = 15, .box_h = 23, .ofs_x = 1, .ofs_y = 0},
    {.bitmap_index = 148, .adv_w = 285, .box_w = 15, .box_h = 23, .ofs_x = 1, .ofs_y = 0},
    {.bitmap_index = 192, .adv_w = 285, .box_w = 16, .box_h = 23, .ofs_x = 1, .ofs_y = 0},
    {.bitmap_index = 238, .adv_w = 285, .box_w = 15, .box_h = 23, .ofs_x = 1, .ofs_y = 0},
    {.bitmap_index = 282, .adv_w = 285, .box_w = 15, .box_h = 23, .ofs_x = 1, .ofs_y = 0},
    {.bitmap_index = 326, .adv_w = 285, .box_w = 15, .box_h = 23, .ofs_x = 2, .ofs_y = 0},
    {.bitmap_index = 370, .adv_w = 285, .box_w = 15, .box_h = 23, .ofs_x = 1, .ofs_y = 0},
    {.bitmap_index = 414, .adv_w = 285, .box_w = 15, .box_h = 23, .ofs_x = 1, .ofs_y = 0},
    {.bitmap_index = 458, .adv_w = 142, .box_w = 3, .box_h = 17, .ofs_x = 3, .ofs_y = 0},
    {.bitmap_index = 465, .adv_w = 342, .box_w = 21, .box_h = 23, .ofs_x = 0, .ofs_y = 0},
    {.bitmap_index = 526, .adv_w = 342, .box_w = 17, .box_h = 23, .ofs_x = 2, .ofs_y = 0},
    {.bitmap_index = 575, .adv_w = 370, .box_w = 20, .box_h = 23, .ofs_x = 2, .ofs_y = 0},
    {.bitmap_index = 633, .adv_w = 370, .box_w = 19, .box_h = 23, .ofs_x = 3, .ofs_y = 0},
    {.bitmap_index = 688, .adv_w = 342, .box_w = 17, .box_h = 23, .ofs_x = 3, .ofs_y = 0},
    {.bitmap_index = 737, .adv_w = 313, .box_w = 16, .box_h = 23, .ofs_x = 3, .ofs_y = 0},
    {.bitmap_index = 783, .adv_w = 398, .box_w = 21, .box_h = 23, .ofs_x = 2, .ofs_y = 0},
    {.bitmap_index = 844, .adv_w = 370, .box_w = 18, .box_h = 23, .ofs_x = 3, .ofs_y = 0},
    {.bitmap_index = 896, .adv_w = 142, .box_w = 3, .box_h = 23, .ofs_x = 3, .ofs_y = 0},
    {.bitmap_index = 905, .adv_w = 256, .box_w = 13, .box_h = 23, .ofs_x = 1, .ofs_y = 0},
    {.bitmap_index = 943, .adv_w = 342, .box_w = 19, .box_h = 23, .ofs_x = 2, .ofs_y = 0},
    {.bitmap_index = 998, .adv_w = 285, .box_w = 15, .box_h = 23, .ofs_x = 2, .ofs_y = 0},
    {.bitmap_index = 1042, .adv_w = 427, .box_w = 22, .box_h = 23, .ofs_x = 2, .ofs_y = 0},
    {.bitmap_index = 1106, .adv_w = 370, .box_w = 18, .box_h = 23, .ofs_x = 3, .ofs_y = 0},
    {.bitmap_index = 1158, .adv_w = 398, .box_w = 22, .box_h = 23, .ofs_x = 1, .ofs_y = 0},
    {.bitmap_index = 1222, .adv_w = 342, .box_w = 17, .box_h = 23, .ofs_x = 2, .ofs_y = 0},
    {.bitmap_index = 1271, .adv_w = 398, .box_w = 22, .box_h = 24, .ofs_x = 1, .ofs_y = -1},
    {.bitmap_index = 1337, .adv_w = 370, .box_w = 20, .box_h = 23, .ofs_x = 3, .ofs_y = 0},
    {.bitmap_index = 1395, .adv_w = 342, .box_w = 18, .box_h = 23, .ofs_x = 1, .ofs_y = 0},
    {.bitmap_index = 1447, .adv_w = 313, .box_w = 18, .box_h = 23, .ofs_x = 1, .ofs_y = 0},
    {.bitmap_index = 1499, .adv_w = 370, .box_w = 18, .box_h = 23, .ofs_x = 3, .ofs_y = 0},
    {.bitmap_index = 1551, .adv_w = 342, .box_w = 21, .box_h = 23, .ofs_x = 0, .ofs_y = 0},
    {.bitmap_index = 1612, .adv_w = 483, .box_w = 30, .box_h = 23, .ofs_x = 0, .ofs_y = 0},
    {.bitmap_index = 1699, .adv_w = 342, .box_w = 21, .box_h = 23, .ofs_x = 0, .ofs_y = 0},
    {.bitmap_index = 1760, .adv_w = 342, .box_w = 21, .box_h = 23, .ofs_x = 0, .ofs_y = 0},
    {.bitmap_index = 1821, .adv_w = 313, .box_w = 18, .box_h = 23, .ofs_x = 1, .ofs_y = 0},
    {.bitmap_index = 1873, .adv_w = 285, .box_w = 15, .box_h = 17, .ofs_x = 1, .ofs_y = 0},
    {.bitmap_index = 1905, .adv_w = 285, .box_w = 14, .box_h = 23, .ofs_x = 2, .ofs_y = 0},
    {.bitmap_index = 1946, .adv_w = 256, .box_w = 15, .box_h = 17, .ofs_x = 1, .ofs_y = 0},
    {.bitmap_index = 1978, .adv_w = 285, .box_w = 15, .box_h = 23, .ofs_x = 1, .ofs_y = 0},
    {.bitmap_index = 2022, .adv_w = 285, .box_w = 15, .box_h = 17, .ofs_x = 1, .ofs_y = 0},
    {.bitmap_index = 2054, .adv_w = 142, .box_w = 10, .box_h = 23, .ofs_x = 1, .ofs_y = 0},
    {.bitmap_index = 2083, .adv_w = 285, .box_w = 15, .box_h = 23, .ofs_x = 1, .ofs_y = -6},
    {.bitmap_index = 2127, .adv_w = 285, .box_w = 14, .box_h = 23, .ofs_x = 2, .ofs_y = 0},
    {.bitmap_index = 2168, .adv_w = 114, .box_w = 3, .box_h = 23, .ofs_x = 2, .ofs_y = 0},
    {.bitmap_index = 2177, .adv_w = 114, .box_w = 7, .box_h = 29, .ofs_x = -2, .ofs_y = -6},
    {.bitmap_index = 2203, .adv_w = 256, .box_w = 14, .box_h = 23, .ofs_x = 2, .ofs_y = 0},
    {.bitmap_index = 2244, .adv_w = 114, .box_w = 3, .box_h = 23, .ofs_x = 2, .ofs_y = 0},
    {.bitmap_index = 2253, .adv_w = 427, .box_w = 23, .box_h = 17, .ofs_x = 2, .ofs_y = 0},
    {.bitmap_index = 2302, .adv_w = 285, .box_w = 14, .box_h = 17, .ofs_x = 2, .ofs_y = 0},
    {.bitmap_index = 2332, .adv_w = 285, .box_w = 16, .box_h = 17, .ofs_x = 1, .ofs_y = 0},
    {.bitmap_index = 2366, .adv_w = 285, .box_w = 14, .box_h = 23, .ofs_x = 2, .ofs_y = -6},
    {.bitmap_index = 2407, .adv_w = 285, .box_w = 14, .box_h = 23, .ofs_x = 1, .ofs_y = -6},
    {.bitmap_index = 2448, .adv_w = 171, .box_w = 9, .box_h = 17, .ofs_x = 2, .ofs_y = 0},
    {.bitmap_index = 2468, .adv_w = 256, .box_w = 13, .box_h = 17, .ofs_x = 1, .ofs_y = 0},
    {.bitmap_index = 2496, .adv_w = 142, .box_w = 8, .box_h = 23, .ofs_x = 1, .ofs_y = 0},
    {.bitmap_index = 2519, .adv_w = 285, .box_w = 14, .box_h = 17, .ofs_x = 2, .ofs_y = 0},
    {.bitmap_index = 2549, .adv_w = 256, .box_w = 16, .box_h = 17, .ofs_x = 0, .ofs_y = 0},
    {.bitmap_index = 2583, .adv_w = 370, .box_w = 23, .box_h = 17, .ofs_x = 0, .ofs_y = 0},
    {.bitmap_index = 2632, .adv_w = 256, .box_w = 16, .box_h = 17, .ofs_x = 0, .ofs_y = 0},
    {.bitmap_index = 2666, .adv_w = 256, .box_w = 15, .box_h = 23, .ofs_x = 1, .ofs_y = -6},
    {.bitmap_index = 2710, .adv_w = 256, .box_w = 15, .box_h = 17, .ofs_x = 1, .ofs_y = 0},
    {.bitmap_index = 2742, .adv_w = 512, .box_w = 23, .box_h = 28, .ofs_x = 4, .ofs_y = -2},
    {.bitmap_index = 2823, .adv_w = 512, .box_w = 27, .box_h = 27, .ofs_x = 3, .ofs_y = 0},
    {.bitmap_index = 2915, .adv_w = 512, .box_w = 28, .box_h = 29, .ofs_x = 0, .ofs_y = -2},
    {.bitmap_index = 3017, .adv_w = 512, .box_w = 30, .box_h = 29, .ofs_x = 1, .ofs_y = -2},
    {.bitmap_index = 3126, .adv_w = 512, .box_w = 29, .box_h = 28, .ofs_x = 2, .ofs_y = -2},
    {.bitmap_index = 3228, .adv_w = 512, .box_w = 30, .box_h = 29, .ofs_x = 1, .ofs_y = -2},
    {.bitmap_index = 3337, .adv_w = 512, .box_w = 29, .box_h = 28, .ofs_x = 1, .ofs_y = -2},
    {.bitmap_index = 3439, .adv_w = 512, .box_w = 29, .box_h = 28, .ofs_x = 1, .ofs_y = -2},
    {.bitmap_index = 3541, .adv_w = 512, .box_w = 29, .box_h = 29, .ofs_x = 1, .ofs_y = -2},
    {.bitmap_index = 3647, .adv_w = 512, .box_w = 28, .box_h = 28, .ofs_x = 1, .ofs_y = -2},
    {.bitmap_index = 3745, .adv_w = 512, .box_w = 29, .box_h = 29, .ofs_x = 2, .ofs_y = -2},
    {.bitmap_index = 3851, .adv_w = 512, .box_w = 28, .box_h = 28, .ofs_x = 2, .ofs_y = -2},
    {.bitmap_index = 3949, .adv_w = 512, .box_w = 28, .box_h = 27, .ofs_x = 2, .ofs_y = -1},
    {.bitmap_index = 4044, .adv_w = 512, .box_w = 29, .box_h = 26, .ofs_x = 1, .ofs_y = -1},
    {.bitmap_index = 4139, .adv_w = 512, .box_w = 28, .box_h = 29, .ofs_x = 1, .ofs_y = -2},
    {.bitmap_index = 4241, .adv_w = 512, .box_w = 23, .box_h = 28, .ofs_x = 4, .ofs_y = -2},
    {.bitmap_index = 4322, .adv_w = 512, .box_w = 28, .box_h = 29, .ofs_x = 2, .ofs_y = -2},
    {.bitmap_index = 4424, .adv_w = 512, .box_w = 24, .box_h = 29, .ofs_x = 4, .ofs_y = -2},
    {.bitmap_index = 4511, .adv_w = 512, .box_w = 28, .box_h = 26, .ofs_x = 2, .ofs_y = -2},
    {.bitmap_index = 4602, .adv_w = 512, .box_w = 27, .box_h = 28, .ofs_x = 1, .ofs_y = -2},
    {.bitmap_index = 4697, .adv_w = 512, .box_w = 26, .box_h = 29, .ofs_x = 3, .ofs_y = -2},
    {.bitmap_index = 4792, .adv_w = 512, .box_w = 27, .box_h = 29, .ofs_x = 2, .ofs_y = -2},
    {.bitmap_index = 4890, .adv_w = 512, .box_w = 27, .box_h = 28, .ofs_x = 2, .ofs_y = -2},
    {.bitmap_index = 4985, .adv_w = 512, .box_w = 28, .box_h = 28, .ofs_x = 2, .ofs_y = -2},
    {.bitmap_index = 5083, .adv_w = 512, .box_w = 27, .box_h = 28, .ofs_x = 3, .ofs_y = -2},
    {.bitmap_index = 5178, .adv_w = 512, .box_w = 24, .box_h = 28, .ofs_x = 4, .ofs_y = -2},
    {.bitmap_index = 5262, .adv_w = 512, .box_w = 29, .box_h = 27, .ofs_x = 1, .ofs_y = -2},
    {.bitmap_index = 5360, .adv_w = 512, .box_w = 29, .box_h = 27, .ofs_x = 2, .ofs_y = -2},
    {.bitmap_index = 5458, .adv_w = 512, .box_w = 24, .box_h = 29, .ofs_x = 2, .ofs_y = -2},
    {.bitmap_index = 5545, .adv_w = 512, .box_w = 27, .box_h = 29, .ofs_x = 2, .ofs_y = -2},
    {.bitmap_index = 5643, .adv_w = 512, .box_w = 28, .box_h = 27, .ofs_x = 2, .ofs_y = -2},
    {.bitmap_index = 5738, .adv_w = 512, .box_w = 24, .box_h = 27, .ofs_x = 4, .ofs_y = -2},
    {.bitmap_index = 5819, .adv_w = 512, .box_w = 28, .box_h = 28, .ofs_x = 2, .ofs_y = -2},
    {.bitmap_index = 5917, .adv_w = 512, .box_w = 23, .box_h = 25, .ofs_x = 4, .ofs_y = -1},
    {.bitmap_index = 5989, .adv_w = 512, .box_w = 28, .box_h = 29, .ofs_x = 1, .ofs_y = -2},
    {.bitmap_index = 6091, .adv_w = 512, .box_w = 28, .box_h = 27, .ofs_x = 2, .ofs_y = -1},
    {.bitmap_index = 6186, .adv_w = 512, .box_w = 28, .box_h = 28, .ofs_x = 2, .ofs_y = -2},
    {.bitmap_index = 6284, .adv_w = 512, .box_w = 28, .box_h = 28, .ofs_x = 2, .ofs_y = -2},
    {.bitmap_index = 6382, .adv_w = 512, .box_w = 27, .box_h = 28, .ofs_x = 2, .ofs_y = -2},
    {.bitmap_index = 6477, .adv_w = 512, .box_w = 28, .box_h = 28, .ofs_x = 2, .ofs_y = -2},
    {.bitmap_index = 6575, .adv_w = 512, .box_w = 28, .box_h = 30, .ofs_x = 3, .ofs_y = -3},
    {.bitmap_index = 6680, .adv_w = 512, .box_w = 29, .box_h = 28, .ofs_x = 1, .ofs_y = -2},
    {.bitmap_index = 6782, .adv_w = 512, .box_w = 29, .box_h = 28, .ofs_x = 2, .ofs_y = -2},
    {.bitmap_index = 6884, .adv_w = 512, .box_w = 28, .box_h = 28, .ofs_x = 3, .ofs_y = -2},
    {.bitmap_index = 6982, .adv_w = 512, .box_w = 27, .box_h = 27, .ofs_x = 2, .ofs_y = -2},
    {.bitmap_index = 7074, .adv_w = 512, .box_w = 26, .box_h = 24, .ofs_x = 3, .ofs_y = 0},
    {.bitmap_index = 7152, .adv_w = 512, .box_w = 27, .box_h = 28, .ofs_x = 2, .ofs_y = -2},
    {.bitmap_index = 7247, .adv_w = 512, .box_w = 29, .box_h = 29, .ofs_x = 2, .ofs_y = -2},
    {.bitmap_index = 7353, .adv_w = 512, .box_w = 28, .box_h = 27, .ofs_x = 1, .ofs_y = -2},
    {.bitmap_index = 7448, .adv_w = 512, .box_w = 28, .box_h = 28, .ofs_x = 2, .ofs_y = -2},
    {.bitmap_index = 7546, .adv_w = 512, .box_w = 24, .box_h = 28, .ofs_x = 4, .ofs_y = -2},
    {.bitmap_index = 7630, .adv_w = 512, .box_w = 28, .box_h = 27, .ofs_x = 2, .ofs_y = -2},
    {.bitmap_index = 7725, .adv_w = 512, .box_w = 28, .box_h = 29, .ofs_x = 2, .ofs_y = -2},
    {.bitmap_index = 7827, .adv_w = 512, .box_w = 29, .box_h = 26, .ofs_x = 1, .ofs_y = 0},
    {.bitmap_index = 7922, .adv_w = 512, .box_w = 30, .box_h = 28, .ofs_x = 2, .ofs_y = -2},
    {.bitmap_index = 8027, .adv_w = 512, .box_w = 29, .box_h = 28, .ofs_x = 2, .ofs_y = -1},
    {.bitmap_index = 8129, .adv_w = 512, .box_w = 29, .box_h = 28, .ofs_x = 2, .ofs_y = -2},
    {.bitmap_index = 8231, .adv_w = 512, .box_w = 29, .box_h = 29, .ofs_x = 2, .ofs_y = -2},
    {.bitmap_index = 8337, .adv_w = 512, .box_w = 29, .box_h = 29, .ofs_x = 1, .ofs_y = -2},
    {.bitmap_index = 8443, .adv_w = 512, .box_w = 29, .box_h = 29, .ofs_x = 1, .ofs_y = -2},
    {.bitmap_index = 8549, .adv_w = 512, .box_w = 29, .box_h = 29, .ofs_x = 1, .ofs_y = -2},
    {.bitmap_index = 8655, .adv_w = 512, .box_w = 29, .box_h = 28, .ofs_x = 2, .ofs_y = -2},
    {.bitmap_index = 8757, .adv_w = 512, .box_w = 30, .box_h = 28, .ofs_x = 1, .ofs_y = -2},
    {.bitmap_index = 8862, .adv_w = 512, .box_w = 30, .box_h = 29, .ofs_x = 2, .ofs_y = -2},
    {.bitmap_index = 8971, .adv_w = 512, .box_w = 29, .box_h = 28, .ofs_x = 2, .ofs_y = -2},
    {.bitmap_index = 9073, .adv_w = 512, .box_w = 18, .box_h = 24, .ofs_x = 7, .ofs_y = 0},
    {.bitmap_index = 9127, .adv_w = 512, .box_w = 26, .box_h = 29, .ofs_x = 4, .ofs_y = -2},
    {.bitmap_index = 9222, .adv_w = 512, .box_w = 28, .box_h = 26, .ofs_x = 2, .ofs_y = -1},
    {.bitmap_index = 9313, .adv_w = 512, .box_w = 28, .box_h = 25, .ofs_x = 2, .ofs_y = 0},
    {.bitmap_index = 9401, .adv_w = 512, .box_w = 28, .box_h = 27, .ofs_x = 4, .ofs_y = -2},
    {.bitmap_index = 9496, .adv_w = 512, .box_w = 23, .box_h = 28, .ofs_x = 2, .ofs_y = -3},
    {.bitmap_index = 9577, .adv_w = 512, .box_w = 29, .box_h = 29, .ofs_x = 1, .ofs_y = -2},
    {.bitmap_index = 9683, .adv_w = 512, .box_w = 30, .box_h = 28, .ofs_x = 1, .ofs_y = -2},
    {.bitmap_index = 9788, .adv_w = 512, .box_w = 30, .box_h = 28, .ofs_x = 1, .ofs_y = -2},
    {.bitmap_index = 9893, .adv_w = 512, .box_w = 29, .box_h = 28, .ofs_x = 2, .ofs_y = -2},
    {.bitmap_index = 9995, .adv_w = 512, .box_w = 29, .box_h = 28, .ofs_x = 1, .ofs_y = -2},
    {.bitmap_index = 10097, .adv_w = 512, .box_w = 26, .box_h = 24, .ofs_x = 3, .ofs_y = 0},
    {.bitmap_index = 10175, .adv_w = 512, .box_w = 29, .box_h = 28, .ofs_x = 2, .ofs_y = -2},
    {.bitmap_index = 10277, .adv_w = 512, .box_w = 27, .box_h = 29, .ofs_x = 2, .ofs_y = -2},
    {.bitmap_index = 10375, .adv_w = 512, .box_w = 28, .box_h = 27, .ofs_x = 2, .ofs_y = -2},
    {.bitmap_index = 10470, .adv_w = 512, .box_w = 28, .box_h = 27, .ofs_x = 2, .ofs_y = -2},
    {.bitmap_index = 10565, .adv_w = 512, .box_w = 30, .box_h = 29, .ofs_x = 1, .ofs_y = -3},
    {.bitmap_index = 10674, .adv_w = 512, .box_w = 30, .box_h = 28, .ofs_x = 1, .ofs_y = -2},
    {.bitmap_index = 10779, .adv_w = 512, .box_w = 27, .box_h = 29, .ofs_x = 2, .ofs_y = -2},
    {.bitmap_index = 10877, .adv_w = 512, .box_w = 29, .box_h = 26, .ofs_x = 1, .ofs_y = -2},
    {.bitmap_index = 10972, .adv_w = 512, .box_w = 28, .box_h = 26, .ofs_x = 2, .ofs_y = 0},
    {.bitmap_index = 11063, .adv_w = 512, .box_w = 25, .box_h = 27, .ofs_x = 2, .ofs_y = -2},
    {.bitmap_index = 11148, .adv_w = 512, .box_w = 25, .box_h = 27, .ofs_x = 5, .ofs_y = -1},
    {.bitmap_index = 11233, .adv_w = 512, .box_w = 29, .box_h = 27, .ofs_x = 1, .ofs_y = -1},
    {.bitmap_index = 11331, .adv_w = 512, .box_w = 28, .box_h = 26, .ofs_x = 1, .ofs_y = -2},
    {.bitmap_index = 11422, .adv_w = 512, .box_w = 27, .box_h = 29, .ofs_x = 2, .ofs_y = -2},
    {.bitmap_index = 11520, .adv_w = 512, .box_w = 30, .box_h = 28, .ofs_x = 2, .ofs_y = -1},
    {.bitmap_index = 11625, .adv_w = 512, .box_w = 27, .box_h = 26, .ofs_x = 3, .ofs_y = -2},
    {.bitmap_index = 11713, .adv_w = 512, .box_w = 29, .box_h = 28, .ofs_x = 1, .ofs_y = -2},
    {.bitmap_index = 11815, .adv_w = 512, .box_w = 29, .box_h = 28, .ofs_x = 2, .ofs_y = -2},
    {.bitmap_index = 11917, .adv_w = 512, .box_w = 30, .box_h = 28, .ofs_x = 1, .ofs_y = -2},
    {.bitmap_index = 12022, .adv_w = 512, .box_w = 28, .box_h = 29, .ofs_x = 2, .ofs_y = -2},
    {.bitmap_index = 12124, .adv_w = 512, .box_w = 28, .box_h = 29, .ofs_x = 2, .ofs_y = -2},
    {.bitmap_index = 12226, .adv_w = 512, .box_w = 29, .box_h = 29, .ofs_x = 2, .ofs_y = -2},
    {.bitmap_index = 12332, .adv_w = 512, .box_w = 28, .box_h = 29, .ofs_x = 2, .ofs_y = -2},
    {.bitmap_index = 12434, .adv_w = 512, .box_w = 27, .box_h = 28, .ofs_x = 3, .ofs_y = -2},
    {.bitmap_index = 12529, .adv_w = 512, .box_w = 20, .box_h = 29, .ofs_x = 6, .ofs_y = -2},
    {.bitmap_index = 12602, .adv_w = 512, .box_w = 28, .box_h = 29, .ofs_x = 2, .ofs_y = -2},
    {.bitmap_index = 12704, .adv_w = 512, .box_w = 27, .box_h = 28, .ofs_x = 2, .ofs_y = -2},
    {.bitmap_index = 12799, .adv_w = 512, .box_w = 28, .box_h = 27, .ofs_x = 2, .ofs_y = -1},
    {.bitmap_index = 12894, .adv_w = 512, .box_w = 29, .box_h = 27, .ofs_x = 1, .ofs_y = -2},
    {.bitmap_index = 12992, .adv_w = 512, .box_w = 27, .box_h = 28, .ofs_x = 2, .ofs_y = -2},
    {.bitmap_index = 13087, .adv_w = 512, .box_w = 28, .box_h = 27, .ofs_x = 2, .ofs_y = -2},
    {.bitmap_index = 13182, .adv_w = 512, .box_w = 28, .box_h = 28, .ofs_x = 2, .ofs_y = -2},
    {.bitmap_index = 13280, .adv_w = 512, .box_w = 26, .box_h = 29, .ofs_x = 3, .ofs_y = -3},
    {.bitmap_index = 13375, .adv_w = 512, .box_w = 29, .box_h = 29, .ofs_x = 1, .ofs_y = -2},
    {.bitmap_index = 13481, .adv_w = 512, .box_w = 30, .box_h = 28, .ofs_x = 1, .ofs_y = -2},
    {.bitmap_index = 13586, .adv_w = 512, .box_w = 29, .box_h = 28, .ofs_x = 2, .ofs_y = -2},
    {.bitmap_index = 13688, .adv_w = 512, .box_w = 29, .box_h = 28, .ofs_x = 2, .ofs_y = -2},
    {.bitmap_index = 13790, .adv_w = 512, .box_w = 29, .box_h = 28, .ofs_x = 2, .ofs_y = -2},
    {.bitmap_index = 13892, .adv_w = 512, .box_w = 28, .box_h = 29, .ofs_x = 2, .ofs_y = -2},
    {.bitmap_index = 13994, .adv_w = 512, .box_w = 29, .box_h = 26, .ofs_x = 1, .ofs_y = -1},
    {.bitmap_index = 14089, .adv_w = 512, .box_w = 29, .box_h = 29, .ofs_x = 2, .ofs_y = -2},
    {.bitmap_index = 14195, .adv_w = 512, .box_w = 24, .box_h = 28, .ofs_x = 3, .ofs_y = -2},
    {.bitmap_index = 14279, .adv_w = 512, .box_w = 27, .box_h = 29, .ofs_x = 4, .ofs_y = -2},
    {.bitmap_index = 14377, .adv_w = 512, .box_w = 27, .box_h = 29, .ofs_x = 2, .ofs_y = -2},
    {.bitmap_index = 14475, .adv_w = 512, .box_w = 26, .box_h = 27, .ofs_x = 3, .ofs_y = -2},
    {.bitmap_index = 14563, .adv_w = 512, .box_w = 28, .box_h = 28, .ofs_x = 2, .ofs_y = -2},
    {.bitmap_index = 14661, .adv_w = 512, .box_w = 26, .box_h = 29, .ofs_x = 3, .ofs_y = -2},
    {.bitmap_index = 14756, .adv_w = 512, .box_w = 4, .box_h = 8, .ofs_x = 14, .ofs_y = -5},
    {.bitmap_index = 14760, .adv_w = 512, .box_w = 3, .box_h = 16, .ofs_x = 14, .ofs_y = 0}
};

/*---------------------
 *  CHARACTER MAPPING
 *--------------------*/

static const uint16_t unicode_list_4[] = {
    0x0, 0xe, 0x7a, 0xbd, 0xc9, 0x121, 0x126, 0x1b4,
    0x22f, 0x27b, 0x2a2, 0x318, 0x31c, 0x33b, 0x346, 0x358,
    0x399, 0x3cd, 0x3d9, 0x3f3, 0x409, 0x420, 0x47b, 0x4e9,
    0x534, 0x543, 0x555, 0x5a9, 0x5e0, 0x5e1, 0x5f9, 0x694,
    0x719, 0x8b1, 0x8fb, 0xac3, 0xada, 0xae0, 0xafa, 0xd2b,
    0xd5f, 0xd6d, 0xd8c, 0xd99, 0xe22, 0xfc5, 0x1047, 0x1079,
    0x10d3, 0x10e2, 0x1126, 0x1128, 0x117d, 0x11aa, 0x1235, 0x1242,
    0x13e3, 0x1413, 0x1453, 0x1578, 0x157a, 0x1617, 0x1671, 0x1722,
    0x175a, 0x17b8, 0x17c9, 0x1802, 0x1811, 0x18b0, 0x18db, 0x18dc,
    0x18ff, 0x19f4, 0x1a0f, 0x1bf4, 0x1d36, 0x1e07, 0x1f5b, 0x2063,
    0x2248, 0x2357, 0x241b, 0x255a, 0x2582, 0x26f2, 0x26fb, 0x2708,
    0x28a4, 0x29d4, 0x2a41, 0x2a83, 0x2b0d, 0x2ba4, 0x2ba5, 0x2bc3,
    0x2be0, 0x2d53, 0x2ece, 0x30b2, 0x3141, 0x33bd, 0x3bb6, 0x3bd3,
    0x3d83, 0x3d91, 0x3da8, 0x3dc0, 0x3dca, 0x3dd6, 0x4139, 0x417b,
    0x41a7, 0x41b1, 0x41ed, 0x42bb, 0x43a2, 0x46d4, 0x47c7, 0x4837,
    0x49c6, 0x4a48, 0x4a64, 0x4cab, 0xb0df, 0xb0ed
};

/*Collect the unicode lists and glyph_id offsets*/
static const lv_font_fmt_txt_cmap_t cmaps[] =
{
    {
        .range_start = 32, .range_length = 1, .glyph_id_start = 1,
        .unicode_list = NULL, .glyph_id_ofs_list = NULL, .list_length = 0, .type = LV_FONT_FMT_TXT_CMAP_FORMAT0_TINY
    },
    {
        .range_start = 45, .range_length = 14, .glyph_id_start = 2,
        .unicode_list = NULL, .glyph_id_ofs_list = NULL, .list_length = 0, .type = LV_FONT_FMT_TXT_CMAP_FORMAT0_TINY
    },
    {
        .range_start = 65, .range_length = 26, .glyph_id_start = 16,
        .unicode_list = NULL, .glyph_id_ofs_list = NULL, .list_length = 0, .type = LV_FONT_FMT_TXT_CMAP_FORMAT0_TINY
    },
    {
        .range_start = 97, .range_length = 26, .glyph_id_start = 42,
        .unicode_list = NULL, .glyph_id_ofs_list = NULL, .list_length = 0, .type = LV_FONT_FMT_TXT_CMAP_FORMAT0_TINY
    },
    {
        .range_start = 20013, .range_length = 45294, .glyph_id_start = 68,
        .unicode_list = unicode_list_4, .glyph_id_ofs_list = NULL, .list_length = 126, .type = LV_FONT_FMT_TXT_CMAP_SPARSE_TINY
    }
};



/*--------------------
 *  ALL CUSTOM DATA
 *--------------------*/

#if LV_VERSION_CHECK(8, 0, 0)
/*Store all the custom data of the font*/
static  lv_font_fmt_txt_glyph_cache_t cache;
static const lv_font_fmt_txt_dsc_t font_dsc = {
#else
static lv_font_fmt_txt_dsc_t font_dsc = {
#endif
    .glyph_bitmap = glyph_bitmap,
    .glyph_dsc = glyph_dsc,
    .cmaps = cmaps,
    .kern_dsc = NULL,
    .kern_scale = 0,
    .cmap_num = 5,
    .bpp = 1,
    .kern_classes = 0,
    .bitmap_format = 0,
#if LV_VERSION_CHECK(8, 0, 0)
    .cache = &cache
#endif
};


/*-----------------
 *  PUBLIC FONT
 *----------------*/

/*Initialize a public general font descriptor*/
#if LV_VERSION_CHECK(8, 0, 0)
const lv_font_t chinese_font_32 = {
#else
lv_font_t chinese_font_32 = {
#endif
    .get_glyph_dsc = lv_font_get_glyph_dsc_fmt_txt,    /*Function pointer to get glyph's data*/
    .get_glyph_bitmap = lv_font_get_bitmap_fmt_txt,    /*Function pointer to get glyph's bitmap*/
    .line_height = 33,          /*The maximum line height required by the font*/
    .base_line = 6,             /*Baseline measured from the bottom of the line*/
#if !(LVGL_VERSION_MAJOR == 6 && LVGL_VERSION_MINOR == 0)
    .subpx = LV_FONT_SUBPX_NONE,
#endif
#if LV_VERSION_CHECK(7, 4, 0) || LVGL_VERSION_MAJOR >= 8
    .underline_position = -3,
    .underline_thickness = 2,
#endif
    .dsc = &font_dsc           /*The custom font data. Will be accessed by `get_glyph_bitmap/dsc` */
};



#endif /*#if CHINESE_FONT_32*/

