/*******************************************************************************
 * Size: 30 px
 * Bpp: 1
 * Opts: 
 ******************************************************************************/

#ifdef LV_LVGL_H_INCLUDE_SIMPLE
#include "lvgl.h"
#else
#include "lvgl/lvgl.h"
#endif

#ifndef CHINESE_FONT_30
#define CHINESE_FONT_30 1
#endif

#if CHINESE_FONT_30

/*-----------------
 *    BITMAPS
 *----------------*/

/*Store the image of the glyphs*/
static LV_ATTRIBUTE_LARGE_CONST const uint8_t glyph_bitmap[] = {
    /* U+0020 " " */
    0x0,

    /* U+002D "-" */
    0xff, 0xff,

    /* U+002E "." */
    0xff, 0x80,

    /* U+002F "/" */
    0x3, 0x3, 0x3, 0x6, 0x6, 0x6, 0xe, 0xc,
    0xc, 0xc, 0x18, 0x18, 0x18, 0x38, 0x30, 0x30,
    0x30, 0x70, 0x60, 0x60, 0x60, 0xc0, 0xc0,

    /* U+0030 "0" */
    0xf, 0xc0, 0x7f, 0x83, 0x87, 0x1c, 0xe, 0x70,
    0x39, 0xc0, 0xee, 0x1, 0xf8, 0x7, 0xe0, 0x1f,
    0x80, 0x7e, 0x1, 0xf8, 0x7, 0xe0, 0x1f, 0x80,
    0x7e, 0x1, 0xf8, 0x7, 0x70, 0x39, 0xc0, 0xe7,
    0x3, 0x8e, 0x1c, 0x1f, 0xe0, 0x3f, 0x0,

    /* U+0031 "1" */
    0x1, 0x81, 0xc1, 0xe1, 0xf3, 0xfb, 0xdf, 0xcf,
    0x87, 0x3, 0x81, 0xc0, 0xe0, 0x70, 0x38, 0x1c,
    0xe, 0x7, 0x3, 0x81, 0xc0, 0xe0, 0x70, 0x38,
    0x1c,

    /* U+0032 "2" */
    0xf, 0xc0, 0x7f, 0xc3, 0x87, 0x9c, 0xe, 0x60,
    0x1d, 0x80, 0x72, 0x1, 0xc0, 0x7, 0x0, 0x3c,
    0x0, 0xe0, 0x7, 0x80, 0x3c, 0x1, 0xe0, 0xf,
    0x0, 0x78, 0x7, 0xc0, 0x1e, 0x0, 0xf0, 0x7,
    0x80, 0x1c, 0x0, 0xff, 0xff, 0xff, 0xf0,

    /* U+0033 "3" */
    0xf, 0x80, 0xff, 0x87, 0x8f, 0x1c, 0x1e, 0xe0,
    0x3b, 0x80, 0xe0, 0x3, 0x80, 0x1e, 0x0, 0xf0,
    0x1f, 0x80, 0x7f, 0x0, 0x1e, 0x0, 0x38, 0x0,
    0x70, 0x1, 0xc0, 0x7, 0xe0, 0x1f, 0x80, 0xfe,
    0x3, 0x9e, 0x1c, 0x3f, 0xe0, 0x3f, 0x0,

    /* U+0034 "4" */
    0x0, 0x70, 0x0, 0xe0, 0x3, 0xc0, 0xf, 0x80,
    0x1f, 0x0, 0x6e, 0x1, 0xdc, 0x3, 0x38, 0xe,
    0x70, 0x38, 0xe0, 0x61, 0xc1, 0xc3, 0x83, 0x7,
    0xc, 0xe, 0x38, 0x1c, 0x7f, 0xff, 0xff, 0xfe,
    0x0, 0xe0, 0x1, 0xc0, 0x3, 0x80, 0x7, 0x0,
    0xe, 0x0,

    /* U+0035 "5" */
    0x3f, 0xf8, 0xff, 0xe3, 0x0, 0x1c, 0x0, 0x70,
    0x1, 0xc0, 0x6, 0x0, 0x19, 0xf0, 0x7f, 0xe3,
    0xc3, 0xce, 0x3, 0x80, 0xf, 0x0, 0x1c, 0x0,
    0x70, 0x1, 0xc0, 0x7, 0xe0, 0x1f, 0x80, 0xee,
    0x3, 0x9e, 0x3c, 0x3f, 0xe0, 0x3e, 0x0,

    /* U+0036 "6" */
    0x7, 0xc0, 0x7f, 0xc3, 0xc7, 0x8e, 0xe, 0x70,
    0x39, 0xc0, 0x6e, 0x0, 0x38, 0x0, 0xe3, 0xc3,
    0xbf, 0xcf, 0xc7, 0xbc, 0xe, 0xf0, 0x1f, 0xc0,
    0x7e, 0x1, 0xf8, 0x7, 0x70, 0x1d, 0xc0, 0x77,
    0x83, 0x8f, 0x1e, 0x1f, 0xf0, 0x1f, 0x0,

    /* U+0037 "7" */
    0xff, 0xff, 0xff, 0xf0, 0x3, 0x80, 0x1c, 0x0,
    0x70, 0x3, 0x80, 0xe, 0x0, 0x70, 0x3, 0x80,
    0xe, 0x0, 0x38, 0x1, 0xc0, 0x7, 0x0, 0x38,
    0x0, 0xe0, 0x3, 0x80, 0xe, 0x0, 0x70, 0x1,
    0xc0, 0x7, 0x0, 0x1c, 0x0, 0x70, 0x0,

    /* U+0038 "8" */
    0xf, 0xc0, 0x7f, 0x83, 0x87, 0x1e, 0x1e, 0x70,
    0x39, 0xc0, 0xe7, 0x3, 0x9c, 0x1e, 0x38, 0x70,
    0x7f, 0x81, 0xfe, 0x1e, 0x1e, 0x70, 0x3b, 0x80,
    0x7e, 0x1, 0xf8, 0x7, 0xe0, 0x1f, 0x80, 0x77,
    0x3, 0x9e, 0x1e, 0x3f, 0xf0, 0x3f, 0x0,

    /* U+0039 "9" */
    0xf, 0x80, 0xff, 0x87, 0x87, 0x1c, 0xe, 0xf0,
    0x1b, 0x80, 0x6e, 0x1, 0xf8, 0x7, 0xe0, 0x1f,
    0x80, 0x77, 0x3, 0xde, 0x1f, 0x3f, 0xdc, 0x3e,
    0x70, 0x1, 0xc0, 0x7, 0x60, 0x19, 0x80, 0xe7,
    0x3, 0x1e, 0x1c, 0x3f, 0xe0, 0x3e, 0x0,

    /* U+003A ":" */
    0xff, 0x80, 0x0, 0x0, 0x1, 0xff,

    /* U+0041 "A" */
    0x0, 0xe0, 0x0, 0xf, 0x0, 0x1, 0xf0, 0x0,
    0x1b, 0x80, 0x1, 0xb8, 0x0, 0x39, 0x80, 0x3,
    0x9c, 0x0, 0x71, 0xc0, 0x7, 0xe, 0x0, 0x60,
    0xe0, 0xe, 0xe, 0x0, 0xe0, 0x70, 0xc, 0x7,
    0x1, 0xff, 0xf8, 0x1f, 0xff, 0x83, 0x80, 0x38,
    0x38, 0x1, 0xc3, 0x80, 0x1c, 0x70, 0x0, 0xe7,
    0x0, 0xe, 0x60, 0x0, 0xee, 0x0, 0x7,

    /* U+0042 "B" */
    0xff, 0xe0, 0xff, 0xf8, 0xe0, 0x3c, 0xe0, 0x1e,
    0xe0, 0xe, 0xe0, 0xe, 0xe0, 0xe, 0xe0, 0xe,
    0xe0, 0x1c, 0xe0, 0x38, 0xff, 0xf8, 0xff, 0xfc,
    0xe0, 0x1e, 0xe0, 0xf, 0xe0, 0x7, 0xe0, 0x7,
    0xe0, 0x7, 0xe0, 0x7, 0xe0, 0xe, 0xe0, 0x1e,
    0xff, 0xfc, 0xff, 0xf0,

    /* U+0043 "C" */
    0x1, 0xf8, 0x0, 0xff, 0xe0, 0x78, 0x1e, 0x1e,
    0x1, 0xc3, 0x80, 0x1c, 0xe0, 0x3, 0x9c, 0x0,
    0x27, 0x0, 0x0, 0xe0, 0x0, 0x1c, 0x0, 0x3,
    0x80, 0x0, 0x70, 0x0, 0xe, 0x0, 0x1, 0xc0,
    0x0, 0x38, 0x0, 0x23, 0x80, 0x7, 0x70, 0x1,
    0xe7, 0x0, 0x38, 0xf0, 0xe, 0xf, 0x3, 0xc0,
    0xff, 0xe0, 0x7, 0xf0, 0x0,

    /* U+0044 "D" */
    0xff, 0xf0, 0x3f, 0xff, 0xe, 0x1, 0xe3, 0x80,
    0x1c, 0xe0, 0x3, 0xb8, 0x0, 0xee, 0x0, 0x3b,
    0x80, 0x7, 0xe0, 0x1, 0xf8, 0x0, 0x7e, 0x0,
    0x1f, 0x80, 0x7, 0xe0, 0x1, 0xf8, 0x0, 0x7e,
    0x0, 0x1f, 0x80, 0xe, 0xe0, 0x3, 0xb8, 0x1,
    0xee, 0x0, 0x73, 0x80, 0x78, 0xff, 0xfc, 0x3f,
    0xfc, 0x0,

    /* U+0045 "E" */
    0xff, 0xff, 0xff, 0xff, 0xe0, 0x0, 0xe0, 0x0,
    0xe0, 0x0, 0xe0, 0x0, 0xe0, 0x0, 0xe0, 0x0,
    0xe0, 0x0, 0xe0, 0x0, 0xff, 0xfe, 0xff, 0xfe,
    0xe0, 0x0, 0xe0, 0x0, 0xe0, 0x0, 0xe0, 0x0,
    0xe0, 0x0, 0xe0, 0x0, 0xe0, 0x0, 0xe0, 0x0,
    0xff, 0xff, 0xff, 0xff,

    /* U+0046 "F" */
    0xff, 0xff, 0xff, 0xff, 0x80, 0x7, 0x0, 0xe,
    0x0, 0x1c, 0x0, 0x38, 0x0, 0x70, 0x0, 0xe0,
    0x1, 0xc0, 0x3, 0xff, 0xe7, 0xff, 0xce, 0x0,
    0x1c, 0x0, 0x38, 0x0, 0x70, 0x0, 0xe0, 0x1,
    0xc0, 0x3, 0x80, 0x7, 0x0, 0xe, 0x0, 0x1c,
    0x0, 0x0,

    /* U+0047 "G" */
    0x1, 0xfc, 0x0, 0x7f, 0xf8, 0x1f, 0x7, 0xc3,
    0xc0, 0x1e, 0x38, 0x0, 0xe7, 0x0, 0xe, 0x70,
    0x0, 0x6e, 0x0, 0x0, 0xe0, 0x0, 0xe, 0x0,
    0x0, 0xe0, 0x0, 0xe, 0x1, 0xff, 0xe0, 0x1f,
    0xfe, 0x0, 0x7, 0xe0, 0x0, 0x77, 0x0, 0x7,
    0x70, 0x0, 0x73, 0x80, 0x7, 0x1c, 0x0, 0xf0,
    0xf0, 0x3e, 0x7, 0xff, 0xc0, 0x1f, 0xe0,

    /* U+0048 "H" */
    0xe0, 0x3, 0xf0, 0x1, 0xf8, 0x0, 0xfc, 0x0,
    0x7e, 0x0, 0x3f, 0x0, 0x1f, 0x80, 0xf, 0xc0,
    0x7, 0xe0, 0x3, 0xf0, 0x1, 0xff, 0xff, 0xff,
    0xff, 0xfe, 0x0, 0x3f, 0x0, 0x1f, 0x80, 0xf,
    0xc0, 0x7, 0xe0, 0x3, 0xf0, 0x1, 0xf8, 0x0,
    0xfc, 0x0, 0x7e, 0x0, 0x3f, 0x0, 0x1c,

    /* U+0049 "I" */
    0xff, 0xff, 0xff, 0xff, 0xff, 0xff, 0xff, 0xff,
    0xc0,

    /* U+004A "J" */
    0x0, 0x70, 0x7, 0x0, 0x70, 0x7, 0x0, 0x70,
    0x7, 0x0, 0x70, 0x7, 0x0, 0x70, 0x7, 0x0,
    0x70, 0x7, 0x0, 0x70, 0x7, 0x0, 0x70, 0x7,
    0xe0, 0x7e, 0x7, 0xf0, 0x67, 0xe, 0x7f, 0xc1,
    0xf8,

    /* U+004B "K" */
    0xe0, 0x7, 0xb8, 0x3, 0xce, 0x1, 0xe3, 0x80,
    0xf0, 0xe0, 0x78, 0x38, 0x3c, 0xe, 0x1e, 0x3,
    0x8f, 0x0, 0xe7, 0x80, 0x3b, 0xe0, 0xf, 0xfc,
    0x3, 0xf7, 0x0, 0xf8, 0xe0, 0x3c, 0x3c, 0xe,
    0x7, 0x83, 0x80, 0xe0, 0xe0, 0x3c, 0x38, 0x7,
    0x8e, 0x0, 0xe3, 0x80, 0x3c, 0xe0, 0x7, 0xb8,
    0x0, 0xf0,

    /* U+004C "L" */
    0xe0, 0x3, 0x80, 0xe, 0x0, 0x38, 0x0, 0xe0,
    0x3, 0x80, 0xe, 0x0, 0x38, 0x0, 0xe0, 0x3,
    0x80, 0xe, 0x0, 0x38, 0x0, 0xe0, 0x3, 0x80,
    0xe, 0x0, 0x38, 0x0, 0xe0, 0x3, 0x80, 0xe,
    0x0, 0x38, 0x0, 0xff, 0xff, 0xff, 0xf0,

    /* U+004D "M" */
    0xf8, 0x0, 0x7f, 0xc0, 0x7, 0xfe, 0x0, 0x3f,
    0xf8, 0x1, 0xff, 0xc0, 0x1f, 0xf6, 0x0, 0xdf,
    0xb8, 0x6, 0xfd, 0xc0, 0x77, 0xe6, 0x3, 0x3f,
    0x38, 0x19, 0xf9, 0xc1, 0xcf, 0xc6, 0xc, 0x7e,
    0x38, 0x63, 0xf1, 0xc7, 0x1f, 0x86, 0x30, 0xfc,
    0x39, 0x87, 0xe1, 0xdc, 0x3f, 0x6, 0xc1, 0xf8,
    0x3e, 0xf, 0xc1, 0xf0, 0x7e, 0x7, 0x3, 0xf0,
    0x38, 0x1c,

    /* U+004E "N" */
    0xe0, 0x3, 0xf8, 0x1, 0xfe, 0x0, 0xff, 0x0,
    0x7f, 0xc0, 0x3f, 0xf0, 0x1f, 0xb8, 0xf, 0xce,
    0x7, 0xe7, 0x83, 0xf1, 0xc1, 0xf8, 0x70, 0xfc,
    0x38, 0x7e, 0xe, 0x3f, 0x7, 0x9f, 0x81, 0xcf,
    0xc0, 0x77, 0xe0, 0x3f, 0xf0, 0xf, 0xf8, 0x3,
    0xfc, 0x1, 0xfe, 0x0, 0x7f, 0x0, 0x1c,

    /* U+004F "O" */
    0x1, 0xfc, 0x0, 0x3f, 0xf8, 0x7, 0xc1, 0xf0,
    0x78, 0x3, 0x83, 0x80, 0xe, 0x38, 0x0, 0x39,
    0xc0, 0x1, 0xdc, 0x0, 0x7, 0xe0, 0x0, 0x3f,
    0x0, 0x1, 0xf8, 0x0, 0xf, 0xc0, 0x0, 0x7e,
    0x0, 0x3, 0xf0, 0x0, 0x1f, 0x80, 0x0, 0xee,
    0x0, 0xe, 0x70, 0x0, 0x71, 0xc0, 0x7, 0x7,
    0x0, 0x78, 0x3e, 0xf, 0x80, 0x7f, 0xf0, 0x0,
    0xfe, 0x0,

    /* U+0050 "P" */
    0xff, 0xf0, 0xff, 0xfc, 0xe0, 0x1e, 0xe0, 0xe,
    0xe0, 0x7, 0xe0, 0x7, 0xe0, 0x7, 0xe0, 0x7,
    0xe0, 0x7, 0xe0, 0xe, 0xe0, 0x1e, 0xff, 0xfc,
    0xff, 0xf0, 0xe0, 0x0, 0xe0, 0x0, 0xe0, 0x0,
    0xe0, 0x0, 0xe0, 0x0, 0xe0, 0x0, 0xe0, 0x0,
    0xe0, 0x0, 0xe0, 0x0,

    /* U+0051 "Q" */
    0x1, 0xfc, 0x0, 0x3f, 0xf8, 0x7, 0xc1, 0xe0,
    0x78, 0x3, 0x83, 0x80, 0xe, 0x38, 0x0, 0x39,
    0xc0, 0x1, 0xdc, 0x0, 0x7, 0xe0, 0x0, 0x3f,
    0x0, 0x1, 0xf8, 0x0, 0xf, 0xc0, 0x0, 0x7e,
    0x0, 0x3, 0xf0, 0x0, 0x1f, 0x80, 0x0, 0xee,
    0x0, 0xe, 0x70, 0x18, 0x71, 0xc0, 0xf7, 0x7,
    0x3, 0xf8, 0x1e, 0xf, 0x80, 0x7f, 0xfe, 0x0,
    0xfe, 0x3c, 0x0, 0x0, 0xe0,

    /* U+0052 "R" */
    0xff, 0xfc, 0x1f, 0xff, 0xc3, 0x80, 0x3c, 0x70,
    0x3, 0xce, 0x0, 0x39, 0xc0, 0x7, 0x38, 0x0,
    0xe7, 0x0, 0x1c, 0xe0, 0x7, 0x1c, 0x1, 0xe3,
    0xff, 0xf8, 0x7f, 0xf8, 0xe, 0x7, 0x1, 0xc0,
    0x70, 0x38, 0x7, 0x7, 0x0, 0xf0, 0xe0, 0xe,
    0x1c, 0x0, 0xe3, 0x80, 0x1e, 0x70, 0x1, 0xce,
    0x0, 0x3d, 0xc0, 0x3, 0x80,

    /* U+0053 "S" */
    0x7, 0xf0, 0xf, 0xfe, 0xf, 0x7, 0x87, 0x0,
    0xe7, 0x0, 0x73, 0x80, 0x39, 0xc0, 0x0, 0xf0,
    0x0, 0x3f, 0x0, 0x1f, 0xf8, 0x7, 0xff, 0x0,
    0x7f, 0xc0, 0x7, 0xf0, 0x0, 0x7c, 0x0, 0x1f,
    0xc0, 0x7, 0xe0, 0x3, 0xf8, 0x1, 0xde, 0x1,
    0xc7, 0x81, 0xc1, 0xff, 0xc0, 0x3f, 0x80,

    /* U+0054 "T" */
    0xff, 0xff, 0xff, 0xff, 0xc0, 0x70, 0x0, 0x38,
    0x0, 0x1c, 0x0, 0xe, 0x0, 0x7, 0x0, 0x3,
    0x80, 0x1, 0xc0, 0x0, 0xe0, 0x0, 0x70, 0x0,
    0x38, 0x0, 0x1c, 0x0, 0xe, 0x0, 0x7, 0x0,
    0x3, 0x80, 0x1, 0xc0, 0x0, 0xe0, 0x0, 0x70,
    0x0, 0x38, 0x0, 0x1c, 0x0, 0xe, 0x0,

    /* U+0055 "U" */
    0xe0, 0x3, 0xf0, 0x1, 0xf8, 0x0, 0xfc, 0x0,
    0x7e, 0x0, 0x3f, 0x0, 0x1f, 0x80, 0xf, 0xc0,
    0x7, 0xe0, 0x3, 0xf0, 0x1, 0xf8, 0x0, 0xfc,
    0x0, 0x7e, 0x0, 0x3f, 0x0, 0x1f, 0x80, 0xf,
    0xc0, 0x7, 0xe0, 0x3, 0xb8, 0x3, 0x9c, 0x1,
    0xc7, 0x83, 0xc1, 0xff, 0xc0, 0x3f, 0x80,

    /* U+0056 "V" */
    0xe0, 0x0, 0x77, 0x0, 0xe, 0x70, 0x0, 0xe7,
    0x0, 0xc, 0x38, 0x1, 0xc3, 0x80, 0x1c, 0x1c,
    0x1, 0x81, 0xc0, 0x38, 0x1c, 0x3, 0x80, 0xe0,
    0x70, 0xe, 0x7, 0x0, 0x60, 0x60, 0x7, 0xe,
    0x0, 0x70, 0xe0, 0x3, 0xc, 0x0, 0x39, 0xc0,
    0x3, 0x9c, 0x0, 0x19, 0x80, 0x1, 0xf8, 0x0,
    0xf, 0x0, 0x0, 0xf0, 0x0, 0xf, 0x0,

    /* U+0057 "W" */
    0xe0, 0xf, 0x0, 0x77, 0x0, 0xf0, 0x7, 0x70,
    0xf, 0x80, 0x67, 0x0, 0xf8, 0xe, 0x30, 0x1d,
    0x80, 0xe3, 0x81, 0x98, 0xe, 0x38, 0x19, 0xc0,
    0xc3, 0x83, 0x9c, 0x1c, 0x18, 0x38, 0xc1, 0xc1,
    0x83, 0xe, 0x18, 0x1c, 0x30, 0xe1, 0x81, 0xc7,
    0xe, 0x38, 0xc, 0x70, 0x63, 0x80, 0xc6, 0x7,
    0x30, 0xe, 0xe0, 0x73, 0x0, 0xee, 0x3, 0x70,
    0x6, 0xc0, 0x37, 0x0, 0x6c, 0x3, 0x60, 0x6,
    0xc0, 0x3e, 0x0, 0x7c, 0x1, 0xe0, 0x3, 0x80,
    0x1c, 0x0, 0x38, 0x1, 0xc0,

    /* U+0058 "X" */
    0x78, 0x0, 0xe3, 0xc0, 0x1c, 0x1c, 0x3, 0x80,
    0xe0, 0x38, 0xf, 0x7, 0x0, 0x70, 0xe0, 0x3,
    0x9e, 0x0, 0x3d, 0xc0, 0x1, 0xf8, 0x0, 0xf,
    0x0, 0x0, 0xf0, 0x0, 0xf, 0x80, 0x1, 0xf8,
    0x0, 0x3f, 0xc0, 0x3, 0x9e, 0x0, 0x70, 0xe0,
    0xe, 0x7, 0x1, 0xe0, 0x78, 0x1c, 0x3, 0x83,
    0x80, 0x1c, 0x78, 0x1, 0xef, 0x0, 0xe,

    /* U+0059 "Y" */
    0xf0, 0x0, 0xe7, 0x0, 0x1e, 0x78, 0x1, 0xc3,
    0x80, 0x38, 0x1c, 0x7, 0x81, 0xe0, 0x70, 0xe,
    0xe, 0x0, 0x71, 0xe0, 0x7, 0x9c, 0x0, 0x3b,
    0x80, 0x1, 0xf0, 0x0, 0x1f, 0x0, 0x0, 0xe0,
    0x0, 0xe, 0x0, 0x0, 0xe0, 0x0, 0xe, 0x0,
    0x0, 0xe0, 0x0, 0xe, 0x0, 0x0, 0xe0, 0x0,
    0xe, 0x0, 0x0, 0xe0, 0x0, 0xe, 0x0,

    /* U+005A "Z" */
    0x7f, 0xff, 0x3f, 0xff, 0x80, 0x3, 0xc0, 0x3,
    0xc0, 0x1, 0xc0, 0x1, 0xc0, 0x1, 0xe0, 0x0,
    0xe0, 0x0, 0xe0, 0x0, 0xf0, 0x0, 0x70, 0x0,
    0x70, 0x0, 0x70, 0x0, 0x78, 0x0, 0x38, 0x0,
    0x38, 0x0, 0x3c, 0x0, 0x1c, 0x0, 0x1c, 0x0,
    0x1c, 0x0, 0xf, 0xff, 0xff, 0xff, 0xfc,

    /* U+0061 "a" */
    0xf, 0xe0, 0x7f, 0xf1, 0xe0, 0xf3, 0x80, 0xee,
    0x1, 0xc0, 0x3, 0x80, 0x3f, 0xf, 0xfe, 0x7f,
    0x9d, 0xe0, 0x3b, 0x80, 0x77, 0x0, 0xee, 0x3,
    0xde, 0x1f, 0x9f, 0xf7, 0xf, 0x87,

    /* U+0062 "b" */
    0xe0, 0x3, 0x80, 0xe, 0x0, 0x38, 0x0, 0xe0,
    0x3, 0x80, 0xe, 0x7c, 0x3f, 0xfc, 0xf8, 0x73,
    0xc0, 0xef, 0x3, 0xb8, 0x7, 0xe0, 0x1f, 0x80,
    0x7e, 0x1, 0xf8, 0x7, 0xe0, 0x1f, 0x80, 0xef,
    0x3, 0xbe, 0x1c, 0xef, 0xe3, 0x9f, 0x0,

    /* U+0063 "c" */
    0xf, 0xc0, 0x7f, 0xc3, 0x87, 0x9c, 0xe, 0xf0,
    0x1f, 0x80, 0xe, 0x0, 0x38, 0x0, 0xe0, 0x3,
    0x80, 0xe, 0x1, 0xdc, 0x7, 0x70, 0x38, 0xe1,
    0xe1, 0xff, 0x3, 0xf0,

    /* U+0064 "d" */
    0x0, 0x1c, 0x0, 0x70, 0x1, 0xc0, 0x7, 0x0,
    0x1c, 0x0, 0x70, 0xf9, 0xcf, 0xff, 0x38, 0x7d,
    0xc0, 0xff, 0x3, 0xf8, 0x7, 0xe0, 0x1f, 0x80,
    0x7e, 0x1, 0xf8, 0x7, 0xe0, 0x1d, 0xc0, 0xf7,
    0x3, 0xce, 0x1f, 0x1f, 0xdc, 0x3e, 0x70,

    /* U+0065 "e" */
    0xf, 0xc0, 0x7f, 0xc3, 0x87, 0x9c, 0xe, 0x60,
    0x1f, 0x80, 0x7f, 0xff, 0xff, 0xff, 0xe0, 0x3,
    0x80, 0xe, 0x1, 0x1c, 0x7, 0x70, 0x38, 0xe1,
    0xe1, 0xff, 0x3, 0xf0,

    /* U+0066 "f" */
    0xf, 0x8f, 0xcf, 0x7, 0x3, 0x81, 0xc3, 0xfd,
    0xfe, 0x38, 0x1c, 0xe, 0x7, 0x3, 0x81, 0xc0,
    0xe0, 0x70, 0x38, 0x1c, 0xe, 0x7, 0x3, 0x81,
    0xc0,

    /* U+0067 "g" */
    0xf, 0x9c, 0xff, 0x73, 0x87, 0xdc, 0xf, 0x70,
    0x3f, 0x80, 0x7e, 0x1, 0xf8, 0x7, 0xe0, 0x1f,
    0x80, 0x7e, 0x1, 0xdc, 0xf, 0x70, 0x3c, 0xe1,
    0xf1, 0xff, 0xc3, 0xe7, 0x0, 0x1d, 0x0, 0x76,
    0x3, 0x9c, 0x1e, 0x3f, 0xf0, 0x3f, 0x0,

    /* U+0068 "h" */
    0xe0, 0x7, 0x0, 0x38, 0x1, 0xc0, 0xe, 0x0,
    0x70, 0x3, 0x9f, 0x1f, 0xfe, 0xf8, 0x77, 0x81,
    0xf8, 0xf, 0xc0, 0x7e, 0x3, 0xf0, 0x1f, 0x80,
    0xfc, 0x7, 0xe0, 0x3f, 0x1, 0xf8, 0xf, 0xc0,
    0x7e, 0x3, 0xf0, 0x1c,

    /* U+0069 "i" */
    0xff, 0x80, 0x3f, 0xff, 0xff, 0xff, 0xff, 0xff,
    0xc0,

    /* U+006A "j" */
    0x1c, 0x71, 0xc0, 0x0, 0x1, 0xc7, 0x1c, 0x71,
    0xc7, 0x1c, 0x71, 0xc7, 0x1c, 0x71, 0xc7, 0x1c,
    0x71, 0xc7, 0x1c, 0x7f, 0xbc,

    /* U+006B "k" */
    0xe0, 0x7, 0x0, 0x38, 0x1, 0xc0, 0xe, 0x0,
    0x70, 0x3, 0x81, 0xdc, 0x1c, 0xe1, 0xc7, 0x1c,
    0x39, 0xc1, 0xdc, 0xf, 0xe0, 0x7f, 0x83, 0xdc,
    0x1c, 0x70, 0xe1, 0xc7, 0xe, 0x38, 0x39, 0xc1,
    0xee, 0x7, 0x70, 0x1c,

    /* U+006C "l" */
    0xff, 0xff, 0xff, 0xff, 0xff, 0xff, 0xff, 0xff,
    0xc0,

    /* U+006D "m" */
    0xe7, 0xc3, 0xe7, 0xff, 0x7f, 0xbe, 0x3f, 0x1f,
    0xe0, 0xf0, 0x7e, 0x7, 0x3, 0xf0, 0x38, 0x1f,
    0x81, 0xc0, 0xfc, 0xe, 0x7, 0xe0, 0x70, 0x3f,
    0x3, 0x81, 0xf8, 0x1c, 0xf, 0xc0, 0xe0, 0x7e,
    0x7, 0x3, 0xf0, 0x38, 0x1f, 0x81, 0xc0, 0xfc,
    0xe, 0x7,

    /* U+006E "n" */
    0xe7, 0xc7, 0xff, 0xbe, 0x1d, 0xe0, 0x7e, 0x3,
    0xf0, 0x1f, 0x80, 0xfc, 0x7, 0xe0, 0x3f, 0x1,
    0xf8, 0xf, 0xc0, 0x7e, 0x3, 0xf0, 0x1f, 0x80,
    0xfc, 0x7,

    /* U+006F "o" */
    0x7, 0xc0, 0x3f, 0xe0, 0xf1, 0xe3, 0x80, 0xe7,
    0x1, 0xdc, 0x1, 0xf8, 0x3, 0xf0, 0x7, 0xe0,
    0xf, 0xc0, 0x1f, 0x80, 0x3b, 0x80, 0xe7, 0x1,
    0xc7, 0x87, 0x7, 0xfc, 0x3, 0xe0,

    /* U+0070 "p" */
    0xe7, 0xc3, 0xff, 0xcf, 0x87, 0x3c, 0xe, 0xe0,
    0x3b, 0x80, 0x7e, 0x1, 0xf8, 0x7, 0xe0, 0x1f,
    0x80, 0x7e, 0x1, 0xf8, 0xe, 0xf0, 0x3b, 0xe1,
    0xcf, 0xfe, 0x39, 0xf0, 0xe0, 0x3, 0x80, 0xe,
    0x0, 0x38, 0x0, 0xe0, 0x3, 0x80, 0x0,

    /* U+0071 "q" */
    0xf, 0x9c, 0xff, 0x73, 0x87, 0xdc, 0xf, 0xf0,
    0x1f, 0x80, 0x7e, 0x1, 0xf8, 0x7, 0xe0, 0x1f,
    0x80, 0x7e, 0x1, 0xdc, 0x7, 0x70, 0x3c, 0xe1,
    0xf1, 0xff, 0xc3, 0xe7, 0x0, 0x1c, 0x0, 0x70,
    0x1, 0xc0, 0x7, 0x0, 0x1c, 0x0, 0x70,

    /* U+0072 "r" */
    0xef, 0x7f, 0xbe, 0x1e, 0xe, 0x7, 0x3, 0x81,
    0xc0, 0xe0, 0x70, 0x38, 0x1c, 0xe, 0x7, 0x3,
    0x81, 0xc0,

    /* U+0073 "s" */
    0x1f, 0x83, 0xff, 0x3c, 0x3d, 0xc0, 0xee, 0x0,
    0x78, 0x1, 0xfc, 0x7, 0xfc, 0xf, 0xf0, 0xf,
    0xc0, 0xf, 0xc0, 0x7e, 0x3, 0xf8, 0x39, 0xff,
    0x83, 0xf8,

    /* U+0074 "t" */
    0x0, 0x30, 0xe1, 0xc3, 0x87, 0x3f, 0xff, 0x38,
    0x70, 0xe1, 0xc3, 0x87, 0xe, 0x1c, 0x38, 0x70,
    0xe1, 0xc3, 0xe3, 0xc0,

    /* U+0075 "u" */
    0xe0, 0x3f, 0x1, 0xf8, 0xf, 0xc0, 0x7e, 0x3,
    0xf0, 0x1f, 0x80, 0xfc, 0x7, 0xe0, 0x3f, 0x1,
    0xf8, 0xf, 0xc0, 0x7e, 0x7, 0xb8, 0x7d, 0xfe,
    0xe3, 0xe7,

    /* U+0076 "v" */
    0x60, 0xc, 0xe0, 0x39, 0xc0, 0x71, 0x80, 0xc3,
    0x83, 0x87, 0x7, 0x6, 0xc, 0xe, 0x38, 0xc,
    0x70, 0x18, 0xc0, 0x3b, 0x80, 0x36, 0x0, 0x6c,
    0x0, 0xf8, 0x0, 0xe0, 0x1, 0xc0,

    /* U+0077 "w" */
    0xe0, 0x70, 0x19, 0x81, 0xe0, 0xe7, 0x7, 0x83,
    0x9c, 0x1e, 0xc, 0x70, 0xf8, 0x30, 0xc3, 0x71,
    0xc3, 0x8d, 0xc7, 0xe, 0x33, 0x18, 0x19, 0xcc,
    0xe0, 0x66, 0x3b, 0x81, 0xd8, 0xec, 0x3, 0x61,
    0xb0, 0xf, 0x87, 0xc0, 0x3c, 0x1e, 0x0, 0xf0,
    0x38, 0x1, 0xc0, 0xe0,

    /* U+0078 "x" */
    0x70, 0x1c, 0x70, 0x70, 0xf1, 0xe0, 0xe3, 0x80,
    0xee, 0x1, 0xf8, 0x1, 0xf0, 0x1, 0xc0, 0x7,
    0xc0, 0xf, 0x80, 0x3b, 0x80, 0xe3, 0x81, 0xc7,
    0x7, 0x7, 0x1c, 0x7, 0x38, 0xe,

    /* U+0079 "y" */
    0x70, 0xe, 0xe0, 0x19, 0xc0, 0x71, 0xc0, 0xc3,
    0x83, 0x87, 0x7, 0x7, 0xc, 0xe, 0x38, 0xc,
    0x70, 0x1c, 0xc0, 0x3b, 0x80, 0x36, 0x0, 0x7c,
    0x0, 0xf8, 0x0, 0xe0, 0x1, 0xc0, 0x3, 0x80,
    0x6, 0x0, 0x1c, 0x0, 0x30, 0x3, 0xe0, 0x7,
    0x80, 0x0,

    /* U+007A "z" */
    0xff, 0xfb, 0xff, 0xe0, 0x7, 0x0, 0x3c, 0x0,
    0xe0, 0x7, 0x0, 0x38, 0x1, 0xc0, 0xf, 0x0,
    0x38, 0x1, 0xc0, 0xe, 0x0, 0x70, 0x3, 0xc0,
    0xf, 0xff, 0xff, 0xff,

    /* U+4E2D "中" */
    0x0, 0x30, 0x0, 0x0, 0xc0, 0x0, 0x3, 0x0,
    0x0, 0xc, 0x0, 0x0, 0x30, 0x3, 0xff, 0xff,
    0xff, 0xff, 0xff, 0xf0, 0xc, 0x3, 0xc0, 0x30,
    0xf, 0x0, 0xc0, 0x3c, 0x3, 0x0, 0xf0, 0xc,
    0x3, 0xc0, 0x30, 0xf, 0x0, 0xc0, 0x3f, 0xff,
    0xff, 0xff, 0xff, 0xff, 0xc0, 0x30, 0xf, 0x0,
    0xc0, 0x30, 0x3, 0x0, 0x0, 0xc, 0x0, 0x0,
    0x30, 0x0, 0x0, 0xc0, 0x0, 0x3, 0x0, 0x0,
    0xc, 0x0, 0x0, 0x30, 0x0, 0x0, 0xc0, 0x0,

    /* U+4E3B "主" */
    0x0, 0x40, 0x0, 0x0, 0x70, 0x0, 0x0, 0x1c,
    0x0, 0x0, 0x7, 0x0, 0x0, 0x1, 0xc0, 0x0,
    0x0, 0x70, 0x0, 0x0, 0x0, 0x0, 0xff, 0xff,
    0xfe, 0x7f, 0xff, 0xff, 0x0, 0xe, 0x0, 0x0,
    0x7, 0x0, 0x0, 0x3, 0x80, 0x0, 0x1, 0xc0,
    0x0, 0x0, 0xe0, 0x0, 0x0, 0x70, 0x0, 0x3f,
    0xff, 0xf8, 0x1f, 0xff, 0xfc, 0x0, 0xe, 0x0,
    0x0, 0x7, 0x0, 0x0, 0x3, 0x80, 0x0, 0x1,
    0xc0, 0x0, 0x0, 0xe0, 0x0, 0x0, 0x70, 0x0,
    0x0, 0x38, 0x0, 0xff, 0xff, 0xff, 0xff, 0xff,
    0xff, 0xc0,

    /* U+4EA7 "产" */
    0x0, 0x0, 0x0, 0x0, 0x7, 0x0, 0x0, 0x0,
    0xe0, 0x0, 0x0, 0x1c, 0x0, 0x0, 0x3, 0x0,
    0xf, 0xff, 0xff, 0xf3, 0xff, 0xff, 0xfc, 0x0,
    0x0, 0x80, 0x0, 0xc0, 0x30, 0x0, 0x18, 0x1c,
    0x0, 0x7, 0x6, 0x0, 0x0, 0xc3, 0x80, 0xf,
    0xff, 0xff, 0xc3, 0xff, 0xff, 0xf0, 0xe0, 0x0,
    0x0, 0x38, 0x0, 0x0, 0xe, 0x0, 0x0, 0x3,
    0x80, 0x0, 0x0, 0xe0, 0x0, 0x0, 0x38, 0x0,
    0x0, 0xe, 0x0, 0x0, 0x3, 0x80, 0x0, 0x0,
    0xc0, 0x0, 0x0, 0x70, 0x0, 0x0, 0x18, 0x0,
    0x0, 0x1e, 0x0, 0x0, 0x7, 0x0, 0x0, 0x0,
    0x80, 0x0, 0x0,

    /* U+4EEA "仪" */
    0x0, 0x80, 0x0, 0x0, 0x18, 0x20, 0x0, 0x7,
    0xe, 0x0, 0x0, 0xc0, 0xe0, 0x0, 0x1b, 0x1c,
    0x30, 0x7, 0x61, 0xc6, 0x0, 0xcc, 0x38, 0xc0,
    0x39, 0xc2, 0x38, 0x6, 0x18, 0x7, 0x1, 0xc3,
    0x0, 0xc0, 0x38, 0x60, 0x18, 0xf, 0x6, 0x7,
    0x3, 0xe0, 0xc0, 0xc0, 0xec, 0x1c, 0x18, 0x39,
    0x81, 0x87, 0x2, 0x30, 0x38, 0xc0, 0x6, 0x3,
    0x38, 0x0, 0xc0, 0x7e, 0x0, 0x18, 0x7, 0x80,
    0x3, 0x0, 0x70, 0x0, 0x60, 0x1f, 0x0, 0xc,
    0x7, 0x70, 0x1, 0x83, 0xc7, 0x0, 0x30, 0xf0,
    0x78, 0x6, 0x78, 0x7, 0xc0, 0xde, 0x0, 0x3c,
    0x19, 0x0, 0x3, 0x0,

    /* U+4EF6 "件" */
    0x1, 0x80, 0xe0, 0x0, 0x70, 0x1c, 0x0, 0xc,
    0x43, 0x80, 0x1, 0x8c, 0x70, 0x0, 0x31, 0x8e,
    0x0, 0xe, 0x31, 0xc0, 0x1, 0x8f, 0xff, 0xe0,
    0x71, 0xff, 0xfc, 0xe, 0x30, 0xe0, 0x3, 0xce,
    0x1c, 0x0, 0x79, 0x83, 0x80, 0x1f, 0x70, 0x70,
    0x7, 0x64, 0xe, 0x0, 0xec, 0x1, 0xc0, 0x19,
    0xbf, 0xff, 0xf8, 0x37, 0xff, 0xff, 0x6, 0x0,
    0xe0, 0x0, 0xc0, 0x1c, 0x0, 0x18, 0x3, 0x80,
    0x3, 0x0, 0x70, 0x0, 0x60, 0xe, 0x0, 0xc,
    0x1, 0xc0, 0x1, 0x80, 0x38, 0x0, 0x30, 0x7,
    0x0, 0x6, 0x0, 0xe0, 0x0, 0xc0, 0x1c, 0x0,
    0x18, 0x3, 0x80, 0x0,

    /* U+4F4E "低" */
    0x3, 0x0, 0x3, 0x0, 0x60, 0x3, 0xf0, 0x1c,
    0xf, 0xf8, 0x3, 0x3f, 0xf8, 0x0, 0xe7, 0xee,
    0x0, 0x1c, 0xc1, 0xc0, 0x3, 0x18, 0x38, 0x0,
    0xe3, 0x7, 0x0, 0x1c, 0x60, 0xe0, 0x7, 0x8f,
    0xff, 0xf9, 0xf1, 0xff, 0xff, 0x76, 0x30, 0x30,
    0xe, 0xc6, 0x6, 0x0, 0x98, 0xc0, 0xc0, 0x3,
    0x18, 0x1c, 0x0, 0x63, 0x3, 0x80, 0xc, 0x60,
    0x30, 0x1, 0x8c, 0x6, 0x0, 0x31, 0x80, 0xc0,
    0x6, 0x31, 0xdc, 0x0, 0xc7, 0xf9, 0x84, 0x1b,
    0xfe, 0x31, 0xc3, 0x38, 0x7, 0x38, 0x60, 0x0,
    0x66, 0xc, 0xff, 0xce, 0xc1, 0x9f, 0xf8, 0xf8,
    0x30, 0x0, 0xe, 0x0,

    /* U+4F53 "体" */
    0x1, 0x80, 0x60, 0x0, 0x18, 0x6, 0x0, 0x1,
    0x80, 0x60, 0x0, 0x38, 0x6, 0x0, 0x3, 0x0,
    0x60, 0x0, 0x37, 0xff, 0xfe, 0x6, 0x7f, 0xff,
    0xe0, 0x60, 0x3f, 0x80, 0xe, 0x3, 0xfc, 0x0,
    0xe0, 0x36, 0xc0, 0x1e, 0x7, 0x6c, 0x3, 0xe0,
    0x76, 0xe0, 0x76, 0xe, 0x66, 0xe, 0x60, 0xe6,
    0x70, 0x26, 0x1c, 0x63, 0x0, 0x63, 0xc6, 0x38,
    0x6, 0x78, 0x61, 0xc0, 0x6f, 0x6, 0xe, 0x7,
    0xef, 0xff, 0x70, 0x64, 0xff, 0xf2, 0x6, 0x0,
    0x60, 0x0, 0x60, 0x6, 0x0, 0x6, 0x0, 0x60,
    0x0, 0x60, 0x6, 0x0, 0x6, 0x0, 0x60, 0x0,
    0x60, 0x6, 0x0,

    /* U+4FE1 "信" */
    0x1, 0x9f, 0xff, 0xc0, 0x39, 0xff, 0xfc, 0x3,
    0x0, 0x0, 0x0, 0x30, 0x0, 0x0, 0x7, 0x7f,
    0xff, 0xf0, 0x67, 0xff, 0xff, 0xe, 0x0, 0x0,
    0x0, 0xe0, 0x0, 0x0, 0x1e, 0x1f, 0xff, 0xc3,
    0xe1, 0xff, 0xfc, 0x3e, 0x0, 0x0, 0x7, 0x60,
    0x0, 0x0, 0x66, 0x1f, 0xff, 0xc0, 0x61, 0xff,
    0xfc, 0x6, 0x0, 0x0, 0x0, 0x60, 0x0, 0x0,
    0x6, 0x0, 0x0, 0x0, 0x61, 0xff, 0xfc, 0x6,
    0x1f, 0xff, 0xc0, 0x61, 0x80, 0x1c, 0x6, 0x18,
    0x1, 0xc0, 0x61, 0x80, 0x1c, 0x6, 0x1f, 0xff,
    0xc0, 0x61, 0xff, 0xfc, 0x6, 0x18, 0x1, 0xc0,
    0x61, 0x80, 0x1c,

    /* U+505C "停" */
    0x3, 0x80, 0xc0, 0x0, 0xe0, 0x30, 0x0, 0x7f,
    0xff, 0xfc, 0x1f, 0xff, 0xff, 0x7, 0x0, 0x0,
    0x3, 0x80, 0x0, 0x0, 0xc1, 0xff, 0xe0, 0x70,
    0x7f, 0xf8, 0x1c, 0x18, 0x6, 0xf, 0x6, 0x1,
    0x83, 0xc1, 0xff, 0xe1, 0xf0, 0x7f, 0xf8, 0xec,
    0x0, 0x0, 0x33, 0x3f, 0xff, 0xf0, 0xcf, 0xff,
    0xfc, 0x33, 0x0, 0x3, 0xc, 0xc0, 0x0, 0xc3,
    0x7, 0xff, 0xc0, 0xc1, 0xff, 0xf0, 0x30, 0x3,
    0x0, 0xc, 0x0, 0xc0, 0x3, 0x0, 0x30, 0x0,
    0xc0, 0xc, 0x0, 0x30, 0x3, 0x0, 0xc, 0x0,
    0xc0, 0x3, 0x1, 0xf0, 0x0, 0xc0, 0x7c, 0x0,

    /* U+50A8 "储" */
    0x2, 0x0, 0x60, 0x0, 0x60, 0xc, 0x0, 0xc,
    0x1, 0x80, 0x1, 0x80, 0x30, 0x20, 0x6c, 0x6,
    0xe, 0xd, 0xcf, 0xfb, 0x81, 0x9d, 0xff, 0x60,
    0x61, 0x83, 0x1c, 0xc, 0x20, 0x67, 0x3, 0x80,
    0xd, 0xc0, 0x70, 0x3f, 0xff, 0x9e, 0xf7, 0xff,
    0xf7, 0xde, 0x3, 0x80, 0xf8, 0xc1, 0xc0, 0x1b,
    0x18, 0x7f, 0xe0, 0x63, 0x3f, 0xfc, 0xc, 0x6f,
    0x81, 0x81, 0x8f, 0xb0, 0x30, 0x31, 0xe6, 0x6,
    0x6, 0x30, 0xff, 0xc0, 0xc6, 0xdf, 0xf8, 0x18,
    0xfb, 0x3, 0x3, 0x1e, 0x60, 0x60, 0x63, 0xf,
    0xfc, 0xc, 0x1, 0xff, 0x81, 0x80, 0x30, 0x30,
    0x30, 0x6, 0x6, 0x0,

    /* U+50CF "像" */
    0x0, 0xc, 0x0, 0x0, 0x71, 0x80, 0x0, 0xc,
    0x7f, 0xf8, 0x1, 0x9f, 0xff, 0x0, 0x73, 0x81,
    0xc0, 0xc, 0xe0, 0x38, 0x3, 0xbf, 0xff, 0xe0,
    0x6f, 0xff, 0xfc, 0x1d, 0xe0, 0xc1, 0x87, 0x8c,
    0x18, 0x31, 0xf1, 0xff, 0xfe, 0x7e, 0x3f, 0xff,
    0xc6, 0xc0, 0x39, 0xc0, 0x98, 0x1f, 0xb9, 0x83,
    0x3f, 0xb3, 0x70, 0x67, 0xcf, 0x7c, 0xc, 0x83,
    0xef, 0x1, 0x81, 0xed, 0xc0, 0x31, 0xf1, 0xd8,
    0x6, 0xfc, 0xfb, 0x80, 0xcc, 0x3f, 0x38, 0x18,
    0x1f, 0x67, 0x3, 0x1f, 0x8c, 0x70, 0x6f, 0xc3,
    0x87, 0xd, 0xc4, 0x70, 0x41, 0x80, 0xfc, 0x0,
    0x30, 0xf, 0x0, 0x0,

    /* U+5145 "充" */
    0x0, 0xc, 0x0, 0x0, 0x1, 0x80, 0x0, 0x0,
    0x30, 0x0, 0x0, 0x6, 0x0, 0x7, 0xff, 0xff,
    0xf8, 0xff, 0xff, 0xff, 0x0, 0xc, 0x0, 0x0,
    0x3, 0x80, 0x0, 0x0, 0xe0, 0xe0, 0x0, 0x18,
    0x1e, 0x0, 0x6, 0x0, 0xf0, 0x1, 0xc0, 0xe,
    0x3, 0xff, 0xff, 0xe0, 0x3f, 0xe3, 0xe, 0x0,
    0x1c, 0x60, 0xc0, 0x3, 0x8c, 0x0, 0x0, 0x61,
    0x80, 0x0, 0xc, 0x30, 0x0, 0x3, 0x86, 0x0,
    0x0, 0x60, 0xc0, 0x0, 0x1c, 0x18, 0xe, 0x7,
    0x3, 0x1, 0xc3, 0xc0, 0x60, 0x30, 0xf0, 0xc,
    0xe, 0xf8, 0x1, 0xff, 0x8e, 0x0, 0x1f, 0xf0,

    /* U+5149 "光" */
    0x0, 0xc, 0x0, 0x0, 0x3, 0x0, 0x1, 0x0,
    0xc0, 0x20, 0xf0, 0x30, 0x1c, 0x1e, 0xc, 0xe,
    0x3, 0x83, 0x3, 0x80, 0x70, 0xc1, 0xc0, 0xe,
    0x30, 0xe0, 0x1, 0x8c, 0x70, 0x0, 0x43, 0x8,
    0x0, 0x0, 0xc0, 0x0, 0xff, 0xff, 0xfe, 0x3f,
    0xff, 0xff, 0x80, 0xc, 0x60, 0x0, 0x7, 0x18,
    0x0, 0x1, 0xc6, 0x0, 0x0, 0x71, 0x80, 0x0,
    0x18, 0x60, 0x0, 0x6, 0x18, 0x0, 0x3, 0x86,
    0x3, 0x1, 0xc1, 0x80, 0xc0, 0xe0, 0x60, 0x70,
    0xf0, 0x18, 0x18, 0xf8, 0x7, 0xfe, 0xfc, 0x0,
    0xff, 0x1c, 0x0, 0x0, 0x0,

    /* U+5168 "全" */
    0x0, 0x0, 0x0, 0x0, 0x0, 0xe0, 0x0, 0x0,
    0x3c, 0x0, 0x0, 0xf, 0x80, 0x0, 0x3, 0xf8,
    0x0, 0x0, 0xf3, 0x80, 0x0, 0x3c, 0x38, 0x0,
    0xf, 0x3, 0xc0, 0x7, 0x80, 0x3e, 0x3, 0xe0,
    0x1, 0xf1, 0xff, 0xff, 0xff, 0xbf, 0xff, 0xfe,
    0x70, 0x0, 0x60, 0x0, 0x0, 0xc, 0x0, 0x0,
    0x1, 0x80, 0x0, 0x0, 0x30, 0x0, 0x3, 0xff,
    0xf8, 0x0, 0x7f, 0xff, 0x0, 0x0, 0x18, 0x0,
    0x0, 0x3, 0x0, 0x0, 0x0, 0x60, 0x0, 0x0,
    0xc, 0x0, 0x0, 0x1, 0x80, 0x1, 0xff, 0xff,
    0xfe, 0x3f, 0xff, 0xff, 0xc0,

    /* U+5173 "关" */
    0x3, 0x80, 0x38, 0x0, 0x38, 0x6, 0x0, 0x3,
    0x1, 0xc0, 0x0, 0x70, 0x30, 0x0, 0x7, 0xe,
    0x0, 0x0, 0x61, 0x80, 0x7, 0xff, 0xff, 0xe0,
    0xff, 0xff, 0xfc, 0x0, 0x6, 0x0, 0x0, 0x1,
    0xc0, 0x0, 0x0, 0x38, 0x0, 0x0, 0x7, 0x0,
    0x0, 0x0, 0xe0, 0x0, 0x0, 0x1c, 0x0, 0x1f,
    0xff, 0xff, 0xfb, 0xff, 0xff, 0xff, 0x0, 0xd,
    0x80, 0x0, 0x3, 0xb8, 0x0, 0x0, 0xe3, 0x80,
    0x0, 0x1c, 0x70, 0x0, 0x7, 0x7, 0x0, 0x3,
    0xc0, 0x70, 0x0, 0xf0, 0x7, 0x0, 0x7c, 0x0,
    0x78, 0x3e, 0x0, 0x7, 0xcf, 0x80, 0x0, 0x7c,
    0x80, 0x0, 0x3, 0x0,

    /* U+5185 "内" */
    0x0, 0x30, 0x0, 0x0, 0xc0, 0x0, 0x3, 0x0,
    0x0, 0xc, 0x0, 0x0, 0x30, 0x3, 0xff, 0xff,
    0xff, 0xff, 0xff, 0xf0, 0xc, 0x3, 0xc0, 0x30,
    0xf, 0x0, 0xc0, 0x3c, 0x3, 0x0, 0xf0, 0xe,
    0x3, 0xc0, 0x7c, 0xf, 0x1, 0xf8, 0x3c, 0xe,
    0xf0, 0xf0, 0x71, 0xc3, 0xc1, 0xc3, 0x8f, 0x1e,
    0x7, 0x3c, 0xf0, 0xc, 0xf7, 0x80, 0x33, 0xc8,
    0x0, 0xf, 0x0, 0x0, 0x3c, 0x0, 0x0, 0xf0,
    0x0, 0x3, 0xc0, 0x0, 0xf, 0x0, 0x3, 0xfc,
    0x0, 0x7, 0x80,

    /* U+51C6 "准" */
    0x0, 0xc, 0xc, 0x0, 0x3, 0x83, 0x80, 0xe0,
    0x70, 0x60, 0x1e, 0xc, 0xc, 0x1, 0xc3, 0x83,
    0x80, 0x1c, 0x7f, 0xff, 0x81, 0xdf, 0xff, 0xf0,
    0x23, 0x81, 0x80, 0x0, 0xf0, 0x30, 0x0, 0x1e,
    0x6, 0x0, 0x7, 0xc0, 0xc0, 0x1, 0xdf, 0xff,
    0xc0, 0x3, 0xff, 0xf8, 0x8, 0x60, 0x60, 0x3,
    0x8c, 0xc, 0x0, 0x71, 0x81, 0x80, 0xe, 0x30,
    0x30, 0x1, 0x87, 0xff, 0xf0, 0x30, 0xff, 0xfe,
    0xe, 0x18, 0x18, 0x1, 0x83, 0x3, 0x0, 0x70,
    0x60, 0x60, 0xc, 0xc, 0xc, 0x3, 0x81, 0xff,
    0xff, 0xe0, 0x3f, 0xff, 0xe4, 0x6, 0x0, 0x0,
    0x0, 0xc0, 0x0, 0x0,

    /* U+51FA "出" */
    0x0, 0x70, 0x0, 0x1, 0xc0, 0x0, 0x7, 0x0,
    0x18, 0x1c, 0x6, 0x60, 0x70, 0x19, 0x81, 0xc0,
    0x66, 0x7, 0x1, 0x98, 0x1c, 0x6, 0x60, 0x70,
    0x19, 0x81, 0xc0, 0x66, 0x7, 0x1, 0x9f, 0xff,
    0xfe, 0x7f, 0xff, 0xf8, 0x1, 0xc0, 0x0, 0x7,
    0x0, 0x30, 0x1c, 0x7, 0xc0, 0x70, 0x1f, 0x1,
    0xc0, 0x7c, 0x7, 0x1, 0xf0, 0x1c, 0x7, 0xc0,
    0x70, 0x1f, 0x1, 0xc0, 0x7f, 0xff, 0xff, 0xff,
    0xff, 0xff, 0xc0, 0x0, 0x1f, 0x0, 0x0, 0x7c,
    0x0, 0x1, 0xc0,

    /* U+5206 "分" */
    0x0, 0x0, 0x0, 0x0, 0x30, 0x30, 0x0, 0x1c,
    0xe, 0x0, 0x6, 0x1, 0x80, 0x3, 0x80, 0x70,
    0x1, 0xc0, 0xc, 0x0, 0xe0, 0x3, 0x80, 0x78,
    0x0, 0x78, 0x3c, 0x0, 0xf, 0x1c, 0x0, 0x0,
    0xfe, 0x7f, 0xff, 0x9d, 0x1f, 0xff, 0xe0, 0x0,
    0x38, 0x38, 0x0, 0xc, 0xe, 0x0, 0x3, 0x3,
    0x80, 0x1, 0xc0, 0xe0, 0x0, 0x70, 0x38, 0x0,
    0x18, 0xe, 0x0, 0xe, 0x3, 0x0, 0x7, 0x0,
    0xc0, 0x1, 0xc0, 0x30, 0x0, 0xe0, 0x1c, 0x0,
    0xf1, 0x87, 0x0, 0xf8, 0x7f, 0x80, 0x78, 0xf,
    0xc0, 0x18, 0x0, 0x0, 0x0,

    /* U+5220 "删" */
    0x0, 0x0, 0x1, 0x9f, 0x9f, 0xc0, 0xcf, 0xcf,
    0xe0, 0x66, 0x67, 0x30, 0x33, 0x33, 0x99, 0x99,
    0x99, 0xcc, 0xcc, 0xcc, 0xe6, 0x66, 0x66, 0x73,
    0x33, 0x33, 0x39, 0x99, 0x99, 0x9c, 0xcc, 0xcc,
    0xce, 0x66, 0x6f, 0xff, 0xfb, 0x37, 0xff, 0xfd,
    0x99, 0x99, 0xcc, 0xcc, 0xcc, 0xe6, 0x66, 0x66,
    0x73, 0x33, 0x33, 0x39, 0x99, 0x99, 0x9c, 0xcc,
    0xcc, 0xce, 0x66, 0x66, 0x66, 0x33, 0x33, 0x33,
    0x18, 0x1b, 0x99, 0x8c, 0xd, 0xcd, 0xc6, 0x6,
    0xde, 0xd3, 0x3, 0xe7, 0xe7, 0x8f, 0xa0, 0x23,
    0x87, 0x80,

    /* U+5236 "制" */
    0x0, 0xc0, 0x1, 0x80, 0x60, 0x0, 0xc3, 0x30,
    0x0, 0x63, 0x98, 0x0, 0x31, 0x8c, 0x3, 0x19,
    0xff, 0xf1, 0x8c, 0xff, 0xf8, 0xc6, 0xe1, 0x80,
    0x63, 0x60, 0xc0, 0x31, 0x90, 0x60, 0x18, 0xff,
    0xff, 0xec, 0x7f, 0xff, 0xf6, 0x30, 0xc, 0x3,
    0x18, 0x6, 0x1, 0x8c, 0x3, 0x0, 0xc6, 0x7f,
    0xfe, 0x63, 0x3f, 0xff, 0x31, 0x98, 0x61, 0x98,
    0xcc, 0x30, 0xcc, 0x66, 0x18, 0x66, 0x33, 0xc,
    0x33, 0x19, 0x86, 0xf8, 0xc, 0xc3, 0x78, 0x6,
    0x61, 0x80, 0x3, 0x0, 0xc0, 0x1, 0x80, 0x60,
    0xf, 0xc0, 0x30, 0x7, 0xc0,

    /* U+524D "前" */
    0x0, 0x0, 0x40, 0x3, 0x80, 0x38, 0x1, 0xc0,
    0x38, 0x0, 0x70, 0x1c, 0x0, 0x1c, 0x1c, 0x7,
    0xff, 0xff, 0xff, 0xff, 0xff, 0xfe, 0x0, 0x0,
    0x0, 0x0, 0x0, 0x0, 0x0, 0x0, 0x7, 0x7,
    0xfe, 0x3, 0x83, 0xff, 0x31, 0xc1, 0x83, 0x98,
    0xe0, 0xc1, 0xcc, 0x70, 0x60, 0xe6, 0x38, 0x3f,
    0xf3, 0x1c, 0x1f, 0xf9, 0x8e, 0xc, 0x1c, 0xc7,
    0x6, 0xe, 0x63, 0x83, 0xff, 0x31, 0xc1, 0xff,
    0x98, 0xe0, 0xff, 0xcc, 0x70, 0x60, 0xe6, 0x38,
    0x30, 0x70, 0x1c, 0x18, 0x38, 0xe, 0xc, 0x1c,
    0x7, 0x6, 0x7c, 0x1f, 0x3, 0x3c, 0xf, 0x80,

    /* U+52A8 "动" */
    0x0, 0x0, 0x60, 0x0, 0x0, 0x30, 0x0, 0x0,
    0x18, 0xf, 0xfe, 0xc, 0x7, 0xff, 0x6, 0x0,
    0x0, 0x3, 0x0, 0x0, 0x1, 0x80, 0x0, 0x7,
    0xff, 0x0, 0x3, 0xff, 0xff, 0xfc, 0x30, 0xff,
    0xfe, 0x18, 0x60, 0xe0, 0xc, 0x30, 0x60, 0x6,
    0x18, 0x70, 0x3, 0xc, 0x30, 0x1, 0x86, 0x18,
    0x0, 0xc3, 0x1c, 0xe0, 0xc3, 0x8c, 0x38, 0x61,
    0xce, 0x1e, 0x30, 0xc6, 0x7f, 0xb0, 0x67, 0xff,
    0xd8, 0x33, 0xf0, 0x7c, 0x19, 0xc0, 0x3c, 0xc,
    0x0, 0x1c, 0xe, 0x0, 0x3c, 0x7, 0x0, 0x3c,
    0x1f, 0x0, 0x1c, 0xf, 0x0,

    /* U+5316 "化" */
    0x0, 0x0, 0x0, 0x0, 0x71, 0x80, 0x0, 0x18,
    0x60, 0x0, 0x6, 0x18, 0x0, 0x3, 0x86, 0x0,
    0x0, 0xc1, 0x80, 0xe0, 0x70, 0x60, 0x70, 0x18,
    0x18, 0x38, 0xe, 0x6, 0x1c, 0x3, 0x81, 0x8e,
    0x1, 0xe0, 0x67, 0x80, 0xf8, 0x1b, 0x80, 0x3e,
    0x7, 0xc0, 0x1d, 0x81, 0xe0, 0x6, 0x60, 0x60,
    0x0, 0x18, 0x18, 0x0, 0x6, 0x6, 0x0, 0x1,
    0x81, 0x80, 0x0, 0x60, 0x60, 0x8, 0x18, 0x18,
    0x3, 0x6, 0x6, 0x0, 0xc1, 0x81, 0x80, 0x30,
    0x60, 0x60, 0xc, 0x18, 0x18, 0x7, 0x6, 0x7,
    0xff, 0x81, 0x80, 0xff, 0xc0, 0x60, 0x0, 0x0,

    /* U+5361 "卡" */
    0x0, 0x30, 0x0, 0x0, 0x18, 0x0, 0x0, 0xc,
    0x0, 0x0, 0x6, 0x0, 0x0, 0x3, 0x0, 0x0,
    0x1, 0xff, 0xf0, 0x0, 0xff, 0xf8, 0x0, 0x60,
    0x0, 0x0, 0x30, 0x0, 0x0, 0x18, 0x0, 0x0,
    0xc, 0x0, 0x1f, 0xff, 0xff, 0xff, 0xff, 0xff,
    0xf8, 0x1, 0x80, 0x0, 0x0, 0xc8, 0x0, 0x0,
    0x67, 0x0, 0x0, 0x37, 0xe0, 0x0, 0x18, 0x78,
    0x0, 0xc, 0xe, 0x0, 0x6, 0x3, 0x80, 0x3,
    0x0, 0x80, 0x1, 0x80, 0x0, 0x0, 0xc0, 0x0,
    0x0, 0x60, 0x0, 0x0, 0x30, 0x0, 0x0, 0x18,
    0x0, 0x0, 0xc, 0x0, 0x0,

    /* U+5370 "印" */
    0x0, 0xc0, 0x0, 0x7, 0x0, 0x0, 0xf9, 0xff,
    0xff, 0xc7, 0xff, 0xf8, 0x18, 0xf, 0x0, 0x60,
    0x3c, 0x1, 0x80, 0xf0, 0x6, 0x3, 0xc0, 0x18,
    0xf, 0x0, 0x60, 0x3c, 0x1, 0x80, 0xff, 0xe6,
    0x3, 0xff, 0x98, 0xf, 0x0, 0x60, 0x3c, 0x1,
    0x80, 0xf0, 0x6, 0x3, 0xc0, 0x18, 0xf, 0x0,
    0x60, 0x3c, 0x1, 0x80, 0xff, 0xe6, 0x3, 0xff,
    0x99, 0xff, 0x0, 0x63, 0xec, 0x1, 0x80, 0x0,
    0x6, 0x0, 0x0, 0x18, 0x0, 0x0, 0x60, 0x0,
    0x1, 0x80, 0x0,

    /* U+5382 "厂" */
    0x1f, 0xff, 0xff, 0xc7, 0xff, 0xff, 0xf1, 0x80,
    0x0, 0x0, 0x60, 0x0, 0x0, 0x18, 0x0, 0x0,
    0x6, 0x0, 0x0, 0x1, 0x80, 0x0, 0x0, 0x60,
    0x0, 0x0, 0x18, 0x0, 0x0, 0x6, 0x0, 0x0,
    0x1, 0x80, 0x0, 0x0, 0x60, 0x0, 0x0, 0x18,
    0x0, 0x0, 0x6, 0x0, 0x0, 0x1, 0x80, 0x0,
    0x0, 0x60, 0x0, 0x0, 0x18, 0x0, 0x0, 0xc,
    0x0, 0x0, 0x3, 0x0, 0x0, 0x0, 0xc0, 0x0,
    0x0, 0x70, 0x0, 0x0, 0x1c, 0x0, 0x0, 0xe,
    0x0, 0x0, 0x3, 0x80, 0x0, 0x0, 0x40, 0x0,
    0x0, 0x0,

    /* U+53D6 "取" */
    0xff, 0xff, 0x0, 0x1f, 0xff, 0xe0, 0x0, 0x60,
    0x70, 0x0, 0xc, 0xe, 0xff, 0xc1, 0x81, 0xdf,
    0xf8, 0x30, 0x39, 0x83, 0x6, 0x7, 0x30, 0x60,
    0xff, 0xe6, 0xc, 0x1f, 0xfc, 0xc1, 0x83, 0x3,
    0x98, 0x30, 0x60, 0x73, 0x8c, 0xc, 0xe, 0x31,
    0x81, 0x81, 0xc6, 0x30, 0x3f, 0xf8, 0xc6, 0x7,
    0xff, 0x1d, 0x80, 0xc0, 0xe1, 0xb0, 0x18, 0x1c,
    0x3e, 0x3, 0x3, 0x83, 0x80, 0x60, 0x70, 0x70,
    0xc, 0xfe, 0x1f, 0x3, 0xff, 0xc3, 0xe1, 0xfe,
    0x38, 0xee, 0x18, 0x7, 0x38, 0xf0, 0x0, 0xfe,
    0xf, 0x0, 0x1d, 0x80, 0x40, 0x3, 0x80, 0x0,

    /* U+540D "名" */
    0x0, 0x0, 0x0, 0x0, 0x1c, 0x0, 0x0, 0x78,
    0x0, 0x1, 0xe0, 0x0, 0x7, 0xff, 0xe0, 0x1f,
    0xff, 0xc0, 0xf0, 0x3, 0x87, 0xc0, 0xe, 0x3f,
    0x20, 0x38, 0xf9, 0xe1, 0xe0, 0x40, 0xe7, 0x80,
    0x0, 0xfc, 0x0, 0x3, 0xf0, 0x0, 0x3f, 0x80,
    0x7, 0xf8, 0x0, 0x7f, 0xff, 0xff, 0x71, 0xff,
    0xfe, 0x3, 0x0, 0xc, 0x6, 0x0, 0x18, 0xc,
    0x0, 0x30, 0x18, 0x0, 0x60, 0x30, 0x0, 0xc0,
    0x60, 0x1, 0x80, 0xff, 0xff, 0x1, 0xff, 0xfe,
    0x3, 0x0, 0xc, 0x6, 0x0, 0x18,

    /* U+540E "后" */
    0x0, 0x0, 0x7, 0x0, 0x0, 0x1f, 0xc0, 0x1,
    0xff, 0xc0, 0x3f, 0xff, 0x0, 0xf, 0xfc, 0x0,
    0x3, 0x0, 0x0, 0x0, 0xc0, 0x0, 0x0, 0x30,
    0x0, 0x0, 0xf, 0xff, 0xff, 0xc3, 0xff, 0xff,
    0xf0, 0xc0, 0x0, 0x0, 0x30, 0x0, 0x0, 0xc,
    0x0, 0x0, 0x3, 0x0, 0x0, 0x0, 0xc7, 0xff,
    0xf0, 0x31, 0xff, 0xfc, 0xc, 0x60, 0x3, 0x3,
    0x18, 0x0, 0xc0, 0xc6, 0x0, 0x30, 0x71, 0x80,
    0xc, 0x18, 0x60, 0x3, 0xe, 0x18, 0x0, 0xc3,
    0x87, 0xff, 0xf1, 0xc1, 0xff, 0xfc, 0xf0, 0x60,
    0x3, 0x18, 0x18, 0x0, 0xc0, 0x6, 0x0, 0x30,

    /* U+5426 "否" */
    0x7f, 0xff, 0xff, 0x9f, 0xff, 0xff, 0xe0, 0x0,
    0xe0, 0x0, 0x0, 0x70, 0x0, 0x0, 0x3c, 0x80,
    0x0, 0x1f, 0x38, 0x0, 0xf, 0xcf, 0x0, 0x7,
    0xb1, 0xf0, 0x7, 0x8c, 0x1e, 0x7, 0xc3, 0x1,
    0xc3, 0xe0, 0xc0, 0x3b, 0xe0, 0x30, 0x7, 0x60,
    0x0, 0x0, 0x83, 0xff, 0xff, 0x0, 0xff, 0xff,
    0xc0, 0x38, 0x0, 0x70, 0xe, 0x0, 0x1c, 0x3,
    0x80, 0x7, 0x0, 0xe0, 0x1, 0xc0, 0x38, 0x0,
    0x70, 0xe, 0x0, 0x1c, 0x3, 0xff, 0xff, 0x0,
    0xff, 0xff, 0xc0, 0x38, 0x0, 0x70, 0xe, 0x0,
    0x1c, 0x0,

    /* U+54C1 "品" */
    0x1f, 0xff, 0xf0, 0x3f, 0xff, 0xe0, 0x60, 0x0,
    0xc0, 0xc0, 0x1, 0x81, 0x80, 0x3, 0x3, 0x0,
    0x6, 0x6, 0x0, 0xc, 0xc, 0x0, 0x18, 0x1f,
    0xff, 0xf0, 0x3f, 0xff, 0xe0, 0x0, 0x0, 0x0,
    0x0, 0x0, 0xf, 0xfc, 0x7f, 0xff, 0xf8, 0xff,
    0xf0, 0x31, 0x81, 0xe0, 0x63, 0x3, 0xc0, 0xc6,
    0x7, 0x81, 0x8c, 0xf, 0x3, 0x18, 0x1e, 0x6,
    0x30, 0x3c, 0xc, 0x60, 0x78, 0x18, 0xc0, 0xff,
    0xf1, 0xff, 0xff, 0xe3, 0xff, 0xc0, 0xc6, 0x7,
    0x81, 0x8c, 0xc,

    /* U+5546 "商" */
    0x0, 0xe, 0x0, 0x0, 0x1, 0xc0, 0x0, 0x0,
    0x38, 0x0, 0x7f, 0xff, 0xff, 0xff, 0xff, 0xff,
    0xfe, 0x1, 0x0, 0x40, 0x0, 0x70, 0x1c, 0x0,
    0x7, 0x3, 0x80, 0x0, 0x60, 0xe0, 0x7, 0xff,
    0xff, 0xf0, 0xff, 0xff, 0xfe, 0x1c, 0x30, 0xc1,
    0xc3, 0x8e, 0x18, 0x78, 0x73, 0x83, 0xff, 0xf,
    0xe0, 0x7f, 0xe1, 0xd8, 0x0, 0x1c, 0x38, 0xff,
    0xe3, 0x87, 0x1f, 0xfc, 0x70, 0xe3, 0x1, 0x8e,
    0x1c, 0x60, 0x31, 0xc3, 0x8c, 0x6, 0x38, 0x71,
    0xff, 0xc7, 0xe, 0x3f, 0xf8, 0xe1, 0xc0, 0x0,
    0x1c, 0x38, 0x0, 0x1f, 0x87, 0x0, 0x3, 0xf0,
    0xe0, 0x0, 0x7c, 0x0,

    /* U+56DE "回" */
    0xff, 0xff, 0xff, 0xff, 0xff, 0xfc, 0x0, 0x0,
    0xf0, 0x0, 0x3, 0xc0, 0x0, 0xf, 0x0, 0x0,
    0x3c, 0x7f, 0xf0, 0xf1, 0xff, 0xc3, 0xc6, 0x3,
    0xf, 0x18, 0xc, 0x3c, 0x60, 0x30, 0xf1, 0x80,
    0xc3, 0xc6, 0x3, 0xf, 0x18, 0xc, 0x3c, 0x7f,
    0xf0, 0xf1, 0xff, 0xc3, 0xc0, 0x0, 0xf, 0x0,
    0x0, 0x3c, 0x0, 0x0, 0xff, 0xff, 0xff, 0xff,
    0xff, 0xff, 0x0, 0x0, 0x3c, 0x0, 0x0, 0xc0,

    /* U+5728 "在" */
    0x0, 0x0, 0x0, 0x0, 0x7, 0x0, 0x0, 0x0,
    0xe0, 0x0, 0x0, 0x18, 0x0, 0x0, 0x7, 0x0,
    0x0, 0x7f, 0xff, 0xff, 0x8f, 0xff, 0xff, 0xf0,
    0x7, 0x0, 0x0, 0x1, 0xc0, 0xe0, 0x0, 0x30,
    0x1c, 0x0, 0xe, 0x3, 0x80, 0x3, 0xc0, 0x70,
    0x0, 0x78, 0xe, 0x0, 0x1f, 0x1, 0xc0, 0x7,
    0xef, 0xff, 0xe1, 0xdd, 0xff, 0xfc, 0x73, 0x80,
    0xe0, 0xc, 0x70, 0x1c, 0x0, 0xe, 0x3, 0x80,
    0x1, 0xc0, 0x70, 0x0, 0x38, 0xe, 0x0, 0x7,
    0x1, 0xc0, 0x0, 0xe0, 0x38, 0x0, 0x1f, 0xff,
    0xff, 0x3, 0xff, 0xff, 0xe0, 0x70, 0x0, 0x0,
    0xe, 0x0, 0x0, 0x0,

    /* U+58F0 "声" */
    0x0, 0xe, 0x0, 0x0, 0x3, 0x80, 0x0, 0x0,
    0xe0, 0x1, 0xff, 0xff, 0xff, 0x7f, 0xff, 0xff,
    0xc0, 0x3, 0x80, 0x0, 0x0, 0xe0, 0x0, 0x7f,
    0xff, 0xfc, 0x1f, 0xff, 0xff, 0x0, 0x0, 0x0,
    0x0, 0x7f, 0xff, 0xe0, 0x1f, 0xff, 0xf8, 0x6,
    0x6, 0x6, 0x1, 0x81, 0x81, 0x80, 0x60, 0x60,
    0x60, 0x18, 0x18, 0x18, 0x7, 0xff, 0xfe, 0x1,
    0xff, 0xff, 0x80, 0x60, 0x0, 0x0, 0x18, 0x0,
    0x0, 0xe, 0x0, 0x0, 0x3, 0x0, 0x0, 0x1,
    0xc0, 0x0, 0x0, 0xe0, 0x0, 0x0, 0x70, 0x0,
    0x0, 0x38, 0x0, 0x0, 0x0, 0x0, 0x0, 0x0,

    /* U+5907 "备" */
    0x0, 0x80, 0x0, 0x0, 0x30, 0x0, 0x0, 0x1f,
    0xff, 0x80, 0xf, 0xff, 0xe0, 0x7, 0x80, 0x38,
    0x3, 0xf0, 0x1c, 0x1, 0xec, 0xe, 0x0, 0xf3,
    0x87, 0x0, 0x70, 0x7b, 0x80, 0x8, 0x7, 0xc0,
    0x0, 0x1, 0xe0, 0x0, 0x1, 0xff, 0x0, 0x3,
    0xf1, 0xf0, 0xf, 0xf0, 0x1f, 0xef, 0xff, 0xff,
    0xfd, 0x9f, 0xff, 0xe2, 0x6, 0xc, 0x18, 0x1,
    0x83, 0x6, 0x0, 0x60, 0xc1, 0x80, 0x1f, 0xff,
    0xe0, 0x7, 0xff, 0xf8, 0x1, 0x83, 0x6, 0x0,
    0x60, 0xc1, 0x80, 0x1f, 0xff, 0xe0, 0x7, 0xff,
    0xf8, 0x1, 0x80, 0x6, 0x0, 0x60, 0x1, 0x80,

    /* U+590D "复" */
    0x1, 0x0, 0x0, 0x0, 0x30, 0x0, 0x0, 0xe,
    0x0, 0x0, 0x1, 0xff, 0xff, 0xc0, 0x7f, 0xff,
    0xf8, 0xc, 0x0, 0x0, 0x3, 0x80, 0x0, 0x0,
    0xff, 0xff, 0xe0, 0x3f, 0xff, 0xfc, 0xf, 0x60,
    0x1, 0x81, 0x8f, 0xff, 0xf0, 0x1, 0xff, 0xfe,
    0x0, 0x30, 0x0, 0xc0, 0x6, 0x0, 0x18, 0x0,
    0xff, 0xff, 0x0, 0x1f, 0xff, 0xe0, 0x0, 0x60,
    0x0, 0x0, 0x1f, 0xff, 0x80, 0x7, 0xff, 0xf0,
    0x3, 0xf0, 0x1e, 0x0, 0xff, 0x7, 0x80, 0x1c,
    0xf1, 0xe0, 0x0, 0xf, 0xf8, 0x0, 0x0, 0x7e,
    0x0, 0x0, 0xff, 0xf8, 0xf, 0xff, 0x1f, 0xfd,
    0xfe, 0x0, 0x1f, 0x0,

    /* U+5927 "大" */
    0x0, 0x0, 0x0, 0x0, 0xc, 0x0, 0x0, 0x6,
    0x0, 0x0, 0x3, 0x0, 0x0, 0x1, 0x80, 0x0,
    0x0, 0xc0, 0x0, 0x0, 0x60, 0x0, 0x0, 0x30,
    0x0, 0x7f, 0xff, 0xff, 0x3f, 0xff, 0xff, 0x80,
    0xf, 0x80, 0x0, 0x6, 0xc0, 0x0, 0x3, 0x70,
    0x0, 0x3, 0xb8, 0x0, 0x1, 0xcc, 0x0, 0x0,
    0xc7, 0x0, 0x0, 0xe3, 0x80, 0x0, 0xe0, 0xe0,
    0x0, 0x70, 0x70, 0x0, 0x70, 0x1c, 0x0, 0x78,
    0x7, 0x0, 0x78, 0x3, 0xc0, 0x78, 0x0, 0xf0,
    0xf8, 0x0, 0x3c, 0xf0, 0x0, 0x7, 0xf0, 0x0,
    0x1, 0xc0, 0x0, 0x0, 0x0,

    /* U+5B58 "存" */
    0x0, 0x60, 0x0, 0x0, 0xc, 0x0, 0x0, 0x1,
    0x80, 0x0, 0x0, 0x70, 0x0, 0x3, 0xff, 0xff,
    0xfc, 0x7f, 0xff, 0xff, 0x80, 0x70, 0x0, 0x0,
    0xc, 0x0, 0x0, 0x3, 0x80, 0x0, 0x0, 0xe3,
    0xff, 0xe0, 0x1c, 0x7f, 0xfc, 0x7, 0x80, 0x7,
    0x1, 0xf0, 0x1, 0xc0, 0x7e, 0x0, 0xf0, 0xe,
    0xc0, 0x1c, 0x3, 0x98, 0x3, 0x0, 0xe3, 0x7f,
    0xff, 0xe0, 0x6f, 0xff, 0xfc, 0xc, 0x1, 0x80,
    0x1, 0x80, 0x30, 0x0, 0x30, 0x6, 0x0, 0x6,
    0x0, 0xc0, 0x0, 0xc0, 0x18, 0x0, 0x18, 0x3,
    0x0, 0x3, 0x0, 0xe0, 0x0, 0x60, 0xfc, 0x0,
    0xc, 0x1f, 0x0, 0x0,

    /* U+5B8C "完" */
    0x0, 0x1c, 0x0, 0x0, 0x7, 0x0, 0x0, 0x1,
    0xc0, 0x1, 0xff, 0xff, 0xfc, 0x7f, 0xff, 0xff,
    0x18, 0x0, 0x0, 0xc6, 0x0, 0x0, 0x31, 0x80,
    0x0, 0xc, 0x0, 0x0, 0x0, 0x1, 0xff, 0xfc,
    0x0, 0x7f, 0xff, 0x0, 0x0, 0x0, 0x0, 0x0,
    0x0, 0x0, 0x0, 0x0, 0x0, 0x3, 0xff, 0xff,
    0xf0, 0xff, 0xff, 0xfc, 0x0, 0xc3, 0x0, 0x0,
    0x30, 0xc0, 0x0, 0xc, 0x30, 0x0, 0x3, 0xc,
    0x0, 0x1, 0xc3, 0x1, 0x0, 0x60, 0xc0, 0x70,
    0x38, 0x30, 0x18, 0x1c, 0xc, 0x6, 0x1e, 0x3,
    0x81, 0xbf, 0x0, 0xff, 0xef, 0x0, 0x1f, 0xf1,
    0x0, 0x0, 0x0,

    /* U+5B9A "定" */
    0x0, 0x6, 0x0, 0x0, 0x0, 0x60, 0x0, 0x0,
    0x6, 0x0, 0x3, 0xff, 0xff, 0xfc, 0x3f, 0xff,
    0xff, 0xc3, 0x0, 0x0, 0xc, 0x30, 0x0, 0x0,
    0xc3, 0x0, 0x0, 0xc, 0x30, 0x0, 0x0, 0xc0,
    0x7f, 0xff, 0xe0, 0x7, 0xff, 0xfe, 0x0, 0x0,
    0x60, 0x0, 0x0, 0x6, 0x0, 0x0, 0x20, 0x60,
    0x0, 0x3, 0x6, 0x0, 0x0, 0x70, 0x60, 0x0,
    0x7, 0x7, 0xff, 0x0, 0x70, 0x7f, 0xf0, 0x6,
    0x6, 0x0, 0x0, 0x70, 0x60, 0x0, 0xf, 0x86,
    0x0, 0x0, 0xdc, 0x60, 0x0, 0x1c, 0xfe, 0x0,
    0x3, 0x83, 0xff, 0xfe, 0xf0, 0x7, 0xff, 0xe6,
    0x0, 0x0, 0x0, 0x0, 0x0, 0x0, 0x0,

    /* U+5BB9 "容" */
    0x0, 0x6, 0x0, 0x0, 0x0, 0xc0, 0x0, 0x0,
    0x18, 0x0, 0x1f, 0xff, 0xff, 0xc3, 0xff, 0xff,
    0xf8, 0x60, 0x0, 0x3, 0xc, 0x10, 0x18, 0x61,
    0x87, 0x7, 0x8c, 0x1, 0xc6, 0x3c, 0x0, 0xf0,
    0xc3, 0xc0, 0x3c, 0x3c, 0x1c, 0x1e, 0xf, 0xc1,
    0xc1, 0x83, 0x9c, 0x10, 0x1, 0xe1, 0xc0, 0x0,
    0x78, 0x1c, 0x0, 0x3e, 0x1, 0xe0, 0x1f, 0x0,
    0x1f, 0xf, 0xff, 0xff, 0xfd, 0xef, 0xff, 0xe7,
    0x1, 0x80, 0xc, 0x0, 0x30, 0x1, 0x80, 0x6,
    0x0, 0x30, 0x0, 0xc0, 0x6, 0x0, 0x1f, 0xff,
    0xc0, 0x3, 0xff, 0xf8, 0x0, 0x60, 0x3, 0x0,
    0xc, 0x0, 0x60, 0x0,

    /* U+5BC6 "密" */
    0x0, 0xc, 0x0, 0x0, 0x6, 0x0, 0x0, 0x3,
    0x0, 0xf, 0xff, 0xff, 0xe7, 0xff, 0xff, 0xf3,
    0x0, 0x0, 0x19, 0x80, 0xe0, 0x4c, 0xc0, 0x78,
    0x76, 0x60, 0xe, 0x73, 0x7, 0x63, 0x70, 0x3,
    0x30, 0x73, 0x3, 0x98, 0xf3, 0xc3, 0x8c, 0xf0,
    0x63, 0x87, 0xe3, 0x39, 0x83, 0xc1, 0x8e, 0x7,
    0xc0, 0xc3, 0x1f, 0xff, 0xc1, 0x7f, 0x3f, 0xc0,
    0x3e, 0x3, 0x0, 0x8, 0x1, 0x80, 0x1, 0x80,
    0xc0, 0xc0, 0xc0, 0x60, 0x60, 0x60, 0x30, 0x30,
    0x3f, 0xff, 0xf8, 0x1f, 0xff, 0xfc, 0xf, 0xff,
    0xfe, 0x6, 0x0, 0x3, 0x0,

    /* U+5C4F "屏" */
    0x1f, 0xff, 0xff, 0x87, 0xff, 0xff, 0xe1, 0x80,
    0x0, 0x38, 0x60, 0x0, 0xe, 0x1f, 0xff, 0xff,
    0x87, 0xff, 0xff, 0xe1, 0x82, 0x0, 0xc0, 0x61,
    0xe0, 0x38, 0x18, 0x38, 0x1c, 0x6, 0x7, 0x7,
    0x1, 0x80, 0xc3, 0x80, 0x67, 0xff, 0xfe, 0x19,
    0xff, 0xff, 0x86, 0x3, 0xc, 0x1, 0x80, 0xc3,
    0x0, 0x60, 0x30, 0xc0, 0x1b, 0xff, 0xff, 0xc6,
    0xff, 0xff, 0xf1, 0x81, 0xc3, 0x0, 0xe0, 0x60,
    0xc0, 0x30, 0x38, 0x30, 0x1c, 0x1c, 0xc, 0x6,
    0x1f, 0x3, 0x3, 0x9f, 0x0, 0xc0, 0x47, 0x0,
    0x30, 0x0,

    /* U+5DF2 "已" */
    0xff, 0xff, 0xf0, 0xff, 0xff, 0xf0, 0x0, 0x0,
    0x30, 0x0, 0x0, 0x30, 0x0, 0x0, 0x30, 0x0,
    0x0, 0x30, 0x30, 0x0, 0x30, 0x30, 0x0, 0x30,
    0x30, 0x0, 0x30, 0x3f, 0xff, 0xf0, 0x3f, 0xff,
    0xf0, 0x30, 0x0, 0x30, 0x30, 0x0, 0x30, 0x30,
    0x0, 0x0, 0x30, 0x0, 0x0, 0x30, 0x0, 0x0,
    0x30, 0x0, 0x0, 0x30, 0x0, 0x7, 0x30, 0x0,
    0x7, 0x30, 0x0, 0x6, 0x30, 0x0, 0xe, 0x3f,
    0xff, 0xfc, 0x1f, 0xff, 0xf8,

    /* U+5E74 "年" */
    0x3, 0x0, 0x0, 0x1, 0x80, 0x0, 0x1, 0xc0,
    0x0, 0x0, 0xff, 0xff, 0xe0, 0xff, 0xff, 0xf0,
    0x60, 0x30, 0x0, 0x70, 0x18, 0x0, 0x70, 0xc,
    0x0, 0x38, 0x6, 0x0, 0x3b, 0xff, 0xff, 0x9,
    0xff, 0xff, 0x80, 0xc0, 0xc0, 0x0, 0x60, 0x60,
    0x0, 0x30, 0x30, 0x0, 0x18, 0x18, 0x0, 0xc,
    0xc, 0x0, 0x7f, 0xff, 0xff, 0xbf, 0xff, 0xff,
    0xc0, 0x1, 0x80, 0x0, 0x0, 0xc0, 0x0, 0x0,
    0x60, 0x0, 0x0, 0x30, 0x0, 0x0, 0x18, 0x0,
    0x0, 0xc, 0x0, 0x0, 0x6, 0x0, 0x0, 0x3,
    0x0, 0x0, 0x1, 0x80, 0x0,

    /* U+5EA6 "度" */
    0x0, 0x3, 0x0, 0x0, 0x0, 0x60, 0x0, 0x0,
    0xc, 0x0, 0xf, 0xff, 0xff, 0xe1, 0xff, 0xff,
    0xfc, 0x30, 0xe0, 0x30, 0x6, 0x1c, 0x6, 0x0,
    0xc3, 0x80, 0xc0, 0x1b, 0xff, 0xff, 0xc3, 0x7f,
    0xff, 0xf8, 0x61, 0xc0, 0x60, 0xc, 0x38, 0xc,
    0x1, 0x87, 0xff, 0x80, 0x30, 0xff, 0xf0, 0x6,
    0x0, 0x0, 0x0, 0xc0, 0x0, 0x0, 0x1b, 0xff,
    0xfe, 0x3, 0x7f, 0xff, 0xc0, 0x61, 0xc0, 0x78,
    0xc, 0x3c, 0x1e, 0x1, 0x83, 0xc7, 0x80, 0x60,
    0x3f, 0xc0, 0xc, 0x1, 0xf0, 0x1, 0x81, 0xff,
    0x80, 0x71, 0xfc, 0xff, 0x9d, 0xfc, 0x3, 0xfd,
    0x9c, 0x0, 0x7, 0x0,

    /* U+5F00 "开" */
    0x3f, 0xff, 0xff, 0x8f, 0xff, 0xff, 0xe0, 0xc,
    0x6, 0x0, 0x3, 0x1, 0x80, 0x0, 0xc0, 0x60,
    0x0, 0x30, 0x18, 0x0, 0xc, 0x6, 0x0, 0x3,
    0x1, 0x80, 0x0, 0xc0, 0x60, 0x1f, 0xff, 0xff,
    0xf7, 0xff, 0xff, 0xfc, 0x3, 0x1, 0x80, 0x0,
    0xc0, 0x60, 0x0, 0x30, 0x18, 0x0, 0xc, 0x6,
    0x0, 0x3, 0x1, 0x80, 0x1, 0xc0, 0x60, 0x0,
    0x60, 0x18, 0x0, 0x38, 0x6, 0x0, 0xc, 0x1,
    0x80, 0x7, 0x0, 0x60, 0x3, 0x80, 0x18, 0x3,
    0xc0, 0x6, 0x1, 0xe0, 0x1, 0x80, 0x20, 0x0,
    0x60, 0x0,

    /* U+5F0F "式" */
    0x0, 0x3, 0x0, 0x0, 0x0, 0xcc, 0x0, 0x0,
    0x37, 0xc0, 0x0, 0xc, 0x78, 0x0, 0x3, 0x6,
    0x0, 0x0, 0xe0, 0xf, 0xff, 0xff, 0xfb, 0xff,
    0xff, 0xfe, 0x0, 0x3, 0x80, 0x0, 0x0, 0x60,
    0x0, 0x0, 0x18, 0x0, 0x0, 0x6, 0x0, 0x3f,
    0xfd, 0x80, 0xf, 0xff, 0x60, 0x0, 0x18, 0x1c,
    0x0, 0x6, 0x3, 0x0, 0x1, 0x80, 0xc0, 0x0,
    0x60, 0x30, 0x0, 0x18, 0xe, 0x0, 0x6, 0x1,
    0x80, 0x1, 0x9e, 0x60, 0x0, 0x7f, 0x8c, 0x31,
    0xff, 0x3, 0x8d, 0xfe, 0x0, 0x67, 0x78, 0x0,
    0xd, 0x80, 0x0, 0x3, 0xe0, 0x0, 0x0, 0x30,

    /* U+5F53 "当" */
    0x0, 0x18, 0x0, 0x40, 0x30, 0x1, 0xc0, 0x60,
    0x39, 0xc0, 0xc0, 0xe1, 0xc1, 0x83, 0xc1, 0xc3,
    0x7, 0x1, 0xc6, 0x3c, 0x1, 0xcc, 0xf0, 0x1,
    0x18, 0xc0, 0x0, 0x30, 0x3, 0xff, 0xff, 0xf7,
    0xff, 0xff, 0xe0, 0x0, 0x0, 0xc0, 0x0, 0x1,
    0x80, 0x0, 0x3, 0x0, 0x0, 0x6, 0x0, 0x0,
    0xc, 0x7f, 0xff, 0xf8, 0xff, 0xff, 0xf0, 0x0,
    0x0, 0x60, 0x0, 0x0, 0xc0, 0x0, 0x1, 0x80,
    0x0, 0x3, 0x7f, 0xff, 0xfe, 0xff, 0xff, 0xfc,
    0x0, 0x0, 0x18, 0x0, 0x0, 0x30,

    /* U+5F55 "录" */
    0x1f, 0xff, 0xf0, 0x7, 0xff, 0xfc, 0x0, 0x0,
    0x7, 0x0, 0x0, 0x1, 0xc0, 0x0, 0x0, 0x70,
    0x1, 0xff, 0xfc, 0x0, 0x7f, 0xfe, 0x0, 0x0,
    0x1, 0x80, 0x0, 0x0, 0x60, 0x3f, 0xff, 0xff,
    0xef, 0xff, 0xff, 0xf8, 0x40, 0x30, 0x0, 0x18,
    0xc, 0x4, 0x7, 0x83, 0x83, 0x80, 0xf0, 0xe1,
    0xc0, 0x1c, 0x3e, 0xe0, 0x2, 0x2f, 0xf0, 0x0,
    0x3b, 0x78, 0x0, 0x3e, 0xcf, 0x0, 0x3e, 0x30,
    0xf0, 0x7e, 0xc, 0x1f, 0x3e, 0x3, 0x1, 0xf6,
    0x0, 0xc0, 0x18, 0x0, 0x70, 0x0, 0x0, 0xfc,
    0x0, 0x0, 0x1e, 0x0, 0x0,

    /* U+5FAA "循" */
    0x3, 0x0, 0x3, 0xc0, 0x60, 0xf, 0xf8, 0x1d,
    0xff, 0xfc, 0x3, 0x3f, 0xf0, 0x0, 0xe6, 0x3,
    0x80, 0x38, 0xc0, 0x70, 0xe, 0x18, 0xe, 0x3,
    0x83, 0x7f, 0xff, 0x33, 0xef, 0xff, 0xe0, 0x6c,
    0x7, 0x0, 0x19, 0x80, 0xe0, 0x7, 0x31, 0xff,
    0xc1, 0xc6, 0x3f, 0xf8, 0x78, 0xc6, 0x3, 0x1f,
    0x18, 0xc0, 0x67, 0x63, 0x1f, 0xfc, 0xc, 0x63,
    0xff, 0x81, 0x8c, 0x60, 0x30, 0x31, 0x8c, 0x6,
    0x6, 0x31, 0xff, 0xc0, 0xc6, 0x3f, 0xf8, 0x18,
    0xc6, 0x3, 0x3, 0x38, 0xc0, 0x60, 0x66, 0x1f,
    0xfc, 0xc, 0xc3, 0xff, 0x81, 0xb8, 0x60, 0x30,
    0x32, 0xc, 0x6, 0x0,

    /* U+5FD7 "志" */
    0x0, 0xe, 0x0, 0x0, 0x1, 0xc0, 0x0, 0x0,
    0x38, 0x0, 0x0, 0x7, 0x0, 0x7, 0xff, 0xff,
    0xfc, 0xff, 0xff, 0xff, 0x80, 0x3, 0x80, 0x0,
    0x0, 0x70, 0x0, 0x0, 0xe, 0x0, 0x0, 0x1,
    0xc0, 0x0, 0x0, 0x38, 0x0, 0xf, 0xff, 0xff,
    0x81, 0xff, 0xff, 0xf0, 0x0, 0x0, 0x0, 0x0,
    0x6, 0x0, 0x0, 0x0, 0xe0, 0x0, 0xc, 0xce,
    0x6, 0x1, 0x98, 0xe0, 0xe0, 0x73, 0xe, 0xe,
    0xc, 0x60, 0x8c, 0xe3, 0x8c, 0x1, 0x8c, 0xe1,
    0x80, 0x61, 0xf8, 0x30, 0xc, 0x1a, 0x7, 0xff,
    0x80, 0x0, 0xff, 0xe0, 0x0,

    /* U+6062 "恢" */
    0x6, 0x0, 0x0, 0x0, 0x60, 0x0, 0x0, 0x6,
    0x1f, 0xff, 0xe0, 0x61, 0xff, 0xfe, 0x6, 0x18,
    0x0, 0x0, 0x61, 0x81, 0x80, 0x37, 0x18, 0x18,
    0x3, 0x79, 0x81, 0x80, 0x37, 0xd8, 0x18, 0x83,
    0x7d, 0x99, 0x8c, 0x76, 0xf9, 0x98, 0xc6, 0x67,
    0x99, 0x8c, 0x66, 0x5b, 0x99, 0xce, 0x61, 0xb1,
    0x98, 0x6, 0x1f, 0x1b, 0x80, 0x61, 0x83, 0x90,
    0x6, 0x18, 0x38, 0x0, 0x61, 0x3, 0x80, 0x6,
    0x30, 0x7c, 0x0, 0x63, 0x6, 0xc0, 0x6, 0x30,
    0xee, 0x0, 0x67, 0x1c, 0x70, 0x6, 0x63, 0xc3,
    0x80, 0x6e, 0x78, 0x3c, 0x6, 0xef, 0x1, 0xe0,
    0x6c, 0xe0, 0xe, 0x6, 0x8, 0x0, 0x0,

    /* U+606F "息" */
    0x0, 0x2, 0x0, 0x0, 0x0, 0xe0, 0x0, 0x0,
    0x38, 0x0, 0x3, 0xff, 0xfe, 0x0, 0x7f, 0xff,
    0xc0, 0xc, 0x0, 0x18, 0x1, 0x80, 0x3, 0x0,
    0x3f, 0xff, 0xe0, 0x7, 0xff, 0xfc, 0x0, 0xc0,
    0x1, 0x80, 0x18, 0x0, 0x30, 0x3, 0xff, 0xfe,
    0x0, 0x7f, 0xff, 0xc0, 0xc, 0x0, 0x18, 0x1,
    0x80, 0x3, 0x0, 0x3f, 0xff, 0xe0, 0x7, 0xff,
    0xfc, 0x0, 0x0, 0x0, 0x0, 0x0, 0x70, 0x0,
    0x2, 0x6f, 0x83, 0x0, 0xec, 0x78, 0xf0, 0x39,
    0x83, 0x37, 0xe, 0x30, 0xe, 0x77, 0x86, 0x1,
    0x87, 0x60, 0xff, 0xf0, 0x40, 0xf, 0xfc, 0x0,

    /* U+6210 "成" */
    0x0, 0x3, 0x30, 0x0, 0x0, 0xdf, 0x0, 0x0,
    0x30, 0xf0, 0x0, 0xc, 0xc, 0x0, 0x3, 0x0,
    0x7, 0xff, 0xff, 0xe1, 0xff, 0xff, 0xf8, 0x60,
    0xc, 0x0, 0x18, 0x3, 0x0, 0x6, 0x0, 0xe0,
    0x81, 0x80, 0x38, 0x70, 0x60, 0x6, 0x18, 0x1f,
    0xf9, 0x8e, 0x7, 0xfe, 0x63, 0x1, 0x81, 0x99,
    0xc0, 0x60, 0x67, 0x60, 0x18, 0x18, 0xf8, 0x6,
    0x6, 0x3c, 0x1, 0x81, 0x8e, 0x0, 0x70, 0xc3,
    0x80, 0x3b, 0xf1, 0xf0, 0x8c, 0xf8, 0xec, 0x33,
    0x0, 0xf3, 0x8d, 0xc0, 0x78, 0x73, 0x60, 0x3c,
    0xd, 0xb8, 0x4, 0x1, 0xec, 0x0, 0x0, 0x38,

    /* U+6240 "所" */
    0x0, 0x0, 0x0, 0x80, 0x0, 0x0, 0x79, 0xff,
    0xf0, 0x7e, 0x3f, 0xfe, 0xff, 0x0, 0x0, 0x1f,
    0x80, 0x0, 0x3, 0x0, 0x0, 0x0, 0x60, 0x0,
    0xff, 0x8c, 0x0, 0x1f, 0xf1, 0x80, 0x3, 0x6,
    0x3f, 0xfc, 0x60, 0xc7, 0xff, 0x8c, 0x18, 0xc3,
    0x1, 0x83, 0x18, 0x60, 0x30, 0x63, 0xc, 0x6,
    0xc, 0x61, 0x80, 0xff, 0x8c, 0x30, 0x1f, 0xf1,
    0x86, 0x3, 0x0, 0x30, 0xc0, 0x60, 0x6, 0x18,
    0xc, 0x1, 0xc3, 0x3, 0x80, 0x38, 0x60, 0x70,
    0x6, 0xc, 0xc, 0x1, 0xc1, 0x83, 0x80, 0x38,
    0x30, 0xe0, 0xe, 0x6, 0x1c, 0x3, 0xc0, 0xc1,
    0x0, 0x30, 0x18, 0x0,

    /* U+6280 "技" */
    0x6, 0x0, 0x60, 0x0, 0xc0, 0xc, 0x0, 0x18,
    0x1, 0x80, 0x3, 0x0, 0x30, 0x0, 0x60, 0x6,
    0x0, 0xc, 0x7f, 0xff, 0x9f, 0xff, 0xff, 0xf3,
    0xfe, 0x3, 0x0, 0x6, 0x0, 0x60, 0x0, 0xc0,
    0xc, 0x0, 0x18, 0x1, 0x80, 0x3, 0x0, 0x30,
    0x0, 0x61, 0xff, 0xf0, 0xd, 0xbf, 0xfe, 0x1,
    0xf1, 0x81, 0xc0, 0xfc, 0x38, 0x30, 0xfe, 0x7,
    0xe, 0xe, 0xc0, 0x71, 0x80, 0x18, 0x6, 0x70,
    0x3, 0x0, 0xfc, 0x0, 0x60, 0xf, 0x0, 0xc,
    0x1, 0xe0, 0x1, 0x80, 0x7f, 0x0, 0x30, 0x3c,
    0xf8, 0x6, 0x3e, 0x7, 0xc7, 0xcf, 0x0, 0x7c,
    0xf0, 0x80, 0x1, 0x0,

    /* U+63A5 "接" */
    0xc, 0x0, 0xc0, 0x1, 0x80, 0x18, 0x0, 0x30,
    0x3, 0x0, 0x6, 0x3f, 0xff, 0xe0, 0xc7, 0xff,
    0xfc, 0x18, 0x10, 0xc, 0x3f, 0xe7, 0x1, 0xc7,
    0xfc, 0x70, 0x70, 0xc, 0x7, 0xe, 0x1, 0x80,
    0x63, 0x80, 0x30, 0xc, 0x60, 0x6, 0x3f, 0xff,
    0xf0, 0xc7, 0xff, 0xfe, 0x19, 0x1, 0x0, 0x3,
    0xe0, 0x70, 0x0, 0xfc, 0xc, 0x0, 0xfe, 0x7f,
    0xff, 0xdf, 0x8f, 0xff, 0xf8, 0x30, 0x1c, 0x38,
    0x6, 0x7, 0x6, 0x0, 0xc1, 0xf1, 0xc0, 0x18,
    0x7f, 0xf0, 0x3, 0x0, 0x7f, 0x0, 0x60, 0xf,
    0xf8, 0xc, 0x1f, 0x87, 0xcf, 0xbf, 0xc0, 0x3d,
    0xe3, 0xc0, 0x1, 0x0,

    /* U+63A7 "控" */
    0x6, 0x0, 0x60, 0x0, 0xc0, 0xc, 0x0, 0x18,
    0x1, 0x80, 0x3, 0x0, 0x30, 0x0, 0x63, 0xff,
    0xfc, 0xc, 0x7f, 0xff, 0x9f, 0xfc, 0x0, 0x33,
    0xff, 0x8c, 0xc6, 0x6, 0x33, 0x98, 0xc0, 0xc6,
    0x63, 0x18, 0x18, 0x1c, 0x73, 0x3, 0x7, 0xf,
    0xf0, 0x6f, 0xc0, 0xfc, 0xf, 0xb0, 0x0, 0x3,
    0xe0, 0x0, 0x1, 0xf1, 0xff, 0xfc, 0xfe, 0x3f,
    0xff, 0x8c, 0xc0, 0xc, 0x0, 0x18, 0x1, 0x80,
    0x3, 0x0, 0x30, 0x0, 0x60, 0x6, 0x0, 0xc,
    0x0, 0xc0, 0x1, 0x80, 0x18, 0x0, 0x33, 0xff,
    0xff, 0x6, 0x7f, 0xff, 0xe7, 0xc0, 0x0, 0x0,
    0xf0, 0x0, 0x0, 0x0,

    /* U+6444 "摄" */
    0xe, 0x0, 0x0, 0x0, 0xe3, 0xff, 0xfc, 0xe,
    0x3f, 0xff, 0xc0, 0xe0, 0x60, 0xe0, 0xe, 0x7,
    0xfe, 0x0, 0xe0, 0x7f, 0xe0, 0x7f, 0xe6, 0xe,
    0x7, 0xfe, 0x7f, 0xe0, 0xe, 0x7, 0xfe, 0x0,
    0xe0, 0x60, 0xe0, 0xe, 0x3f, 0xff, 0xe0, 0xe5,
    0xff, 0xf8, 0xf, 0xc0, 0xe, 0x0, 0xf8, 0x0,
    0x0, 0x7e, 0xfe, 0xff, 0xcf, 0xef, 0xef, 0xfc,
    0x6e, 0x6, 0x61, 0xc0, 0xe6, 0x67, 0x18, 0xe,
    0xfe, 0x33, 0x80, 0xe3, 0xe3, 0xf0, 0xe, 0xe,
    0x1f, 0x0, 0xe1, 0xf1, 0xe0, 0xe, 0x3b, 0x3e,
    0x0, 0xe7, 0x2f, 0xf8, 0x6e, 0xe3, 0xe3, 0xc3,
    0xfc, 0x3c, 0x1e, 0x3c, 0x81, 0x0, 0x60,

    /* U+649E "撞" */
    0xc, 0x0, 0xc0, 0x1, 0x80, 0x18, 0x0, 0x31,
    0xff, 0xfe, 0x6, 0x3f, 0xff, 0xc0, 0xc0, 0xe0,
    0xc0, 0x18, 0xc, 0x18, 0x1f, 0xe1, 0xc7, 0x3,
    0xff, 0xff, 0xfe, 0xc, 0xff, 0xff, 0xc1, 0x80,
    0x0, 0x0, 0x30, 0xff, 0xfc, 0x6, 0x1f, 0xff,
    0x80, 0xcb, 0xc, 0x30, 0x1f, 0x61, 0x86, 0x3,
    0xef, 0xff, 0xc1, 0xf1, 0xff, 0xf8, 0xfc, 0x30,
    0xc3, 0x1d, 0x87, 0xff, 0xe0, 0x30, 0xff, 0xfc,
    0x6, 0x0, 0x60, 0x0, 0xc7, 0xff, 0xf8, 0x18,
    0xff, 0xff, 0x3, 0x0, 0x30, 0x0, 0x60, 0x6,
    0x0, 0xc, 0xff, 0xff, 0xef, 0x9f, 0xff, 0xfc,
    0xe0, 0x0, 0x0, 0x0,

    /* U+654F "敏" */
    0x4, 0x0, 0x20, 0x1, 0xc0, 0x6, 0x0, 0x30,
    0x0, 0xc0, 0xf, 0xff, 0x18, 0x1, 0xff, 0xe3,
    0x0, 0x70, 0x0, 0x60, 0x1c, 0x0, 0x1f, 0xf7,
    0xff, 0xf3, 0xfe, 0x7f, 0xfe, 0x63, 0x3, 0x18,
    0xdc, 0x60, 0x63, 0x1b, 0x8c, 0xc, 0x63, 0xf1,
    0x81, 0x8c, 0xfe, 0x30, 0x31, 0x9a, 0xe6, 0x3f,
    0xff, 0xdd, 0xc7, 0xff, 0xf9, 0xb0, 0x19, 0x8c,
    0x3e, 0x7, 0x31, 0x87, 0xc0, 0xc6, 0x30, 0x70,
    0x18, 0xc6, 0xe, 0x3, 0x18, 0xc1, 0xe0, 0x7f,
    0xfc, 0x7c, 0xf, 0xff, 0x9d, 0xc1, 0x80, 0xe7,
    0x1c, 0x0, 0x19, 0xc1, 0xc0, 0x3f, 0x70, 0x38,
    0x7, 0xc4, 0x2, 0x0,

    /* U+6587 "文" */
    0x0, 0xc, 0x0, 0x0, 0x3, 0x0, 0x0, 0x0,
    0xc0, 0x0, 0x0, 0x30, 0x0, 0x0, 0xc, 0x0,
    0x1f, 0xff, 0xff, 0xe7, 0xff, 0xff, 0xf8, 0xe,
    0x0, 0xc0, 0x3, 0x80, 0x30, 0x0, 0x60, 0x1c,
    0x0, 0x18, 0x6, 0x0, 0x7, 0x1, 0x80, 0x0,
    0xc0, 0xe0, 0x0, 0x30, 0x30, 0x0, 0xe, 0x1c,
    0x0, 0x1, 0xc6, 0x0, 0x0, 0x3b, 0x80, 0x0,
    0xf, 0xc0, 0x0, 0x1, 0xe0, 0x0, 0x0, 0x7c,
    0x0, 0x0, 0x7f, 0x80, 0x0, 0x7c, 0x78, 0x0,
    0x7c, 0xf, 0x80, 0x7e, 0x0, 0xfc, 0xfe, 0x0,
    0xf, 0xdc, 0x0, 0x0, 0xf4, 0x0, 0x0, 0x0,

    /* U+65E5 "日" */
    0xff, 0xff, 0xff, 0xff, 0xc0, 0x3, 0xc0, 0x3,
    0xc0, 0x3, 0xc0, 0x3, 0xc0, 0x3, 0xc0, 0x3,
    0xc0, 0x3, 0xff, 0xff, 0xff, 0xff, 0xc0, 0x3,
    0xc0, 0x3, 0xc0, 0x3, 0xc0, 0x3, 0xc0, 0x3,
    0xc0, 0x3, 0xc0, 0x3, 0xff, 0xff, 0xff, 0xff,
    0xc0, 0x3, 0xc0, 0x3, 0xc0, 0x3,

    /* U+65F6 "时" */
    0x0, 0x0, 0x1c, 0x0, 0x0, 0xe, 0x0, 0x0,
    0x7, 0x0, 0x0, 0x3, 0x8f, 0xf0, 0x1, 0xc7,
    0xf8, 0x0, 0xe3, 0xc, 0xff, 0xff, 0x86, 0x7f,
    0xff, 0xc3, 0x0, 0x1c, 0x61, 0x80, 0xe, 0x30,
    0xc0, 0x7, 0x18, 0x63, 0x83, 0x8f, 0xf1, 0xe1,
    0xc7, 0xf8, 0x70, 0xe3, 0xc, 0x1c, 0x71, 0x86,
    0x7, 0x38, 0xc3, 0x1, 0x9c, 0x61, 0x80, 0x8e,
    0x30, 0xc0, 0x7, 0x1f, 0xe0, 0x3, 0x8f, 0xf0,
    0x1, 0xc6, 0x18, 0x0, 0xe3, 0xc, 0x0, 0x71,
    0x86, 0x1, 0xb8, 0x0, 0x0, 0x7c, 0x0, 0x0,
    0x3c, 0x0,

    /* U+662F "是" */
    0x7, 0xff, 0xf8, 0x0, 0xff, 0xff, 0x0, 0x18,
    0x0, 0x60, 0x3, 0x0, 0xc, 0x0, 0x7f, 0xff,
    0x80, 0xf, 0xff, 0xf0, 0x1, 0x80, 0x6, 0x0,
    0x30, 0x0, 0xc0, 0x6, 0x0, 0x18, 0x0, 0xff,
    0xff, 0x0, 0x1f, 0xff, 0xe0, 0x0, 0x0, 0x0,
    0x7, 0xff, 0xff, 0xfc, 0xff, 0xff, 0xff, 0x80,
    0x3, 0x0, 0x0, 0x30, 0x60, 0x0, 0x6, 0xc,
    0x0, 0x0, 0xc1, 0xff, 0xc0, 0x18, 0x3f, 0xf8,
    0x7, 0xc6, 0x0, 0x0, 0xdc, 0xc0, 0x0, 0x39,
    0xf8, 0x0, 0xe, 0xf, 0xff, 0xff, 0x80, 0x7f,
    0xfe, 0x60, 0x0, 0x0, 0x0,

    /* U+663E "显" */
    0x7, 0xff, 0xf8, 0x1, 0xff, 0xfe, 0x0, 0x60,
    0x1, 0x80, 0x18, 0x0, 0x60, 0x7, 0xff, 0xf8,
    0x1, 0xff, 0xfe, 0x0, 0x60, 0x1, 0x80, 0x18,
    0x0, 0x60, 0x7, 0xff, 0xf8, 0x1, 0xff, 0xfe,
    0x0, 0x0, 0x0, 0x0, 0x1, 0x86, 0x0, 0x20,
    0x61, 0x82, 0x1c, 0x18, 0x60, 0xc3, 0x86, 0x18,
    0x70, 0x71, 0x86, 0x18, 0xe, 0x61, 0x8e, 0x3,
    0x98, 0x67, 0x0, 0x76, 0x1b, 0x80, 0x19, 0x86,
    0xc0, 0x0, 0x61, 0x80, 0x3f, 0xff, 0xff, 0xff,
    0xff, 0xff, 0xfc,

    /* U+66DD "曝" */
    0x0, 0x7f, 0xfe, 0x3f, 0x1f, 0xff, 0x8f, 0xc6,
    0x0, 0x63, 0x31, 0xff, 0xf8, 0xcc, 0x7f, 0xfe,
    0x33, 0x18, 0x1, 0x8c, 0xc7, 0xff, 0xe3, 0x31,
    0xff, 0xf8, 0xfc, 0xc, 0x30, 0x3f, 0x3f, 0xff,
    0xcc, 0xcf, 0xff, 0xf3, 0x30, 0x30, 0xc0, 0xcd,
    0xff, 0xff, 0xb3, 0x7f, 0xff, 0xec, 0xc1, 0xdb,
    0x83, 0x31, 0xe6, 0x78, 0xfc, 0xfd, 0x9f, 0x3f,
    0xfb, 0xff, 0xfc, 0x38, 0x59, 0x1b, 0x0, 0x3e,
    0xc0, 0x0, 0x3f, 0xbe, 0x0, 0x3f, 0x67, 0xc0,
    0x6, 0x18, 0x38, 0x0, 0x3e, 0x4, 0x0, 0xf,
    0x0, 0x0,

    /* U+6708 "月" */
    0x3, 0xff, 0xf0, 0x3f, 0xff, 0x3, 0x0, 0x30,
    0x30, 0x3, 0x3, 0x0, 0x30, 0x30, 0x3, 0x3,
    0x0, 0x30, 0x3f, 0xff, 0x3, 0xff, 0xf0, 0x30,
    0x3, 0x3, 0x0, 0x30, 0x30, 0x3, 0x3, 0x0,
    0x30, 0x3f, 0xff, 0x3, 0xff, 0xf0, 0x30, 0x3,
    0x3, 0x0, 0x30, 0x60, 0x3, 0x6, 0x0, 0x30,
    0xe0, 0x3, 0xc, 0x0, 0x31, 0x80, 0x3, 0x38,
    0x0, 0x37, 0x0, 0x3f, 0xe0, 0x3, 0xe4, 0x0,
    0x0,

    /* U+6709 "有" */
    0x0, 0x38, 0x0, 0x0, 0x6, 0x0, 0x0, 0x0,
    0xc0, 0x0, 0x0, 0x38, 0x0, 0x3, 0xff, 0xff,
    0xfe, 0x7f, 0xff, 0xff, 0xc0, 0x38, 0x0, 0x0,
    0x6, 0x0, 0x0, 0x1, 0xc0, 0x0, 0x0, 0x3f,
    0xff, 0xc0, 0xf, 0xff, 0xf8, 0x3, 0xe0, 0x3,
    0x0, 0x7c, 0x0, 0x60, 0x1f, 0x80, 0xc, 0x7,
    0x7f, 0xff, 0x81, 0xcf, 0xff, 0xf0, 0x71, 0xc0,
    0x6, 0x1e, 0x38, 0x0, 0xc0, 0x87, 0x0, 0x18,
    0x0, 0xff, 0xff, 0x0, 0x1f, 0xff, 0xe0, 0x3,
    0x80, 0xc, 0x0, 0x70, 0x1, 0x80, 0xe, 0x0,
    0x30, 0x1, 0xc0, 0x6, 0x0, 0x38, 0xf, 0xc0,
    0x7, 0x0, 0xf8, 0x0,

    /* U+672C "本" */
    0x0, 0x6, 0x0, 0x0, 0x0, 0x60, 0x0, 0x0,
    0x6, 0x0, 0x0, 0x0, 0x60, 0x0, 0x0, 0x6,
    0x0, 0x3, 0xff, 0xff, 0xfc, 0x3f, 0xff, 0xff,
    0xc0, 0x3, 0xfc, 0x0, 0x0, 0x36, 0xc0, 0x0,
    0x7, 0x6e, 0x0, 0x0, 0x66, 0x60, 0x0, 0xe,
    0x67, 0x0, 0x0, 0xc6, 0x30, 0x0, 0x1c, 0x63,
    0x80, 0x3, 0x86, 0x1c, 0x0, 0x30, 0x61, 0xe0,
    0x7, 0x6, 0xf, 0x0, 0xe0, 0x60, 0x78, 0x3d,
    0xff, 0xfb, 0xc7, 0x9f, 0xff, 0x9e, 0x70, 0x6,
    0x0, 0x60, 0x0, 0x60, 0x0, 0x0, 0x6, 0x0,
    0x0, 0x0, 0x60, 0x0, 0x0, 0x6, 0x0, 0x0,
    0x0, 0x60, 0x0, 0x0, 0x6, 0x0, 0x0,

    /* U+6821 "校" */
    0x3, 0x80, 0x30, 0x0, 0x38, 0x3, 0x0, 0x3,
    0x80, 0x30, 0x0, 0x38, 0xff, 0xfe, 0x3, 0x8f,
    0xff, 0xe3, 0xff, 0x0, 0x0, 0x3f, 0xf0, 0xc6,
    0x0, 0x38, 0x1c, 0x78, 0x3, 0x83, 0x83, 0xc0,
    0x38, 0x70, 0x1e, 0x7, 0xde, 0x86, 0xe0, 0x7e,
    0xd8, 0x66, 0xf, 0xf1, 0x86, 0x0, 0xfb, 0x9c,
    0x60, 0x1f, 0x98, 0xce, 0x3, 0xb9, 0xc, 0xc0,
    0x73, 0x80, 0x7c, 0x7, 0x38, 0x7, 0x80, 0x23,
    0x80, 0x38, 0x0, 0x38, 0x7, 0x80, 0x3, 0x80,
    0x7c, 0x0, 0x38, 0x1e, 0xe0, 0x3, 0x83, 0xc7,
    0x80, 0x38, 0xf0, 0x3e, 0x3, 0x9e, 0x1, 0xf0,
    0x38, 0xc0, 0x6,

    /* U+683C "格" */
    0x7, 0x1, 0x80, 0x0, 0x70, 0x38, 0x0, 0x7,
    0x3, 0xff, 0x80, 0x70, 0x3f, 0xf0, 0x7, 0x7,
    0x3, 0x7, 0xfe, 0x78, 0x60, 0x7f, 0xed, 0x8e,
    0x0, 0x71, 0xdd, 0xc0, 0x7, 0x38, 0xf8, 0x0,
    0x7c, 0x87, 0x80, 0xf, 0xe0, 0xf8, 0x0, 0xf7,
    0x3d, 0xe0, 0xf, 0x37, 0x8f, 0x1, 0xf1, 0xe0,
    0x3e, 0x1f, 0x7c, 0x1, 0xf3, 0xf3, 0x7f, 0xf2,
    0x77, 0x7, 0xff, 0xf, 0x70, 0x60, 0x30, 0xe7,
    0x6, 0x3, 0x0, 0x70, 0x60, 0x30, 0x7, 0x6,
    0x3, 0x0, 0x70, 0x60, 0x30, 0x7, 0x7, 0xff,
    0x0, 0x70, 0x7f, 0xf0, 0x7, 0x6, 0x3, 0x0,
    0x70, 0x60, 0x30,

    /* U+6A21 "模" */
    0x6, 0x6, 0x6, 0x0, 0x60, 0x60, 0x60, 0x6,
    0x6, 0x6, 0x0, 0x67, 0xff, 0xfe, 0x6, 0x7f,
    0xff, 0xe0, 0x60, 0x60, 0x60, 0x7f, 0xc6, 0x6,
    0x7, 0xfc, 0x0, 0x0, 0x6, 0x1f, 0xff, 0x80,
    0xe1, 0xff, 0xf8, 0xe, 0x18, 0x1, 0x80, 0xf1,
    0xff, 0xf8, 0xf, 0x9f, 0xff, 0x81, 0xf9, 0x80,
    0x18, 0x1e, 0xd8, 0x1, 0x83, 0xed, 0xff, 0xf8,
    0x36, 0x9f, 0xff, 0x87, 0x60, 0x6, 0x0, 0x66,
    0x0, 0xe0, 0xe, 0x67, 0xff, 0xfc, 0x6, 0x7f,
    0xff, 0xc0, 0x60, 0x1f, 0x80, 0x6, 0x3, 0x9c,
    0x0, 0x60, 0xf0, 0xe0, 0x6, 0x3e, 0x7, 0xc0,
    0x6f, 0x80, 0x3f, 0x6, 0x60, 0x0, 0x60,

    /* U+6B63 "正" */
    0x7f, 0xff, 0xff, 0x3f, 0xff, 0xff, 0x80, 0x7,
    0x0, 0x0, 0x3, 0x80, 0x0, 0x1, 0xc0, 0x0,
    0x0, 0xe0, 0x0, 0x0, 0x70, 0x0, 0x18, 0x38,
    0x0, 0xc, 0x1c, 0x0, 0x6, 0xe, 0x0, 0x3,
    0x7, 0xff, 0x1, 0x83, 0xff, 0x80, 0xc1, 0xc0,
    0x0, 0x60, 0xe0, 0x0, 0x30, 0x70, 0x0, 0x18,
    0x38, 0x0, 0xc, 0x1c, 0x0, 0x6, 0xe, 0x0,
    0x3, 0x7, 0x0, 0x1, 0x83, 0x80, 0x0, 0xc1,
    0xc0, 0x7, 0xff, 0xff, 0xff, 0xff, 0xff, 0xfe,

    /* U+6C34 "水" */
    0x0, 0x6, 0x0, 0x0, 0x0, 0xc0, 0x0, 0x0,
    0x18, 0x0, 0x0, 0x3, 0x0, 0x0, 0x0, 0x60,
    0x0, 0x0, 0xc, 0x6, 0xf, 0xfd, 0xc0, 0xc1,
    0xff, 0xb8, 0x38, 0x0, 0x77, 0x9e, 0x0, 0xc,
    0xf7, 0x80, 0x1, 0x9f, 0xe0, 0x0, 0x73, 0x70,
    0x0, 0xe, 0x6e, 0x0, 0x3, 0x8c, 0xc0, 0x0,
    0x71, 0x9c, 0x0, 0x1c, 0x31, 0xc0, 0x7, 0x86,
    0x1c, 0x1, 0xe0, 0xc1, 0xc0, 0x78, 0x18, 0x1c,
    0x1e, 0x3, 0x1, 0xe7, 0x80, 0x60, 0x1e, 0xe0,
    0xc, 0x1, 0x80, 0x1, 0x80, 0x0, 0x0, 0x30,
    0x0, 0x0, 0x7e, 0x0, 0x0, 0xf, 0x80, 0x0,

    /* U+6D88 "消" */
    0x0, 0x1, 0x80, 0x18, 0x60, 0xc0, 0xcf, 0x38,
    0x60, 0xe3, 0xce, 0x30, 0xe0, 0x73, 0x98, 0xf0,
    0x18, 0xcc, 0xf0, 0x8, 0x66, 0x70, 0x80, 0x3,
    0x0, 0xf0, 0x7f, 0xff, 0x3c, 0x3f, 0xff, 0x87,
    0x18, 0x0, 0xc1, 0xcc, 0x0, 0x60, 0x6, 0x0,
    0x30, 0x3, 0xff, 0xf8, 0x11, 0xff, 0xfc, 0xc,
    0xc0, 0x6, 0x6, 0x60, 0x3, 0x3, 0x30, 0x1,
    0x83, 0x18, 0x0, 0xc1, 0x8f, 0xff, 0xe1, 0xc7,
    0xff, 0xf0, 0xc3, 0x0, 0x18, 0xe1, 0x80, 0xc,
    0x60, 0xc0, 0x6, 0x70, 0x60, 0x3, 0x70, 0x30,
    0x3f, 0x90, 0x18, 0x1f, 0x80,

    /* U+6E90 "源" */
    0x38, 0xff, 0xff, 0xc7, 0x3f, 0xff, 0xf0, 0xec,
    0x6, 0x0, 0x1b, 0x1, 0x80, 0x0, 0xcf, 0xff,
    0x10, 0x33, 0xff, 0xcf, 0xc, 0xc0, 0x30, 0xe3,
    0x30, 0xc, 0x1c, 0xcf, 0xff, 0x3, 0x33, 0xff,
    0xc0, 0xc, 0xc0, 0x30, 0x3, 0x30, 0xc, 0xc,
    0xcf, 0xff, 0x3, 0xb3, 0xff, 0xc0, 0xcc, 0x6,
    0x0, 0x33, 0x19, 0x98, 0xc, 0xc6, 0x67, 0x7,
    0x33, 0x98, 0xe1, 0x9c, 0xc6, 0x18, 0xe6, 0x71,
    0x87, 0x31, 0xb8, 0x60, 0xdc, 0xec, 0x18, 0x36,
    0x30, 0x6, 0x9, 0x9c, 0xf, 0x80, 0x2, 0x3,
    0xc0, 0x0,

    /* U+7075 "灵" */
    0x1f, 0xff, 0xf8, 0xf, 0xff, 0xfc, 0x0, 0x0,
    0x6, 0x0, 0x0, 0x3, 0x0, 0x0, 0x1, 0x80,
    0x7f, 0xff, 0xc0, 0x3f, 0xff, 0xe0, 0x0, 0x0,
    0x30, 0x0, 0x0, 0x18, 0xf, 0xff, 0xfc, 0x7,
    0xff, 0xfe, 0x0, 0x1, 0x0, 0x0, 0x0, 0xe0,
    0x0, 0x18, 0x70, 0x30, 0x1c, 0x30, 0x38, 0x1c,
    0x38, 0x18, 0xe, 0x1e, 0x1c, 0xe, 0x1f, 0x9c,
    0x6, 0xe, 0xe4, 0x0, 0xe, 0x38, 0x0, 0x1e,
    0xf, 0x0, 0x3e, 0x3, 0xc0, 0xfe, 0x0, 0xfd,
    0xfc, 0x0, 0x1f, 0xf0, 0x0, 0x3, 0x80,

    /* U+7184 "熄" */
    0x6, 0x0, 0x60, 0x0, 0xc0, 0xc, 0x0, 0x18,
    0x3, 0x80, 0x3, 0xf, 0xff, 0x80, 0x61, 0xff,
    0xf0, 0xc, 0x30, 0x6, 0xd, 0x96, 0x0, 0xc1,
    0xb7, 0xff, 0xf8, 0x36, 0xdf, 0xff, 0xe, 0xfb,
    0x0, 0x61, 0x9c, 0x7f, 0xfc, 0x73, 0xf, 0xff,
    0x84, 0x61, 0x80, 0x30, 0xc, 0x30, 0x6, 0x1,
    0x87, 0xff, 0xc0, 0x30, 0xff, 0xf8, 0x6, 0x0,
    0x80, 0x1, 0xe0, 0x38, 0x0, 0x3e, 0x9f, 0xc,
    0x7, 0xfb, 0x73, 0x80, 0xdf, 0x67, 0x38, 0x39,
    0xec, 0xeb, 0x86, 0x19, 0x83, 0xb1, 0xc7, 0x30,
    0x77, 0x71, 0xc6, 0xc, 0x7c, 0x10, 0xff, 0x8b,
    0x80, 0xf, 0xe0, 0x20, 0x0, 0x0, 0x0,

    /* U+7248 "版" */
    0x0, 0xc0, 0x0, 0x0, 0xc, 0x7f, 0xfe, 0x18,
    0xc7, 0xff, 0xe1, 0x8c, 0x60, 0x0, 0x18, 0xc6,
    0x0, 0x1, 0x8c, 0x60, 0x0, 0x18, 0xc6, 0x0,
    0x1, 0x8c, 0x60, 0x0, 0x1f, 0xf6, 0x0, 0x1,
    0xff, 0x7f, 0xfc, 0x18, 0x7, 0xff, 0xc1, 0x80,
    0x66, 0x1c, 0x18, 0x6, 0x61, 0xc1, 0x80, 0x66,
    0x18, 0x1f, 0xc6, 0x71, 0x81, 0xfc, 0x63, 0x38,
    0x18, 0xc6, 0x33, 0x1, 0x8c, 0x63, 0xf0, 0x18,
    0xcc, 0x1e, 0x1, 0x8c, 0xc1, 0xe0, 0x38, 0xcc,
    0x1e, 0x3, 0x8d, 0xc3, 0xe0, 0x30, 0xd8, 0x7f,
    0x3, 0xf, 0x8e, 0x3c, 0x70, 0xf3, 0xc1, 0xe6,
    0x6, 0x78, 0xf, 0x20, 0x22, 0x0, 0x20,

    /* U+7387 "率" */
    0x0, 0xc, 0x0, 0x0, 0x3, 0x0, 0x0, 0x0,
    0xc0, 0x1, 0xff, 0xff, 0xfe, 0x7f, 0xff, 0xff,
    0x80, 0x7, 0x0, 0x47, 0x3, 0x88, 0x38, 0xf0,
    0xc7, 0x3c, 0x1e, 0xe3, 0xbe, 0x3, 0xff, 0xc6,
    0x0, 0x47, 0xe0, 0x0, 0x8, 0x32, 0x40, 0x7,
    0x19, 0xdc, 0x7, 0x8e, 0x37, 0xc7, 0xdf, 0xfc,
    0x7b, 0xe3, 0xff, 0x87, 0x60, 0xfc, 0x60, 0x80,
    0x3, 0x0, 0xf, 0xff, 0xff, 0xff, 0xff, 0xff,
    0xff, 0x0, 0xc, 0x0, 0x0, 0x3, 0x0, 0x0,
    0x0, 0xc0, 0x0, 0x0, 0x30, 0x0, 0x0, 0xc,
    0x0, 0x0, 0x3, 0x0, 0x0, 0x0, 0xc0, 0x0,

    /* U+73AF "环" */
    0x0, 0x1f, 0xff, 0xe7, 0xfd, 0xff, 0xfe, 0x7f,
    0xc0, 0x60, 0x0, 0xe0, 0x6, 0x0, 0xe, 0x0,
    0x60, 0x0, 0xe0, 0xe, 0x0, 0xe, 0x0, 0xc0,
    0x0, 0xe0, 0xc, 0x0, 0x7f, 0x81, 0xc0, 0x7,
    0xf8, 0x1e, 0xc0, 0xe, 0x3, 0xe6, 0x0, 0xe0,
    0x36, 0x30, 0xe, 0x7, 0x61, 0x80, 0xe0, 0xe6,
    0x1c, 0xe, 0x1e, 0x60, 0xe0, 0xef, 0xc6, 0x6,
    0xf, 0xf8, 0x60, 0x71, 0xfb, 0x6, 0x4, 0x7c,
    0x0, 0x60, 0x7, 0x0, 0x6, 0x0, 0x0, 0x0,
    0x60, 0x0, 0x0, 0x6, 0x0, 0x0, 0x0, 0x60,
    0x0, 0x0, 0x6, 0x0, 0x0, 0x0, 0x60, 0x0,

    /* U+751F "生" */
    0x0, 0xc, 0x0, 0x0, 0x3, 0x0, 0x0, 0x0,
    0xc0, 0x0, 0x18, 0x30, 0x0, 0x6, 0xc, 0x0,
    0x1, 0x83, 0x0, 0x0, 0xe0, 0xc0, 0x0, 0x3f,
    0xff, 0xfc, 0xf, 0xff, 0xff, 0x7, 0x3, 0x0,
    0x1, 0x80, 0xc0, 0x0, 0xe0, 0x30, 0x0, 0x70,
    0xc, 0x0, 0x38, 0x3, 0x0, 0xe, 0x0, 0xc0,
    0x0, 0x3f, 0xff, 0xf8, 0xf, 0xff, 0xfe, 0x0,
    0x3, 0x0, 0x0, 0x0, 0xc0, 0x0, 0x0, 0x30,
    0x0, 0x0, 0xc, 0x0, 0x0, 0x3, 0x0, 0x0,
    0x0, 0xc0, 0x1, 0xff, 0xff, 0xff, 0x7f, 0xff,
    0xff, 0xc0,

    /* U+7528 "用" */
    0xf, 0xff, 0xff, 0xf, 0xff, 0xff, 0xc, 0x6,
    0x3, 0xc, 0x6, 0x3, 0xc, 0x6, 0x3, 0xc,
    0x6, 0x3, 0xc, 0x6, 0x3, 0xf, 0xff, 0xff,
    0xf, 0xff, 0xff, 0xc, 0x6, 0x3, 0xc, 0x6,
    0x3, 0xc, 0x6, 0x3, 0xc, 0x6, 0x3, 0xc,
    0x6, 0x3, 0xf, 0xff, 0xff, 0xf, 0xff, 0xff,
    0xc, 0x6, 0x3, 0xc, 0x6, 0x3, 0x1c, 0x6,
    0x3, 0x18, 0x6, 0x3, 0x18, 0x6, 0x3, 0x38,
    0x6, 0x3, 0x70, 0x6, 0x3, 0x70, 0x0, 0x3,
    0xe0, 0x0, 0x3f, 0x60, 0x0, 0x1e,

    /* U+7535 "电" */
    0x0, 0x60, 0x0, 0x0, 0x60, 0x0, 0x0, 0x60,
    0x0, 0x0, 0x60, 0x0, 0x0, 0x60, 0x0, 0xff,
    0xff, 0xf0, 0xff, 0xff, 0xf0, 0xc0, 0x60, 0x30,
    0xc0, 0x60, 0x30, 0xc0, 0x60, 0x30, 0xc0, 0x60,
    0x30, 0xff, 0xff, 0xf0, 0xff, 0xff, 0xf0, 0xc0,
    0x60, 0x30, 0xc0, 0x60, 0x30, 0xc0, 0x60, 0x30,
    0xc0, 0x60, 0x30, 0xff, 0xff, 0xf0, 0xff, 0xff,
    0xf0, 0x0, 0x60, 0x2, 0x0, 0x60, 0x3, 0x0,
    0x60, 0x3, 0x0, 0x60, 0x3, 0x0, 0x60, 0x3,
    0x0, 0x7f, 0xfe, 0x0, 0x3f, 0xfe,

    /* U+76D1 "监" */
    0x0, 0xc0, 0xc0, 0x6, 0x18, 0x18, 0x0, 0xc3,
    0x3, 0x0, 0x18, 0x60, 0x60, 0x3, 0xc, 0x1f,
    0xfc, 0x61, 0x83, 0xff, 0x8c, 0x30, 0xe0, 0x1,
    0x86, 0x18, 0x0, 0x30, 0xc7, 0x38, 0x6, 0x18,
    0xc7, 0x80, 0xc3, 0x38, 0x3c, 0x18, 0x6e, 0x3,
    0xc3, 0xc, 0x80, 0x10, 0x1, 0x80, 0x0, 0x0,
    0x0, 0x0, 0x0, 0x7f, 0xff, 0xf0, 0xf, 0xff,
    0xfe, 0x1, 0x8e, 0x38, 0xc0, 0x31, 0xc7, 0x18,
    0x6, 0x38, 0xe3, 0x0, 0xc7, 0x1c, 0x60, 0x18,
    0xe3, 0x8c, 0x3, 0x1c, 0x71, 0x87, 0xff, 0xff,
    0xff, 0xff, 0xff, 0xff, 0xe0,

    /* U+7801 "码" */
    0x0, 0x7, 0xff, 0x1f, 0xf9, 0xff, 0xc7, 0xfe,
    0x0, 0x30, 0x18, 0xe, 0xc, 0x6, 0x3, 0x3,
    0x3, 0x80, 0xc0, 0xc0, 0xe0, 0x30, 0x30, 0x30,
    0x1c, 0xc, 0xc, 0x7, 0x6, 0x7, 0xf1, 0xc1,
    0x81, 0xfc, 0x60, 0x60, 0xe3, 0x3f, 0xff, 0x78,
    0xcf, 0xff, 0xfe, 0x30, 0x0, 0x35, 0x8c, 0x0,
    0xc, 0x63, 0x0, 0x3, 0x18, 0xcf, 0xfe, 0xc6,
    0x33, 0xff, 0xb1, 0xfc, 0x0, 0xc, 0x7f, 0x0,
    0x3, 0x18, 0xc0, 0x1, 0xc6, 0x30, 0x0, 0x71,
    0x8c, 0x1, 0x18, 0x0, 0x0, 0x7e, 0x0, 0x0,
    0x1f, 0x0,

    /* U+786E "确" */
    0x0, 0x2, 0x0, 0x0, 0x3, 0x80, 0x0, 0x1,
    0x80, 0x1f, 0xf9, 0xff, 0x8f, 0xfc, 0xff, 0xc0,
    0xc0, 0xe1, 0xc0, 0x60, 0xe1, 0xe0, 0x30, 0xe0,
    0xe0, 0x18, 0xff, 0xff, 0x9c, 0xff, 0xff, 0xcf,
    0xec, 0x30, 0x67, 0xe6, 0x18, 0x37, 0x33, 0xc,
    0x1b, 0x99, 0xff, 0xff, 0xcc, 0xff, 0xff, 0xe6,
    0x61, 0x83, 0x73, 0x30, 0xc1, 0x99, 0x98, 0x60,
    0xcc, 0xdc, 0x30, 0x66, 0x6f, 0xff, 0xf3, 0xf7,
    0xff, 0xf9, 0xfb, 0x0, 0xc, 0xcf, 0x80, 0x6,
    0x61, 0x80, 0x3, 0x1, 0xc0, 0x1, 0x81, 0xc0,
    0x0, 0xc0, 0xe0, 0x7, 0xe0, 0x60, 0x3, 0xe0,

    /* U+78B0 "碰" */
    0x0, 0x0, 0x2, 0x0, 0x1, 0xc0, 0x60, 0x0,
    0x1c, 0xc, 0x3f, 0xf1, 0xc3, 0x87, 0xfe, 0x38,
    0x60, 0x1c, 0x3, 0x9c, 0x3, 0x80, 0x23, 0x0,
    0x61, 0xff, 0xfe, 0xc, 0x3f, 0xff, 0xc1, 0x80,
    0x1b, 0x0, 0x70, 0x3, 0x60, 0xf, 0xe4, 0x6c,
    0x3, 0xfd, 0xcd, 0x8c, 0x79, 0xb9, 0xb3, 0x9f,
    0x33, 0x36, 0x67, 0xe6, 0x76, 0xcc, 0x5c, 0xc6,
    0xd9, 0x83, 0x98, 0xdb, 0x70, 0x73, 0x1f, 0x6c,
    0xe, 0x63, 0xef, 0x81, 0xcc, 0x6d, 0xb0, 0x3f,
    0x81, 0xb0, 0x7, 0xf0, 0x36, 0x0, 0xe6, 0x6,
    0xc0, 0x1c, 0xc0, 0xd8, 0x0, 0x7, 0xff, 0xfc,
    0x0, 0xff, 0xff, 0x80,

    /* U+793A "示" */
    0x1f, 0xff, 0xfc, 0xf, 0xff, 0xfe, 0x0, 0x0,
    0x0, 0x0, 0x0, 0x0, 0x0, 0x0, 0x0, 0x0,
    0x0, 0x0, 0x0, 0x0, 0x0, 0x0, 0xff, 0xff,
    0xfe, 0x7f, 0xff, 0xff, 0x0, 0xe, 0x0, 0x0,
    0x7, 0x0, 0x0, 0x43, 0x8c, 0x0, 0x31, 0xcf,
    0x0, 0x38, 0xe3, 0xc0, 0x38, 0x70, 0xf0, 0x1c,
    0x38, 0x3c, 0x1c, 0x1c, 0xe, 0x1c, 0xe, 0x3,
    0x9c, 0x7, 0x0, 0xfe, 0x3, 0x80, 0x7e, 0x1,
    0xc0, 0x1a, 0x0, 0xe0, 0x8, 0x0, 0x70, 0x0,
    0x3, 0xf8, 0x0, 0x0, 0xf8, 0x0, 0x0,

    /* U+79D1 "科" */
    0x0, 0xe0, 0x6, 0x0, 0xfc, 0x0, 0xc1, 0xfe,
    0x38, 0x18, 0x3f, 0x87, 0xc3, 0x0, 0x70, 0x3c,
    0x60, 0xe, 0x1, 0xcc, 0x1, 0xc0, 0x19, 0x83,
    0xff, 0x80, 0x30, 0x7f, 0xf0, 0x6, 0x0, 0xe1,
    0xc0, 0xc0, 0x1c, 0x3c, 0x18, 0x7, 0xe1, 0xc3,
    0x0, 0xfe, 0x1c, 0x60, 0x3e, 0xe1, 0xcc, 0x7,
    0xcc, 0x11, 0xb9, 0xf9, 0x80, 0x7f, 0x77, 0x0,
    0xff, 0x9c, 0xe3, 0xff, 0xc3, 0x9c, 0x7e, 0x18,
    0x23, 0x8c, 0x3, 0x0, 0x70, 0x0, 0x60, 0xe,
    0x0, 0xc, 0x1, 0xc0, 0x1, 0x80, 0x38, 0x0,
    0x30, 0x7, 0x0, 0x6, 0x0, 0xe0, 0x0, 0xc0,

    /* U+79D2 "秒" */
    0x1, 0xe0, 0x60, 0xf, 0xf8, 0xc, 0x1, 0xfc,
    0x1, 0x80, 0x3, 0x81, 0x32, 0x0, 0x70, 0x76,
    0xe0, 0xe, 0xe, 0xce, 0x1, 0xc1, 0x98, 0xe3,
    0xff, 0x73, 0xc, 0x7f, 0xee, 0x61, 0xc0, 0xe3,
    0x8c, 0x18, 0x1c, 0x71, 0x83, 0x83, 0xdc, 0x30,
    0x60, 0xfc, 0x6, 0x30, 0x1f, 0xc0, 0xc6, 0x7,
    0xdc, 0x18, 0xc1, 0xf9, 0x9f, 0x38, 0x3f, 0x33,
    0xc6, 0xe, 0xe4, 0x1, 0xc3, 0x9c, 0x0, 0x70,
    0x23, 0x80, 0x1c, 0x0, 0x70, 0x7, 0x0, 0xe,
    0x3, 0xc0, 0x1, 0xc1, 0xf0, 0x0, 0x38, 0xf8,
    0x0, 0x7, 0x7e, 0x0, 0x0, 0xe6, 0x0, 0x0,

    /* U+79F0 "称" */
    0x0, 0x0, 0x0, 0x0, 0x1c, 0x30, 0x0, 0x1f,
    0x86, 0x0, 0x7f, 0xc0, 0xc0, 0x7, 0xf0, 0x18,
    0x0, 0x6, 0x6, 0x0, 0x0, 0xc0, 0xff, 0xf0,
    0x18, 0x3f, 0xfe, 0x7f, 0xf6, 0x0, 0xf, 0xff,
    0xc6, 0x0, 0x1c, 0x30, 0xc0, 0x3, 0xce, 0x18,
    0x0, 0x7c, 0x83, 0x0, 0x1f, 0xc0, 0x60, 0x3,
    0xd8, 0x4d, 0x80, 0xdb, 0x99, 0x98, 0x3b, 0x33,
    0x33, 0x86, 0x64, 0xe6, 0x31, 0xcc, 0x38, 0xc7,
    0x71, 0x86, 0x18, 0x66, 0x31, 0xc3, 0xe, 0x6,
    0x70, 0x60, 0xc0, 0xcc, 0xc, 0x18, 0x18, 0x1,
    0x80, 0x3, 0x0, 0x30, 0x0, 0x60, 0x3e, 0x0,
    0xc, 0x7, 0x80, 0x0,

    /* U+7A0D "稍" */
    0x0, 0x40, 0x30, 0x0, 0x38, 0xcd, 0xc0, 0x7c,
    0x33, 0x39, 0xfc, 0x1c, 0xce, 0x7e, 0xe, 0x31,
    0xc1, 0x87, 0x8c, 0x30, 0x61, 0xc3, 0x9, 0xff,
    0x80, 0xc0, 0x7f, 0xef, 0xff, 0x81, 0x83, 0xff,
    0xe0, 0x60, 0xc0, 0x18, 0x18, 0x30, 0x6, 0xf,
    0x8c, 0x1, 0x83, 0xf3, 0xff, 0xe1, 0xee, 0xff,
    0xf8, 0xf9, 0xb0, 0x6, 0x36, 0x7c, 0x1, 0x9d,
    0x83, 0x0, 0x6e, 0x60, 0xc0, 0x1b, 0x18, 0x3f,
    0xfe, 0x6, 0xf, 0xff, 0x81, 0x83, 0x0, 0x60,
    0x60, 0xc0, 0x18, 0x18, 0x30, 0x6, 0x6, 0xc,
    0x1, 0x81, 0x83, 0x3, 0xe0, 0x60, 0xc0, 0xf0,

    /* U+7B80 "简" */
    0x7, 0x0, 0x60, 0x1, 0x80, 0x30, 0x0, 0xff,
    0xcf, 0xfc, 0x3f, 0xf7, 0xff, 0x1c, 0xc3, 0x9c,
    0xe, 0x39, 0xc3, 0x87, 0x66, 0x30, 0x43, 0x9c,
    0x7f, 0xfc, 0x43, 0x9f, 0xff, 0x6, 0x60, 0x0,
    0xc1, 0x90, 0x0, 0x30, 0x61, 0xff, 0xc, 0x18,
    0x7f, 0xc3, 0x6, 0x18, 0x30, 0xc1, 0x86, 0xc,
    0x30, 0x61, 0xff, 0xc, 0x18, 0x7f, 0xc3, 0x6,
    0x18, 0x30, 0xc1, 0x86, 0xc, 0x30, 0x61, 0xff,
    0xc, 0x18, 0x7f, 0xc3, 0x6, 0x18, 0x30, 0xc1,
    0x80, 0x0, 0x30, 0x60, 0x0, 0xc, 0x18, 0x0,
    0x1f, 0x6, 0x0, 0x7, 0x80,

    /* U+7CFB "系" */
    0x0, 0x0, 0x0, 0x0, 0x0, 0xf, 0x80, 0x0,
    0xff, 0xe1, 0xff, 0xff, 0x80, 0x3f, 0xf8, 0x0,
    0x0, 0xe, 0x8, 0x0, 0x7, 0x7, 0x80, 0x13,
    0x83, 0xc0, 0xf, 0xc1, 0xe0, 0x3, 0xf0, 0xe0,
    0x0, 0x3f, 0x70, 0x0, 0x3, 0xf8, 0x80, 0x0,
    0x3c, 0x70, 0x0, 0x1c, 0xe, 0x0, 0x1e, 0x1,
    0xe0, 0xff, 0xff, 0xf8, 0x1f, 0xff, 0xff, 0x0,
    0x3, 0x0, 0xe0, 0x10, 0xc2, 0x10, 0xe, 0x31,
    0xe0, 0x7, 0x8c, 0x3c, 0x3, 0xc3, 0x3, 0xc3,
    0xe0, 0xc0, 0x7b, 0xe0, 0x30, 0xf, 0x70, 0xc,
    0x1, 0x80, 0x3, 0x0, 0x0, 0x0, 0xc0, 0x0,

    /* U+7EDF "统" */
    0x0, 0x2, 0x0, 0x1, 0x1, 0xe0, 0x0, 0xe0,
    0x3c, 0x0, 0x30, 0x3, 0x80, 0x1c, 0x7f, 0xff,
    0x86, 0x1f, 0xff, 0xe3, 0x80, 0x38, 0x0, 0xc6,
    0xe, 0x0, 0x71, 0x87, 0x1c, 0x18, 0xe3, 0x83,
    0x8e, 0x73, 0xc0, 0x73, 0xfd, 0xff, 0xfc, 0xfe,
    0x7f, 0xff, 0x93, 0xf, 0xc0, 0x71, 0xc0, 0x0,
    0x8, 0xe0, 0x18, 0xc0, 0x73, 0xc6, 0x30, 0x3f,
    0xf1, 0x8c, 0xf, 0xe0, 0x63, 0x1, 0x80, 0x18,
    0xc0, 0x0, 0x6e, 0x30, 0x80, 0xfb, 0x8c, 0x31,
    0xfd, 0xc3, 0xf, 0xf8, 0xf0, 0xc7, 0xf0, 0x78,
    0x3f, 0x80, 0x78, 0x7, 0xc0, 0xc, 0x0, 0x0,

    /* U+7F6E "置" */
    0x7f, 0xff, 0xfe, 0x3f, 0xff, 0xff, 0x1c, 0x30,
    0xc3, 0x8e, 0x18, 0x61, 0xc7, 0xff, 0xff, 0xe3,
    0xff, 0xff, 0xf0, 0x0, 0x30, 0x1, 0xff, 0xff,
    0xfe, 0xff, 0xff, 0xff, 0x0, 0x6, 0x0, 0x0,
    0xff, 0xfe, 0x18, 0x7f, 0xff, 0xc, 0x30, 0x1,
    0x86, 0x1f, 0xff, 0xc3, 0xf, 0xff, 0xe1, 0x86,
    0x0, 0x30, 0xc3, 0x0, 0x18, 0x61, 0xff, 0xfc,
    0x30, 0xff, 0xfe, 0x18, 0x60, 0x3, 0xc, 0x3f,
    0xff, 0x86, 0x1f, 0xff, 0xc3, 0x0, 0x0, 0x1,
    0xff, 0xff, 0xff, 0xff, 0xff, 0xff, 0xe0, 0x0,
    0x0, 0x0,

    /* U+81EA "自" */
    0x0, 0x20, 0x0, 0x1c, 0x0, 0xe, 0x0, 0x3,
    0x80, 0x1, 0xc0, 0x3f, 0xff, 0xff, 0xff, 0xff,
    0x0, 0x3, 0xc0, 0x0, 0xf0, 0x0, 0x3c, 0x0,
    0xf, 0xff, 0xff, 0xff, 0xff, 0xf0, 0x0, 0x3c,
    0x0, 0xf, 0x0, 0x3, 0xc0, 0x0, 0xff, 0xff,
    0xff, 0xff, 0xff, 0x0, 0x3, 0xc0, 0x0, 0xf0,
    0x0, 0x3c, 0x0, 0xf, 0xff, 0xff, 0xff, 0xff,
    0xf0, 0x0, 0x3c, 0x0, 0xf, 0x0, 0x3,

    /* U+89E3 "解" */
    0x0, 0x0, 0x0, 0x0, 0xc0, 0x0, 0x0, 0x38,
    0x7, 0xff, 0x7, 0xf8, 0xff, 0xe0, 0xff, 0x7,
    0x18, 0x38, 0xe0, 0xe3, 0xe, 0x38, 0x1c, 0x61,
    0xff, 0xef, 0x7c, 0x7f, 0xff, 0xcf, 0xf, 0x31,
    0xf0, 0x0, 0xe6, 0x36, 0x30, 0xc, 0xc6, 0x66,
    0x1, 0x98, 0xcc, 0xc0, 0x3f, 0xf9, 0xff, 0x87,
    0xff, 0x7f, 0xf0, 0xcc, 0x6c, 0x60, 0x19, 0x8f,
    0x8c, 0x3, 0x31, 0x81, 0x80, 0x7f, 0xf7, 0xff,
    0x8f, 0xfe, 0xff, 0xf1, 0x80, 0xc0, 0xc0, 0x30,
    0x18, 0x18, 0xc, 0x3, 0x3, 0x1, 0x80, 0x60,
    0x60, 0x70, 0xc, 0xc, 0xc, 0xf, 0x81, 0x81,
    0x81, 0xe0, 0x30, 0x0,

    /* U+8A00 "言" */
    0x1f, 0xff, 0xfc, 0xf, 0xff, 0xfe, 0x0, 0x0,
    0x0, 0x0, 0x0, 0x0, 0xf, 0xff, 0xff, 0xff,
    0xff, 0xff, 0xfc, 0x0, 0x0, 0x0, 0x0, 0x0,
    0x0, 0x1f, 0xff, 0xfc, 0xf, 0xff, 0xfe, 0x0,
    0x0, 0x0, 0x0, 0x0, 0x0, 0x1, 0xff, 0xff,
    0xc0, 0xff, 0xff, 0xe0, 0x0, 0x0, 0x0, 0x0,
    0x0, 0x0, 0xf, 0xff, 0xf8, 0x7, 0xff, 0xfc,
    0x3, 0x0, 0x6, 0x1, 0x80, 0x3, 0x0, 0xc0,
    0x1, 0x80, 0x60, 0x0, 0xc0, 0x3f, 0xff, 0xe0,
    0x1f, 0xff, 0xf0, 0xc, 0x0, 0x18, 0x6, 0x0,
    0xc, 0x0,

    /* U+8BB0 "记" */
    0x30, 0x0, 0x0, 0x1c, 0x0, 0x0, 0x7, 0xf,
    0xff, 0x81, 0x87, 0xff, 0xc0, 0xc0, 0x0, 0x60,
    0x0, 0x0, 0x30, 0x0, 0x0, 0x18, 0x0, 0x0,
    0xc, 0xfc, 0x0, 0x6, 0x7e, 0x0, 0x3, 0x3,
    0x0, 0x1, 0x81, 0x83, 0xff, 0xc0, 0xc1, 0xff,
    0xe0, 0x60, 0xc0, 0x30, 0x30, 0x60, 0x18, 0x18,
    0x30, 0x0, 0xc, 0x18, 0x0, 0x6, 0xc, 0x0,
    0x3, 0x6, 0x0, 0x1, 0x83, 0x0, 0x20, 0xc1,
    0x80, 0x18, 0x66, 0xc0, 0xc, 0x37, 0x60, 0x6,
    0x1f, 0x30, 0x7, 0xe, 0x1f, 0xff, 0x6, 0x7,
    0xff, 0x0,

    /* U+8BBE "设" */
    0x18, 0xf, 0xfc, 0x3, 0x81, 0xff, 0x80, 0x38,
    0x30, 0x30, 0x3, 0x86, 0x6, 0x0, 0x20, 0xc0,
    0xc0, 0x0, 0x18, 0x18, 0x0, 0x7, 0x3, 0x0,
    0x0, 0xe0, 0x7e, 0xfc, 0x78, 0x7, 0xdf, 0x8e,
    0x0, 0x0, 0x31, 0x80, 0x0, 0x6, 0x0, 0x0,
    0x0, 0xc3, 0xff, 0xe0, 0x18, 0x7f, 0xfc, 0x3,
    0x3, 0x1, 0x80, 0x60, 0x70, 0x70, 0xc, 0x6,
    0x1c, 0x1, 0x80, 0xe7, 0x0, 0x30, 0xf, 0xe0,
    0x6, 0x61, 0xf8, 0x0, 0xfc, 0x1f, 0x0, 0x1f,
    0xf, 0xf0, 0x3, 0x87, 0xcf, 0x80, 0x3, 0xe0,
    0x7e, 0x0, 0xf0, 0x3, 0xc0, 0x18, 0x0, 0x10,

    /* U+8BD5 "试" */
    0x0, 0x0, 0x38, 0xc, 0x0, 0xf, 0xc3, 0x80,
    0x3, 0xb8, 0x70, 0x0, 0xe6, 0xe, 0x0, 0x39,
    0xc1, 0x0, 0xe, 0x0, 0x7, 0xff, 0xfc, 0x1,
    0xff, 0xff, 0x0, 0x0, 0x18, 0x3f, 0x0, 0x6,
    0xf, 0xc0, 0x1, 0x80, 0x31, 0xff, 0x60, 0xc,
    0x7f, 0xd8, 0x3, 0x3, 0x86, 0x0, 0xc0, 0xe1,
    0x80, 0x30, 0x38, 0x60, 0xc, 0xe, 0x18, 0x3,
    0x3, 0x87, 0x0, 0xc0, 0xff, 0xc0, 0x30, 0x7f,
    0xb3, 0xc, 0x7f, 0xc, 0xc3, 0x6e, 0x3, 0xb0,
    0xf8, 0x0, 0x6c, 0x3c, 0x0, 0x1f, 0xc, 0x0,
    0x3, 0x80, 0x0, 0x0, 0x60,

    /* U+8BED "语" */
    0x18, 0x7f, 0xff, 0x87, 0x8f, 0xff, 0xf0, 0x38,
    0x6, 0x0, 0x3, 0x1, 0xc0, 0x0, 0x43, 0xff,
    0xf0, 0x0, 0x7f, 0xfc, 0x0, 0x0, 0xc1, 0x80,
    0x0, 0x18, 0x30, 0xfc, 0x7, 0x6, 0x1f, 0x80,
    0xe0, 0xc0, 0x30, 0x1c, 0x18, 0x6, 0x7f, 0xff,
    0xf0, 0xcf, 0xff, 0xfe, 0x18, 0x0, 0x0, 0x3,
    0x0, 0x0, 0x0, 0x60, 0xff, 0xf8, 0xc, 0x1f,
    0xff, 0x1, 0x83, 0x80, 0xe0, 0x30, 0x70, 0x1c,
    0x6, 0x2e, 0x3, 0x80, 0xdd, 0xc0, 0x70, 0x1f,
    0x3f, 0xfe, 0x3, 0x87, 0xff, 0xc0, 0x0, 0xe0,
    0x38, 0x0, 0x1c, 0x7, 0x0,

    /* U+8BF7 "请" */
    0x0, 0x1, 0xc0, 0x0, 0x0, 0x70, 0x3, 0x0,
    0x1c, 0x0, 0xe1, 0xff, 0xfe, 0x1c, 0x7f, 0xff,
    0x83, 0x80, 0x70, 0x0, 0xc3, 0xff, 0xe0, 0x0,
    0xff, 0xf8, 0x0, 0x1, 0xc0, 0x0, 0x0, 0x70,
    0xf, 0xcf, 0xff, 0xff, 0xf3, 0xff, 0xff, 0xc,
    0x0, 0x0, 0x3, 0xf, 0xff, 0x80, 0xc3, 0xff,
    0xe0, 0x30, 0xe0, 0x18, 0xc, 0x3f, 0xfe, 0x3,
    0xf, 0xff, 0x80, 0xc3, 0x80, 0x60, 0x30, 0xe0,
    0x18, 0xc, 0x3f, 0xfe, 0x3, 0xf, 0xff, 0x80,
    0xdb, 0x80, 0x60, 0x3e, 0xe0, 0x18, 0xf, 0xb8,
    0x6, 0x3, 0x8e, 0x1f, 0x80, 0x3, 0x83, 0xc0,

    /* U+8C03 "调" */
    0x10, 0x0, 0x0, 0x1c, 0x1f, 0xff, 0xc7, 0xf,
    0xff, 0xe1, 0xc6, 0x1c, 0x30, 0x43, 0xe, 0x18,
    0x1, 0x87, 0xc, 0x0, 0xdf, 0xf6, 0x0, 0x6f,
    0xfb, 0xfc, 0x30, 0xe1, 0xfe, 0x18, 0x70, 0xc3,
    0xd, 0xff, 0x61, 0x86, 0xff, 0xb0, 0xc3, 0x0,
    0x18, 0x61, 0x80, 0xc, 0x30, 0xcf, 0xe6, 0x18,
    0x67, 0xf3, 0xc, 0x33, 0x19, 0x86, 0x19, 0x8c,
    0xc3, 0x6c, 0xc6, 0x61, 0xf6, 0x7f, 0x30, 0xf3,
    0x3f, 0x98, 0x73, 0x0, 0xc, 0x1, 0x80, 0x6,
    0x1, 0xc0, 0x3, 0x0, 0xc0, 0x1f, 0x80, 0xe0,
    0xf, 0x80, 0x20, 0x0, 0x0,

    /* U+8F66 "车" */
    0x0, 0x0, 0x0, 0x0, 0x3, 0x0, 0x0, 0x0,
    0xe0, 0x0, 0x0, 0x18, 0x0, 0x3, 0xff, 0xff,
    0xf8, 0x7f, 0xff, 0xff, 0x0, 0x38, 0x0, 0x0,
    0x6, 0x0, 0x0, 0x1, 0xc6, 0x0, 0x0, 0x30,
    0xc0, 0x0, 0xe, 0x18, 0x0, 0x1, 0x83, 0x0,
    0x0, 0x70, 0x60, 0x0, 0xf, 0xff, 0xfc, 0x1,
    0xff, 0xff, 0x80, 0x0, 0x30, 0x0, 0x0, 0x6,
    0x0, 0x0, 0x0, 0xc0, 0x3, 0xff, 0xff, 0xff,
    0xff, 0xff, 0xff, 0xf0, 0x0, 0x60, 0x0, 0x0,
    0xc, 0x0, 0x0, 0x1, 0x80, 0x0, 0x0, 0x30,
    0x0, 0x0, 0x6, 0x0, 0x0, 0x0, 0xc0, 0x0,
    0x0, 0x18, 0x0, 0x0,

    /* U+8FA8 "辨" */
    0x3, 0x1, 0x86, 0x0, 0x60, 0x30, 0xc0, 0xc,
    0x6, 0x18, 0x1, 0x80, 0xc3, 0x3, 0xff, 0x1f,
    0xfe, 0x7f, 0xfb, 0xff, 0xc0, 0x23, 0xe0, 0x41,
    0xc7, 0x6d, 0x8e, 0x18, 0xcd, 0xb9, 0xc3, 0x99,
    0xb3, 0x30, 0x33, 0x36, 0x76, 0x6, 0xee, 0xc6,
    0xc0, 0x99, 0xd8, 0xb0, 0xff, 0xe3, 0xff, 0xdf,
    0xfc, 0x7f, 0xf8, 0x18, 0xc, 0x30, 0x3, 0x3,
    0x86, 0x0, 0x6e, 0x60, 0xc1, 0xff, 0xcd, 0xff,
    0xbf, 0xc1, 0xbf, 0xf4, 0x70, 0x60, 0x60, 0xe,
    0x1c, 0xc, 0x3, 0x87, 0x1, 0x80, 0xf1, 0xe0,
    0x30, 0x7c, 0x78, 0x6, 0xf, 0x1e, 0x0, 0xc1,
    0x81, 0x0, 0x18, 0x0,

    /* U+8FD4 "返" */
    0x10, 0x0, 0x0, 0x3, 0x81, 0xff, 0xfc, 0x38,
    0x1f, 0xff, 0xc1, 0xc1, 0x80, 0x0, 0xe, 0x18,
    0x0, 0x0, 0x61, 0x80, 0x0, 0x4, 0x18, 0x0,
    0x0, 0x1, 0xff, 0xf8, 0x0, 0x1f, 0xff, 0x80,
    0x1, 0xff, 0xf0, 0x7e, 0x18, 0x3, 0x7, 0xe1,
    0x80, 0x30, 0x6, 0x1f, 0x86, 0x0, 0x61, 0xbe,
    0x60, 0x6, 0x18, 0xfe, 0x0, 0x63, 0x87, 0xc0,
    0x6, 0x30, 0x3c, 0x0, 0x63, 0x7, 0xe0, 0x6,
    0x70, 0xf7, 0x0, 0x67, 0x1e, 0x38, 0x6, 0xe7,
    0x81, 0xc0, 0x66, 0xf0, 0xc, 0x1f, 0xc, 0x0,
    0x83, 0xfe, 0x0, 0x0, 0x79, 0xff, 0xff, 0xe6,
    0x3, 0xff, 0xfe, 0x0, 0x0, 0x0, 0x0,

    /* U+8FDE "连" */
    0x0, 0x4, 0x0, 0x6, 0x0, 0xe0, 0x1, 0xe0,
    0x18, 0x0, 0x1c, 0x3, 0x0, 0x1, 0xcf, 0xff,
    0xf8, 0x1d, 0xff, 0xff, 0x1, 0x3, 0x0, 0x0,
    0x0, 0xe6, 0x0, 0x0, 0x18, 0xc0, 0x0, 0x3,
    0x18, 0x1, 0xf0, 0xff, 0xfc, 0x3e, 0x1f, 0xff,
    0x80, 0xc3, 0xff, 0xf0, 0x18, 0x1, 0x80, 0x3,
    0x0, 0x30, 0x0, 0x60, 0x6, 0x0, 0xc, 0xff,
    0xff, 0xc1, 0x9f, 0xff, 0xf8, 0x30, 0x3, 0x0,
    0x6, 0x0, 0x60, 0x0, 0xc0, 0xc, 0x0, 0x38,
    0x1, 0x80, 0xf, 0x80, 0x30, 0x3, 0x9c, 0x0,
    0x0, 0x61, 0xe0, 0x0, 0x1c, 0x1f, 0xff, 0xfd,
    0x0, 0xff, 0xff, 0x0,

    /* U+901A "通" */
    0x0, 0x0, 0x0, 0xe, 0x1f, 0xff, 0xf0, 0xe3,
    0xff, 0xfe, 0xe, 0x0, 0x7, 0x80, 0xc0, 0xf3,
    0xe0, 0x1c, 0x1f, 0xf0, 0x1, 0x0, 0xf8, 0x0,
    0x3, 0xff, 0xfe, 0x0, 0x7f, 0xff, 0xcf, 0xcc,
    0x18, 0x39, 0xf9, 0x83, 0x7, 0x3, 0x3f, 0xff,
    0xe0, 0x67, 0xff, 0xfc, 0xc, 0xc1, 0x83, 0x81,
    0x98, 0x30, 0x70, 0x33, 0xff, 0xfe, 0x6, 0x7f,
    0xff, 0xc0, 0xcc, 0x18, 0x38, 0x19, 0x83, 0x7,
    0x3, 0x30, 0x60, 0xe0, 0x66, 0xc, 0x1c, 0x1c,
    0xc0, 0x1f, 0x7, 0xe0, 0x3, 0xe1, 0xff, 0x0,
    0x0, 0x70, 0xff, 0xff, 0xfc, 0x7, 0xff, 0xfd,
    0x0, 0x0, 0x0, 0x0,

    /* U+90E8 "部" */
    0x0, 0xc0, 0x0, 0x0, 0x18, 0x7, 0xf8, 0x3,
    0x0, 0xff, 0x3f, 0xff, 0x98, 0x47, 0xff, 0xf3,
    0x8, 0x10, 0x10, 0x63, 0x7, 0x7, 0xc, 0x40,
    0x30, 0xc1, 0x88, 0x7, 0x38, 0x33, 0x0, 0x6e,
    0x6, 0x43, 0xff, 0xfe, 0xd8, 0x7f, 0xff, 0xd9,
    0x80, 0x0, 0x3, 0x18, 0x0, 0x0, 0x61, 0x80,
    0x0, 0xc, 0x30, 0xff, 0xe1, 0x83, 0x1f, 0xfc,
    0x30, 0x63, 0x1, 0x86, 0xc, 0x60, 0x30, 0xc1,
    0x8c, 0x6, 0x18, 0x31, 0x80, 0xc3, 0x7c, 0x30,
    0x18, 0x6f, 0x87, 0xff, 0xc, 0x0, 0xff, 0xe1,
    0x80, 0x18, 0xc, 0x30, 0x3, 0x1, 0x86, 0x0,

    /* U+91CF "量" */
    0x7, 0xff, 0xfc, 0x0, 0xff, 0xff, 0x80, 0x18,
    0x0, 0x30, 0x3, 0xff, 0xfe, 0x0, 0x7f, 0xff,
    0xc0, 0xc, 0x0, 0x18, 0x1, 0xff, 0xff, 0x0,
    0x3f, 0xff, 0xe0, 0x0, 0x0, 0x0, 0xf, 0xff,
    0xff, 0xf8, 0x0, 0x0, 0x0, 0x7, 0xff, 0xff,
    0x0, 0xff, 0xff, 0xe0, 0x18, 0x1c, 0xc, 0x3,
    0x3, 0x81, 0x80, 0x7f, 0xff, 0xf0, 0xc, 0xe,
    0x6, 0x1, 0xff, 0xff, 0xc0, 0x3f, 0xff, 0xf8,
    0x0, 0x7, 0x0, 0x1, 0xff, 0xff, 0xf0, 0x3f,
    0xff, 0xfe, 0x0, 0x3, 0x80, 0x7, 0xff, 0xff,
    0xff, 0xff, 0xff, 0xff, 0xe0,

    /* U+9501 "锁" */
    0x4, 0x0, 0x30, 0x0, 0xc0, 0x86, 0x10, 0x18,
    0x78, 0xc7, 0x7, 0x3, 0x98, 0xc0, 0xff, 0x33,
    0x38, 0x1f, 0xe7, 0x6e, 0x7, 0x0, 0x6d, 0x80,
    0xc0, 0x9, 0x80, 0x38, 0x7, 0xff, 0x87, 0xfe,
    0xff, 0xf1, 0xff, 0xd8, 0x6, 0x73, 0x83, 0x18,
    0xc4, 0x70, 0x63, 0x18, 0xe, 0xc, 0x63, 0x1f,
    0xfd, 0x8c, 0x63, 0xff, 0xb1, 0x8c, 0x7, 0x6,
    0x31, 0x80, 0xe0, 0xc6, 0x30, 0x1c, 0x18, 0xc6,
    0x3, 0x83, 0x38, 0xc0, 0x70, 0x66, 0x18, 0xe,
    0x61, 0xdc, 0x1, 0xfc, 0x73, 0xc0, 0x3f, 0x1c,
    0x1c, 0x7, 0x8f, 0x1, 0xc0, 0x43, 0xc0, 0x1c,
    0x0, 0x20, 0x1, 0x0,

    /* U+95F4 "间" */
    0x0, 0x0, 0x0, 0xe0, 0x0, 0x1, 0xc3, 0xff,
    0xc3, 0x8f, 0xff, 0x7, 0x0, 0xc, 0xc, 0x0,
    0x3c, 0x0, 0x0, 0xf0, 0x0, 0x3, 0xc3, 0xff,
    0x8f, 0xf, 0xfe, 0x3c, 0x30, 0x18, 0xf0, 0xc0,
    0x63, 0xc3, 0x1, 0x8f, 0xf, 0xfe, 0x3c, 0x3f,
    0xf8, 0xf0, 0xc0, 0x63, 0xc3, 0x1, 0x8f, 0xc,
    0x6, 0x3c, 0x30, 0x18, 0xf0, 0xff, 0xe3, 0xc3,
    0xff, 0x8f, 0xc, 0x6, 0x3c, 0x30, 0x18, 0xf0,
    0x0, 0x3, 0xc0, 0x0, 0xf, 0x0, 0x1, 0xfc,
    0x0, 0x3, 0x80,

    /* U+9664 "除" */
    0x0, 0x3, 0x0, 0x0, 0x1, 0xc0, 0x3f, 0xc1,
    0xe0, 0x1f, 0xe0, 0xf8, 0xc, 0x30, 0xec, 0x6,
    0x38, 0xe3, 0x3, 0x18, 0x61, 0xc1, 0x8c, 0x70,
    0x70, 0xce, 0x70, 0x1e, 0x66, 0x70, 0x7, 0xb7,
    0xff, 0xff, 0xfb, 0xb7, 0xff, 0x2d, 0xc0, 0x38,
    0x6, 0x30, 0x1c, 0x3, 0x1c, 0xe, 0x1, 0x87,
    0xff, 0xfc, 0xc3, 0xff, 0xfe, 0x61, 0x81, 0xc0,
    0x3f, 0xc4, 0xee, 0x1b, 0x87, 0x73, 0x8c, 0x7,
    0x38, 0xe6, 0x7, 0x1c, 0x33, 0x7, 0xe, 0xd,
    0x8f, 0x7, 0x7, 0xc3, 0x3, 0x81, 0xe0, 0x1,
    0xc0, 0x30, 0xf, 0xc0, 0x18, 0x3, 0xc0, 0x0,

    /* U+97F3 "音" */
    0x0, 0xc, 0x0, 0x0, 0x3, 0x0, 0x0, 0x0,
    0xc0, 0x0, 0xff, 0xff, 0xfc, 0x3f, 0xff, 0xff,
    0x0, 0xc0, 0x8, 0x0, 0x38, 0x7, 0x0, 0x7,
    0x3, 0x80, 0x0, 0xe0, 0xe0, 0x0, 0x18, 0x70,
    0xf, 0xff, 0xff, 0xff, 0xff, 0xff, 0xff, 0x0,
    0x0, 0x0, 0x0, 0x0, 0x0, 0x0, 0x7f, 0xff,
    0x80, 0x1f, 0xff, 0xe0, 0x6, 0x0, 0x18, 0x1,
    0x80, 0x6, 0x0, 0x60, 0x1, 0x80, 0x1f, 0xff,
    0xe0, 0x7, 0xff, 0xf8, 0x1, 0x80, 0x6, 0x0,
    0x60, 0x1, 0x80, 0x1f, 0xff, 0xe0, 0x7, 0xff,
    0xf8, 0x1, 0x80, 0x6, 0x0, 0x60, 0x1, 0x80,

    /* U+9875 "页" */
    0xff, 0xff, 0xff, 0xff, 0xff, 0xff, 0xc0, 0x7,
    0x0, 0x0, 0x3, 0x0, 0x0, 0x3, 0x80, 0x0,
    0x3f, 0xff, 0xc0, 0x1f, 0xff, 0xe0, 0xc, 0x0,
    0x70, 0x6, 0xc, 0x38, 0x3, 0x6, 0x1c, 0x1,
    0x83, 0xe, 0x0, 0xc3, 0x87, 0x0, 0x61, 0xc3,
    0x80, 0x30, 0xe1, 0xc0, 0x18, 0x60, 0xe0, 0xc,
    0x70, 0x70, 0x6, 0x38, 0x38, 0x3, 0x39, 0x9c,
    0x0, 0x3d, 0xf0, 0x0, 0x3c, 0x3c, 0x0, 0x3c,
    0xf, 0x80, 0x7c, 0x1, 0xe3, 0xf8, 0x0, 0x79,
    0xf0, 0x0, 0x1c, 0x0, 0x0, 0x4, 0x0,

    /* U+9891 "频" */
    0x3, 0x0, 0x0, 0x0, 0x61, 0xff, 0xf8, 0xc,
    0x3f, 0xff, 0x19, 0x87, 0xff, 0xe3, 0x3f, 0x3,
    0x0, 0x67, 0xe0, 0xe0, 0xc, 0xc0, 0x18, 0x1,
    0x98, 0x1f, 0xfc, 0x33, 0x3, 0xff, 0x86, 0x60,
    0x60, 0x33, 0xff, 0xec, 0x6, 0x7f, 0xfd, 0x98,
    0xc0, 0x30, 0x33, 0x18, 0x36, 0x46, 0x63, 0xc,
    0xcc, 0xcc, 0x61, 0x99, 0x99, 0x8c, 0x73, 0x73,
    0x31, 0x8c, 0x6c, 0x66, 0x33, 0x8f, 0x8d, 0xc6,
    0x21, 0xe1, 0xb0, 0xc0, 0x1c, 0x3e, 0x98, 0x7,
    0x1, 0xd8, 0x1, 0xc0, 0x73, 0xc0, 0x70, 0x1c,
    0x3c, 0x3c, 0xf, 0x1, 0xdf, 0x7, 0xc0, 0x1f,
    0x80, 0xe0, 0x1, 0x0,

    /* U+9AD8 "高" */
    0x0, 0x18, 0x0, 0x0, 0x18, 0x0, 0xff, 0xff,
    0xff, 0xff, 0xff, 0xff, 0x0, 0x0, 0x0, 0xf,
    0xff, 0xe0, 0xf, 0xff, 0xe0, 0xe, 0x0, 0x60,
    0xe, 0x0, 0x60, 0xf, 0xff, 0xe0, 0xf, 0xff,
    0xe0, 0x0, 0x0, 0x0, 0x7f, 0xff, 0xfe, 0x7f,
    0xff, 0xfe, 0x60, 0x0, 0xe, 0x60, 0x0, 0xe,
    0x63, 0xff, 0xce, 0x63, 0xff, 0xce, 0x63, 0x1,
    0xce, 0x63, 0x1, 0xce, 0x63, 0xff, 0xce, 0x63,
    0xff, 0xce, 0x60, 0x0, 0xe, 0x60, 0x0, 0xe,
    0x60, 0x0, 0x7c, 0x60, 0x0, 0x7c,

    /* U+FF0C "，" */
    0x77, 0x73, 0x36, 0x60,

    /* U+FF1A "：" */
    0xff, 0x80, 0x0, 0x0, 0x1, 0xff
};


/*---------------------
 *  GLYPH DESCRIPTION
 *--------------------*/

static const lv_font_fmt_txt_glyph_dsc_t glyph_dsc[] = {
    {.bitmap_index = 0, .adv_w = 0, .box_w = 0, .box_h = 0, .ofs_x = 0, .ofs_y = 0} /* id = 0 reserved */,
    {.bitmap_index = 0, .adv_w = 133, .box_w = 1, .box_h = 1, .ofs_x = 0, .ofs_y = 0},
    {.bitmap_index = 1, .adv_w = 160, .box_w = 8, .box_h = 2, .ofs_x = 1, .ofs_y = 6},
    {.bitmap_index = 3, .adv_w = 133, .box_w = 3, .box_h = 3, .ofs_x = 3, .ofs_y = 0},
    {.bitmap_index = 5, .adv_w = 133, .box_w = 8, .box_h = 23, .ofs_x = 0, .ofs_y = -1},
    {.bitmap_index = 28, .adv_w = 267, .box_w = 14, .box_h = 22, .ofs_x = 1, .ofs_y = 0},
    {.bitmap_index = 67, .adv_w = 267, .box_w = 9, .box_h = 22, .ofs_x = 3, .ofs_y = 0},
    {.bitmap_index = 92, .adv_w = 267, .box_w = 14, .box_h = 22, .ofs_x = 1, .ofs_y = 0},
    {.bitmap_index = 131, .adv_w = 267, .box_w = 14, .box_h = 22, .ofs_x = 2, .ofs_y = 0},
    {.bitmap_index = 170, .adv_w = 267, .box_w = 15, .box_h = 22, .ofs_x = 1, .ofs_y = 0},
    {.bitmap_index = 212, .adv_w = 267, .box_w = 14, .box_h = 22, .ofs_x = 2, .ofs_y = 0},
    {.bitmap_index = 251, .adv_w = 267, .box_w = 14, .box_h = 22, .ofs_x = 1, .ofs_y = 0},
    {.bitmap_index = 290, .adv_w = 267, .box_w = 14, .box_h = 22, .ofs_x = 1, .ofs_y = 0},
    {.bitmap_index = 329, .adv_w = 267, .box_w = 14, .box_h = 22, .ofs_x = 1, .ofs_y = 0},
    {.bitmap_index = 368, .adv_w = 267, .box_w = 14, .box_h = 22, .ofs_x = 1, .ofs_y = 0},
    {.bitmap_index = 407, .adv_w = 133, .box_w = 3, .box_h = 16, .ofs_x = 3, .ofs_y = 0},
    {.bitmap_index = 413, .adv_w = 320, .box_w = 20, .box_h = 22, .ofs_x = 0, .ofs_y = 0},
    {.bitmap_index = 468, .adv_w = 320, .box_w = 16, .box_h = 22, .ofs_x = 2, .ofs_y = 0},
    {.bitmap_index = 512, .adv_w = 347, .box_w = 19, .box_h = 22, .ofs_x = 2, .ofs_y = 0},
    {.bitmap_index = 565, .adv_w = 347, .box_w = 18, .box_h = 22, .ofs_x = 2, .ofs_y = 0},
    {.bitmap_index = 615, .adv_w = 320, .box_w = 16, .box_h = 22, .ofs_x = 2, .ofs_y = 0},
    {.bitmap_index = 659, .adv_w = 293, .box_w = 15, .box_h = 22, .ofs_x = 2, .ofs_y = 0},
    {.bitmap_index = 701, .adv_w = 373, .box_w = 20, .box_h = 22, .ofs_x = 2, .ofs_y = 0},
    {.bitmap_index = 756, .adv_w = 347, .box_w = 17, .box_h = 22, .ofs_x = 2, .ofs_y = 0},
    {.bitmap_index = 803, .adv_w = 133, .box_w = 3, .box_h = 22, .ofs_x = 3, .ofs_y = 0},
    {.bitmap_index = 812, .adv_w = 240, .box_w = 12, .box_h = 22, .ofs_x = 1, .ofs_y = 0},
    {.bitmap_index = 845, .adv_w = 320, .box_w = 18, .box_h = 22, .ofs_x = 2, .ofs_y = 0},
    {.bitmap_index = 895, .adv_w = 267, .box_w = 14, .box_h = 22, .ofs_x = 2, .ofs_y = 0},
    {.bitmap_index = 934, .adv_w = 400, .box_w = 21, .box_h = 22, .ofs_x = 2, .ofs_y = 0},
    {.bitmap_index = 992, .adv_w = 347, .box_w = 17, .box_h = 22, .ofs_x = 2, .ofs_y = 0},
    {.bitmap_index = 1039, .adv_w = 373, .box_w = 21, .box_h = 22, .ofs_x = 1, .ofs_y = 0},
    {.bitmap_index = 1097, .adv_w = 320, .box_w = 16, .box_h = 22, .ofs_x = 2, .ofs_y = 0},
    {.bitmap_index = 1141, .adv_w = 373, .box_w = 21, .box_h = 23, .ofs_x = 1, .ofs_y = -1},
    {.bitmap_index = 1202, .adv_w = 347, .box_w = 19, .box_h = 22, .ofs_x = 2, .ofs_y = 0},
    {.bitmap_index = 1255, .adv_w = 320, .box_w = 17, .box_h = 22, .ofs_x = 1, .ofs_y = 0},
    {.bitmap_index = 1302, .adv_w = 293, .box_w = 17, .box_h = 22, .ofs_x = 1, .ofs_y = 0},
    {.bitmap_index = 1349, .adv_w = 347, .box_w = 17, .box_h = 22, .ofs_x = 2, .ofs_y = 0},
    {.bitmap_index = 1396, .adv_w = 320, .box_w = 20, .box_h = 22, .ofs_x = 0, .ofs_y = 0},
    {.bitmap_index = 1451, .adv_w = 453, .box_w = 28, .box_h = 22, .ofs_x = 0, .ofs_y = 0},
    {.bitmap_index = 1528, .adv_w = 320, .box_w = 20, .box_h = 22, .ofs_x = 0, .ofs_y = 0},
    {.bitmap_index = 1583, .adv_w = 320, .box_w = 20, .box_h = 22, .ofs_x = 0, .ofs_y = 0},
    {.bitmap_index = 1638, .adv_w = 293, .box_w = 17, .box_h = 22, .ofs_x = 1, .ofs_y = 0},
    {.bitmap_index = 1685, .adv_w = 267, .box_w = 15, .box_h = 16, .ofs_x = 1, .ofs_y = 0},
    {.bitmap_index = 1715, .adv_w = 267, .box_w = 14, .box_h = 22, .ofs_x = 2, .ofs_y = 0},
    {.bitmap_index = 1754, .adv_w = 240, .box_w = 14, .box_h = 16, .ofs_x = 1, .ofs_y = 0},
    {.bitmap_index = 1782, .adv_w = 267, .box_w = 14, .box_h = 22, .ofs_x = 1, .ofs_y = 0},
    {.bitmap_index = 1821, .adv_w = 267, .box_w = 14, .box_h = 16, .ofs_x = 1, .ofs_y = 0},
    {.bitmap_index = 1849, .adv_w = 133, .box_w = 9, .box_h = 22, .ofs_x = 1, .ofs_y = 0},
    {.bitmap_index = 1874, .adv_w = 267, .box_w = 14, .box_h = 22, .ofs_x = 1, .ofs_y = -6},
    {.bitmap_index = 1913, .adv_w = 267, .box_w = 13, .box_h = 22, .ofs_x = 2, .ofs_y = 0},
    {.bitmap_index = 1949, .adv_w = 107, .box_w = 3, .box_h = 22, .ofs_x = 2, .ofs_y = 0},
    {.bitmap_index = 1958, .adv_w = 107, .box_w = 6, .box_h = 28, .ofs_x = -1, .ofs_y = -6},
    {.bitmap_index = 1979, .adv_w = 240, .box_w = 13, .box_h = 22, .ofs_x = 2, .ofs_y = 0},
    {.bitmap_index = 2015, .adv_w = 107, .box_w = 3, .box_h = 22, .ofs_x = 2, .ofs_y = 0},
    {.bitmap_index = 2024, .adv_w = 400, .box_w = 21, .box_h = 16, .ofs_x = 2, .ofs_y = 0},
    {.bitmap_index = 2066, .adv_w = 267, .box_w = 13, .box_h = 16, .ofs_x = 2, .ofs_y = 0},
    {.bitmap_index = 2092, .adv_w = 267, .box_w = 15, .box_h = 16, .ofs_x = 1, .ofs_y = 0},
    {.bitmap_index = 2122, .adv_w = 267, .box_w = 14, .box_h = 22, .ofs_x = 2, .ofs_y = -6},
    {.bitmap_index = 2161, .adv_w = 267, .box_w = 14, .box_h = 22, .ofs_x = 1, .ofs_y = -6},
    {.bitmap_index = 2200, .adv_w = 160, .box_w = 9, .box_h = 16, .ofs_x = 2, .ofs_y = 0},
    {.bitmap_index = 2218, .adv_w = 240, .box_w = 13, .box_h = 16, .ofs_x = 1, .ofs_y = 0},
    {.bitmap_index = 2244, .adv_w = 133, .box_w = 7, .box_h = 22, .ofs_x = 1, .ofs_y = 0},
    {.bitmap_index = 2264, .adv_w = 267, .box_w = 13, .box_h = 16, .ofs_x = 2, .ofs_y = 0},
    {.bitmap_index = 2290, .adv_w = 240, .box_w = 15, .box_h = 16, .ofs_x = 0, .ofs_y = 0},
    {.bitmap_index = 2320, .adv_w = 347, .box_w = 22, .box_h = 16, .ofs_x = 0, .ofs_y = 0},
    {.bitmap_index = 2364, .adv_w = 240, .box_w = 15, .box_h = 16, .ofs_x = 0, .ofs_y = 0},
    {.bitmap_index = 2394, .adv_w = 240, .box_w = 15, .box_h = 22, .ofs_x = 0, .ofs_y = -6},
    {.bitmap_index = 2436, .adv_w = 240, .box_w = 14, .box_h = 16, .ofs_x = 1, .ofs_y = 0},
    {.bitmap_index = 2464, .adv_w = 480, .box_w = 22, .box_h = 26, .ofs_x = 4, .ofs_y = -2},
    {.bitmap_index = 2536, .adv_w = 480, .box_w = 25, .box_h = 26, .ofs_x = 3, .ofs_y = 0},
    {.bitmap_index = 2618, .adv_w = 480, .box_w = 26, .box_h = 28, .ofs_x = 0, .ofs_y = -2},
    {.bitmap_index = 2709, .adv_w = 480, .box_w = 27, .box_h = 27, .ofs_x = 1, .ofs_y = -2},
    {.bitmap_index = 2801, .adv_w = 480, .box_w = 27, .box_h = 27, .ofs_x = 1, .ofs_y = -2},
    {.bitmap_index = 2893, .adv_w = 480, .box_w = 27, .box_h = 27, .ofs_x = 2, .ofs_y = -2},
    {.bitmap_index = 2985, .adv_w = 480, .box_w = 28, .box_h = 26, .ofs_x = 1, .ofs_y = -2},
    {.bitmap_index = 3076, .adv_w = 480, .box_w = 28, .box_h = 26, .ofs_x = 1, .ofs_y = -2},
    {.bitmap_index = 3167, .adv_w = 480, .box_w = 26, .box_h = 27, .ofs_x = 2, .ofs_y = -2},
    {.bitmap_index = 3255, .adv_w = 480, .box_w = 27, .box_h = 27, .ofs_x = 1, .ofs_y = -2},
    {.bitmap_index = 3347, .adv_w = 480, .box_w = 27, .box_h = 27, .ofs_x = 1, .ofs_y = -2},
    {.bitmap_index = 3439, .adv_w = 480, .box_w = 27, .box_h = 26, .ofs_x = 2, .ofs_y = -2},
    {.bitmap_index = 3527, .adv_w = 480, .box_w = 26, .box_h = 26, .ofs_x = 2, .ofs_y = -1},
    {.bitmap_index = 3612, .adv_w = 480, .box_w = 27, .box_h = 25, .ofs_x = 1, .ofs_y = -1},
    {.bitmap_index = 3697, .adv_w = 480, .box_w = 27, .box_h = 27, .ofs_x = 0, .ofs_y = -2},
    {.bitmap_index = 3789, .adv_w = 480, .box_w = 22, .box_h = 27, .ofs_x = 4, .ofs_y = -2},
    {.bitmap_index = 3864, .adv_w = 480, .box_w = 27, .box_h = 27, .ofs_x = 2, .ofs_y = -2},
    {.bitmap_index = 3956, .adv_w = 480, .box_w = 22, .box_h = 27, .ofs_x = 4, .ofs_y = -2},
    {.bitmap_index = 4031, .adv_w = 480, .box_w = 26, .box_h = 26, .ofs_x = 2, .ofs_y = -2},
    {.bitmap_index = 4116, .adv_w = 480, .box_w = 25, .box_h = 26, .ofs_x = 1, .ofs_y = -2},
    {.bitmap_index = 4198, .adv_w = 480, .box_w = 25, .box_h = 27, .ofs_x = 2, .ofs_y = -2},
    {.bitmap_index = 4283, .adv_w = 480, .box_w = 25, .box_h = 28, .ofs_x = 2, .ofs_y = -2},
    {.bitmap_index = 4371, .adv_w = 480, .box_w = 25, .box_h = 27, .ofs_x = 2, .ofs_y = -2},
    {.bitmap_index = 4456, .adv_w = 480, .box_w = 26, .box_h = 27, .ofs_x = 1, .ofs_y = -2},
    {.bitmap_index = 4544, .adv_w = 480, .box_w = 25, .box_h = 27, .ofs_x = 3, .ofs_y = -2},
    {.bitmap_index = 4629, .adv_w = 480, .box_w = 22, .box_h = 27, .ofs_x = 5, .ofs_y = -2},
    {.bitmap_index = 4704, .adv_w = 480, .box_w = 26, .box_h = 25, .ofs_x = 2, .ofs_y = -1},
    {.bitmap_index = 4786, .adv_w = 480, .box_w = 27, .box_h = 26, .ofs_x = 2, .ofs_y = -2},
    {.bitmap_index = 4874, .adv_w = 480, .box_w = 23, .box_h = 27, .ofs_x = 2, .ofs_y = -2},
    {.bitmap_index = 4952, .adv_w = 480, .box_w = 26, .box_h = 27, .ofs_x = 1, .ofs_y = -2},
    {.bitmap_index = 5040, .adv_w = 480, .box_w = 26, .box_h = 25, .ofs_x = 2, .ofs_y = -2},
    {.bitmap_index = 5122, .adv_w = 480, .box_w = 23, .box_h = 26, .ofs_x = 4, .ofs_y = -2},
    {.bitmap_index = 5197, .adv_w = 480, .box_w = 27, .box_h = 27, .ofs_x = 1, .ofs_y = -2},
    {.bitmap_index = 5289, .adv_w = 480, .box_w = 22, .box_h = 23, .ofs_x = 4, .ofs_y = 0},
    {.bitmap_index = 5353, .adv_w = 480, .box_w = 27, .box_h = 27, .ofs_x = 1, .ofs_y = -2},
    {.bitmap_index = 5445, .adv_w = 480, .box_w = 26, .box_h = 27, .ofs_x = 2, .ofs_y = -2},
    {.bitmap_index = 5533, .adv_w = 480, .box_w = 26, .box_h = 27, .ofs_x = 1, .ofs_y = -2},
    {.bitmap_index = 5621, .adv_w = 480, .box_w = 27, .box_h = 27, .ofs_x = 2, .ofs_y = -2},
    {.bitmap_index = 5713, .adv_w = 480, .box_w = 25, .box_h = 27, .ofs_x = 3, .ofs_y = -2},
    {.bitmap_index = 5798, .adv_w = 480, .box_w = 27, .box_h = 27, .ofs_x = 1, .ofs_y = -2},
    {.bitmap_index = 5890, .adv_w = 480, .box_w = 26, .box_h = 28, .ofs_x = 2, .ofs_y = -3},
    {.bitmap_index = 5981, .adv_w = 480, .box_w = 28, .box_h = 27, .ofs_x = 1, .ofs_y = -2},
    {.bitmap_index = 6076, .adv_w = 480, .box_w = 27, .box_h = 27, .ofs_x = 1, .ofs_y = -2},
    {.bitmap_index = 6168, .adv_w = 480, .box_w = 25, .box_h = 27, .ofs_x = 2, .ofs_y = -2},
    {.bitmap_index = 6253, .adv_w = 480, .box_w = 26, .box_h = 25, .ofs_x = 2, .ofs_y = -2},
    {.bitmap_index = 6335, .adv_w = 480, .box_w = 24, .box_h = 23, .ofs_x = 3, .ofs_y = 0},
    {.bitmap_index = 6404, .adv_w = 480, .box_w = 25, .box_h = 27, .ofs_x = 2, .ofs_y = -2},
    {.bitmap_index = 6489, .adv_w = 480, .box_w = 27, .box_h = 27, .ofs_x = 1, .ofs_y = -2},
    {.bitmap_index = 6581, .adv_w = 480, .box_w = 26, .box_h = 25, .ofs_x = 1, .ofs_y = -2},
    {.bitmap_index = 6663, .adv_w = 480, .box_w = 26, .box_h = 27, .ofs_x = 2, .ofs_y = -2},
    {.bitmap_index = 6751, .adv_w = 480, .box_w = 23, .box_h = 27, .ofs_x = 4, .ofs_y = -2},
    {.bitmap_index = 6829, .adv_w = 480, .box_w = 26, .box_h = 26, .ofs_x = 2, .ofs_y = -2},
    {.bitmap_index = 6914, .adv_w = 480, .box_w = 27, .box_h = 27, .ofs_x = 1, .ofs_y = -2},
    {.bitmap_index = 7006, .adv_w = 480, .box_w = 27, .box_h = 25, .ofs_x = 1, .ofs_y = -1},
    {.bitmap_index = 7091, .adv_w = 480, .box_w = 28, .box_h = 27, .ofs_x = 1, .ofs_y = -2},
    {.bitmap_index = 7186, .adv_w = 480, .box_w = 27, .box_h = 26, .ofs_x = 1, .ofs_y = -1},
    {.bitmap_index = 7274, .adv_w = 480, .box_w = 26, .box_h = 27, .ofs_x = 2, .ofs_y = -2},
    {.bitmap_index = 7362, .adv_w = 480, .box_w = 27, .box_h = 27, .ofs_x = 2, .ofs_y = -2},
    {.bitmap_index = 7454, .adv_w = 480, .box_w = 27, .box_h = 27, .ofs_x = 1, .ofs_y = -2},
    {.bitmap_index = 7546, .adv_w = 480, .box_w = 27, .box_h = 27, .ofs_x = 2, .ofs_y = -2},
    {.bitmap_index = 7638, .adv_w = 480, .box_w = 27, .box_h = 27, .ofs_x = 1, .ofs_y = -2},
    {.bitmap_index = 7730, .adv_w = 480, .box_w = 28, .box_h = 27, .ofs_x = 1, .ofs_y = -2},
    {.bitmap_index = 7825, .adv_w = 480, .box_w = 27, .box_h = 27, .ofs_x = 2, .ofs_y = -2},
    {.bitmap_index = 7917, .adv_w = 480, .box_w = 27, .box_h = 27, .ofs_x = 2, .ofs_y = -2},
    {.bitmap_index = 8009, .adv_w = 480, .box_w = 26, .box_h = 27, .ofs_x = 2, .ofs_y = -2},
    {.bitmap_index = 8097, .adv_w = 480, .box_w = 16, .box_h = 23, .ofs_x = 7, .ofs_y = -1},
    {.bitmap_index = 8143, .adv_w = 480, .box_w = 25, .box_h = 26, .ofs_x = 3, .ofs_y = -2},
    {.bitmap_index = 8225, .adv_w = 480, .box_w = 27, .box_h = 25, .ofs_x = 2, .ofs_y = -1},
    {.bitmap_index = 8310, .adv_w = 480, .box_w = 26, .box_h = 23, .ofs_x = 2, .ofs_y = 0},
    {.bitmap_index = 8385, .adv_w = 480, .box_w = 26, .box_h = 25, .ofs_x = 3, .ofs_y = -2},
    {.bitmap_index = 8467, .adv_w = 480, .box_w = 20, .box_h = 26, .ofs_x = 3, .ofs_y = -3},
    {.bitmap_index = 8532, .adv_w = 480, .box_w = 27, .box_h = 27, .ofs_x = 1, .ofs_y = -2},
    {.bitmap_index = 8624, .adv_w = 480, .box_w = 28, .box_h = 27, .ofs_x = 1, .ofs_y = -2},
    {.bitmap_index = 8719, .adv_w = 480, .box_w = 28, .box_h = 26, .ofs_x = 1, .ofs_y = -2},
    {.bitmap_index = 8810, .adv_w = 480, .box_w = 28, .box_h = 26, .ofs_x = 1, .ofs_y = -2},
    {.bitmap_index = 8901, .adv_w = 480, .box_w = 28, .box_h = 27, .ofs_x = 1, .ofs_y = -2},
    {.bitmap_index = 8996, .adv_w = 480, .box_w = 25, .box_h = 23, .ofs_x = 3, .ofs_y = 0},
    {.bitmap_index = 9068, .adv_w = 480, .box_w = 27, .box_h = 26, .ofs_x = 1, .ofs_y = -2},
    {.bitmap_index = 9156, .adv_w = 480, .box_w = 25, .box_h = 27, .ofs_x = 2, .ofs_y = -2},
    {.bitmap_index = 9241, .adv_w = 480, .box_w = 26, .box_h = 25, .ofs_x = 1, .ofs_y = -2},
    {.bitmap_index = 9323, .adv_w = 480, .box_w = 25, .box_h = 25, .ofs_x = 2, .ofs_y = -1},
    {.bitmap_index = 9402, .adv_w = 480, .box_w = 27, .box_h = 28, .ofs_x = 2, .ofs_y = -3},
    {.bitmap_index = 9497, .adv_w = 480, .box_w = 28, .box_h = 27, .ofs_x = 1, .ofs_y = -2},
    {.bitmap_index = 9592, .adv_w = 480, .box_w = 26, .box_h = 27, .ofs_x = 2, .ofs_y = -2},
    {.bitmap_index = 9680, .adv_w = 480, .box_w = 28, .box_h = 25, .ofs_x = 1, .ofs_y = -2},
    {.bitmap_index = 9768, .adv_w = 480, .box_w = 26, .box_h = 25, .ofs_x = 2, .ofs_y = 0},
    {.bitmap_index = 9850, .adv_w = 480, .box_w = 24, .box_h = 26, .ofs_x = 2, .ofs_y = -2},
    {.bitmap_index = 9928, .adv_w = 480, .box_w = 24, .box_h = 26, .ofs_x = 5, .ofs_y = -1},
    {.bitmap_index = 10006, .adv_w = 480, .box_w = 27, .box_h = 25, .ofs_x = 1, .ofs_y = -1},
    {.bitmap_index = 10091, .adv_w = 480, .box_w = 26, .box_h = 25, .ofs_x = 1, .ofs_y = -2},
    {.bitmap_index = 10173, .adv_w = 480, .box_w = 25, .box_h = 28, .ofs_x = 2, .ofs_y = -2},
    {.bitmap_index = 10261, .adv_w = 480, .box_w = 27, .box_h = 27, .ofs_x = 1, .ofs_y = -1},
    {.bitmap_index = 10353, .adv_w = 480, .box_w = 25, .box_h = 25, .ofs_x = 3, .ofs_y = -2},
    {.bitmap_index = 10432, .adv_w = 480, .box_w = 27, .box_h = 26, .ofs_x = 2, .ofs_y = -2},
    {.bitmap_index = 10520, .adv_w = 480, .box_w = 27, .box_h = 26, .ofs_x = 2, .ofs_y = -2},
    {.bitmap_index = 10608, .adv_w = 480, .box_w = 27, .box_h = 27, .ofs_x = 1, .ofs_y = -2},
    {.bitmap_index = 10700, .adv_w = 480, .box_w = 26, .box_h = 27, .ofs_x = 2, .ofs_y = -2},
    {.bitmap_index = 10788, .adv_w = 480, .box_w = 26, .box_h = 26, .ofs_x = 2, .ofs_y = -2},
    {.bitmap_index = 10873, .adv_w = 480, .box_w = 26, .box_h = 27, .ofs_x = 2, .ofs_y = -2},
    {.bitmap_index = 10961, .adv_w = 480, .box_w = 26, .box_h = 27, .ofs_x = 2, .ofs_y = -2},
    {.bitmap_index = 11049, .adv_w = 480, .box_w = 25, .box_h = 26, .ofs_x = 3, .ofs_y = -2},
    {.bitmap_index = 11131, .adv_w = 480, .box_w = 18, .box_h = 28, .ofs_x = 6, .ofs_y = -2},
    {.bitmap_index = 11194, .adv_w = 480, .box_w = 27, .box_h = 27, .ofs_x = 1, .ofs_y = -2},
    {.bitmap_index = 11286, .adv_w = 480, .box_w = 25, .box_h = 26, .ofs_x = 2, .ofs_y = -2},
    {.bitmap_index = 11368, .adv_w = 480, .box_w = 25, .box_h = 26, .ofs_x = 3, .ofs_y = -1},
    {.bitmap_index = 11450, .adv_w = 480, .box_w = 27, .box_h = 26, .ofs_x = 2, .ofs_y = -2},
    {.bitmap_index = 11538, .adv_w = 480, .box_w = 26, .box_h = 26, .ofs_x = 2, .ofs_y = -2},
    {.bitmap_index = 11623, .adv_w = 480, .box_w = 27, .box_h = 25, .ofs_x = 1, .ofs_y = -2},
    {.bitmap_index = 11708, .adv_w = 480, .box_w = 26, .box_h = 27, .ofs_x = 2, .ofs_y = -2},
    {.bitmap_index = 11796, .adv_w = 480, .box_w = 25, .box_h = 27, .ofs_x = 2, .ofs_y = -3},
    {.bitmap_index = 11881, .adv_w = 480, .box_w = 27, .box_h = 27, .ofs_x = 1, .ofs_y = -2},
    {.bitmap_index = 11973, .adv_w = 480, .box_w = 27, .box_h = 27, .ofs_x = 1, .ofs_y = -2},
    {.bitmap_index = 12065, .adv_w = 480, .box_w = 28, .box_h = 27, .ofs_x = 1, .ofs_y = -2},
    {.bitmap_index = 12160, .adv_w = 480, .box_w = 27, .box_h = 27, .ofs_x = 1, .ofs_y = -2},
    {.bitmap_index = 12252, .adv_w = 480, .box_w = 27, .box_h = 27, .ofs_x = 1, .ofs_y = -2},
    {.bitmap_index = 12344, .adv_w = 480, .box_w = 27, .box_h = 26, .ofs_x = 2, .ofs_y = -2},
    {.bitmap_index = 12432, .adv_w = 480, .box_w = 27, .box_h = 25, .ofs_x = 1, .ofs_y = -1},
    {.bitmap_index = 12517, .adv_w = 480, .box_w = 27, .box_h = 27, .ofs_x = 1, .ofs_y = -2},
    {.bitmap_index = 12609, .adv_w = 480, .box_w = 22, .box_h = 27, .ofs_x = 3, .ofs_y = -2},
    {.bitmap_index = 12684, .adv_w = 480, .box_w = 25, .box_h = 28, .ofs_x = 3, .ofs_y = -2},
    {.bitmap_index = 12772, .adv_w = 480, .box_w = 26, .box_h = 27, .ofs_x = 2, .ofs_y = -2},
    {.bitmap_index = 12860, .adv_w = 480, .box_w = 25, .box_h = 25, .ofs_x = 2, .ofs_y = -2},
    {.bitmap_index = 12939, .adv_w = 480, .box_w = 27, .box_h = 27, .ofs_x = 2, .ofs_y = -2},
    {.bitmap_index = 13031, .adv_w = 480, .box_w = 24, .box_h = 26, .ofs_x = 3, .ofs_y = -2},
    {.bitmap_index = 13109, .adv_w = 480, .box_w = 4, .box_h = 7, .ofs_x = 13, .ofs_y = -4},
    {.bitmap_index = 13113, .adv_w = 480, .box_w = 3, .box_h = 16, .ofs_x = 13, .ofs_y = 0}
};

/*---------------------
 *  CHARACTER MAPPING
 *--------------------*/

static const uint16_t unicode_list_4[] = {
    0x0, 0xe, 0x7a, 0xbd, 0xc9, 0x121, 0x126, 0x1b4,
    0x22f, 0x27b, 0x2a2, 0x318, 0x31c, 0x33b, 0x346, 0x358,
    0x399, 0x3cd, 0x3d9, 0x3f3, 0x409, 0x420, 0x47b, 0x4e9,
    0x534, 0x543, 0x555, 0x5a9, 0x5e0, 0x5e1, 0x5f9, 0x694,
    0x719, 0x8b1, 0x8fb, 0xac3, 0xada, 0xae0, 0xafa, 0xd2b,
    0xd5f, 0xd6d, 0xd8c, 0xd99, 0xe22, 0xfc5, 0x1047, 0x1079,
    0x10d3, 0x10e2, 0x1126, 0x1128, 0x117d, 0x11aa, 0x1235, 0x1242,
    0x13e3, 0x1413, 0x1453, 0x1578, 0x157a, 0x1617, 0x1671, 0x1722,
    0x175a, 0x17b8, 0x17c9, 0x1802, 0x1811, 0x18b0, 0x18db, 0x18dc,
    0x18ff, 0x19f4, 0x1a0f, 0x1bf4, 0x1d36, 0x1e07, 0x1f5b, 0x2063,
    0x2248, 0x2357, 0x241b, 0x255a, 0x2582, 0x26f2, 0x26fb, 0x2708,
    0x28a4, 0x29d4, 0x2a41, 0x2a83, 0x2b0d, 0x2ba4, 0x2ba5, 0x2bc3,
    0x2be0, 0x2d53, 0x2ece, 0x30b2, 0x3141, 0x33bd, 0x3bb6, 0x3bd3,
    0x3d83, 0x3d91, 0x3da8, 0x3dc0, 0x3dca, 0x3dd6, 0x4139, 0x417b,
    0x41a7, 0x41b1, 0x41ed, 0x42bb, 0x43a2, 0x46d4, 0x47c7, 0x4837,
    0x49c6, 0x4a48, 0x4a64, 0x4cab, 0xb0df, 0xb0ed
};

/*Collect the unicode lists and glyph_id offsets*/
static const lv_font_fmt_txt_cmap_t cmaps[] =
{
    {
        .range_start = 32, .range_length = 1, .glyph_id_start = 1,
        .unicode_list = NULL, .glyph_id_ofs_list = NULL, .list_length = 0, .type = LV_FONT_FMT_TXT_CMAP_FORMAT0_TINY
    },
    {
        .range_start = 45, .range_length = 14, .glyph_id_start = 2,
        .unicode_list = NULL, .glyph_id_ofs_list = NULL, .list_length = 0, .type = LV_FONT_FMT_TXT_CMAP_FORMAT0_TINY
    },
    {
        .range_start = 65, .range_length = 26, .glyph_id_start = 16,
        .unicode_list = NULL, .glyph_id_ofs_list = NULL, .list_length = 0, .type = LV_FONT_FMT_TXT_CMAP_FORMAT0_TINY
    },
    {
        .range_start = 97, .range_length = 26, .glyph_id_start = 42,
        .unicode_list = NULL, .glyph_id_ofs_list = NULL, .list_length = 0, .type = LV_FONT_FMT_TXT_CMAP_FORMAT0_TINY
    },
    {
        .range_start = 20013, .range_length = 45294, .glyph_id_start = 68,
        .unicode_list = unicode_list_4, .glyph_id_ofs_list = NULL, .list_length = 126, .type = LV_FONT_FMT_TXT_CMAP_SPARSE_TINY
    }
};



/*--------------------
 *  ALL CUSTOM DATA
 *--------------------*/

#if LV_VERSION_CHECK(8, 0, 0)
/*Store all the custom data of the font*/
static  lv_font_fmt_txt_glyph_cache_t cache;
static const lv_font_fmt_txt_dsc_t font_dsc = {
#else
static lv_font_fmt_txt_dsc_t font_dsc = {
#endif
    .glyph_bitmap = glyph_bitmap,
    .glyph_dsc = glyph_dsc,
    .cmaps = cmaps,
    .kern_dsc = NULL,
    .kern_scale = 0,
    .cmap_num = 5,
    .bpp = 1,
    .kern_classes = 0,
    .bitmap_format = 0,
#if LV_VERSION_CHECK(8, 0, 0)
    .cache = &cache
#endif
};


/*-----------------
 *  PUBLIC FONT
 *----------------*/

/*Initialize a public general font descriptor*/
#if LV_VERSION_CHECK(8, 0, 0)
const lv_font_t chinese_font_30 = {
#else
lv_font_t chinese_font_30 = {
#endif
    .get_glyph_dsc = lv_font_get_glyph_dsc_fmt_txt,    /*Function pointer to get glyph's data*/
    .get_glyph_bitmap = lv_font_get_bitmap_fmt_txt,    /*Function pointer to get glyph's bitmap*/
    .line_height = 32,          /*The maximum line height required by the font*/
    .base_line = 6,             /*Baseline measured from the bottom of the line*/
#if !(LVGL_VERSION_MAJOR == 6 && LVGL_VERSION_MINOR == 0)
    .subpx = LV_FONT_SUBPX_NONE,
#endif
#if LV_VERSION_CHECK(7, 4, 0) || LVGL_VERSION_MAJOR >= 8
    .underline_position = -3,
    .underline_thickness = 1,
#endif
    .dsc = &font_dsc           /*The custom font data. Will be accessed by `get_glyph_bitmap/dsc` */
};



#endif /*#if CHINESE_FONT_30*/

