unsigned char __1280x720_mjpeg_colorbar_jpg[] = {
  0xff, 0xd8, 0xff, 0xfe, 0x00, 0x10, 0x4c, 0x61, 0x76, 0x63, 0x35, 0x38,
  0x2e, 0x39, 0x31, 0x2e, 0x31, 0x30, 0x30, 0x00, 0xff, 0xdb, 0x00, 0x43,
  0x00, 0x08, 0x04, 0x04, 0x04, 0x04, 0x04, 0x05, 0x05, 0x05, 0x05, 0x05,
  0x05, 0x06, 0x06, 0x06, 0x06, 0x06, 0x06, 0x06, 0x06, 0x06, 0x06, 0x06,
  0x06, 0x06, 0x07, 0x07, 0x07, 0x08, 0x08, 0x08, 0x07, 0x07, 0x07, 0x06,
  0x06, 0x07, 0x07, 0x08, 0x08, 0x08, 0x08, 0x09, 0x09, 0x09, 0x08, 0x08,
  0x08, 0x08, 0x09, 0x09, 0x0a, 0x0a, 0x0a, 0x0c, 0x0c, 0x0b, 0x0b, 0x0e,
  0x0e, 0x0e, 0x11, 0x11, 0x14, 0xff, 0xc4, 0x00, 0x63, 0x00, 0x01, 0x01,
  0x01, 0x01, 0x01, 0x00, 0x00, 0x00, 0x00, 0x00, 0x00, 0x00, 0x00, 0x00,
  0x00, 0x00, 0x00, 0x01, 0x07, 0x06, 0x08, 0x01, 0x01, 0x00, 0x03, 0x01,
  0x01, 0x00, 0x00, 0x00, 0x00, 0x00, 0x00, 0x00, 0x00, 0x00, 0x00, 0x00,
  0x00, 0x06, 0x08, 0x01, 0x07, 0x02, 0x10, 0x01, 0x00, 0x02, 0x03, 0x01,
  0x01, 0x00, 0x00, 0x00, 0x00, 0x00, 0x00, 0x00, 0x00, 0x00, 0x00, 0x00,
  0x02, 0x01, 0x71, 0x32, 0x31, 0xb1, 0x72, 0x11, 0x01, 0x00, 0x02, 0x02,
  0x03, 0x01, 0x01, 0x00, 0x00, 0x00, 0x00, 0x00, 0x00, 0x00, 0x00, 0x00,
  0x00, 0x01, 0x02, 0x31, 0xb1, 0x03, 0x72, 0x32, 0x33, 0x71, 0xff, 0xc0,
  0x00, 0x11, 0x08, 0x02, 0xd0, 0x05, 0x00, 0x03, 0x01, 0x12, 0x00, 0x02,
  0x12, 0x00, 0x03, 0x12, 0x00, 0xff, 0xda, 0x00, 0x0c, 0x03, 0x01, 0x00,
  0x02, 0x11, 0x03, 0x11, 0x00, 0x3f, 0x00, 0xe2, 0xc4, 0x50, 0x77, 0xf0,
  0x00, 0x00, 0x00, 0x00, 0x00, 0x00, 0x00, 0x00, 0x00, 0x00, 0x00, 0x00,
  0x00, 0x00, 0x00, 0x00, 0x00, 0x00, 0x00, 0x00, 0x00, 0x00, 0x00, 0x00,
  0x00, 0x00, 0x00, 0x00, 0x00, 0x00, 0x00, 0x00, 0x00, 0x00, 0x00, 0x00,
  0x00, 0x00, 0x00, 0x00, 0x00, 0x00, 0x00, 0x00, 0x00, 0x00, 0x00, 0x00,
  0x00, 0x00, 0x00, 0x00, 0x00, 0x00, 0x00, 0x00, 0x00, 0xae, 0xd6, 0x4a,
  0xed, 0x64, 0x9c, 0x13, 0x86, 0x72, 0x78, 0xb7, 0x59, 0xd1, 0xc9, 0xe2,
  0xdd, 0x67, 0x4d, 0x2a, 0xb9, 0x58, 0x2b, 0x95, 0x84, 0x5a, 0x72, 0x4e,
  0x54, 0x5e, 0xfe, 0xef, 0xda, 0xdb, 0x2f, 0xee, 0xfd, 0xad, 0xb0, 0x06,
  0x00, 0x00, 0x00, 0x00, 0x00, 0x00, 0x00, 0x00, 0x00, 0x00, 0x00, 0x00,
  0x00, 0x00, 0x00, 0x00, 0x00, 0x00, 0x00, 0x00, 0x00, 0x00, 0x00, 0x00,
  0x00, 0x00, 0x00, 0x00, 0x00, 0x00, 0x00, 0x00, 0x00, 0x00, 0x00, 0x00,
  0x00, 0x00, 0x00, 0x00, 0x00, 0x00, 0x00, 0x00, 0x00, 0x00, 0x00, 0x00,
  0x00, 0x00, 0x00, 0x00, 0x00, 0x00, 0x00, 0x00, 0x57, 0x6b, 0x25, 0x76,
  0xb2, 0x4e, 0x09, 0xc3, 0x6b, 0xea, 0x3f, 0x63, 0x65, 0x7d, 0x47, 0xec,
  0x6d, 0xa6, 0x57, 0x2b, 0x05, 0x72, 0xb0, 0x89, 0xce, 0x49, 0xcb, 0xbf,
  0x57, 0xcc, 0x7e, 0x46, 0x8a, 0xf9, 0x8f, 0xc8, 0xd0, 0x03, 0x40, 0x00,
  0x00, 0x00, 0x00, 0x00, 0x00, 0x00, 0x00, 0x00, 0x00, 0x00, 0x00, 0x00,
  0x00, 0x00, 0x00, 0x00, 0x00, 0x00, 0x00, 0x00, 0x00, 0x00, 0x00, 0x00,
  0x00, 0x00, 0x00, 0x00, 0x00, 0x00, 0x00, 0x00, 0x00, 0x00, 0x00, 0x00,
  0x00, 0x00, 0x00, 0x00, 0x00, 0x00, 0x00, 0x00, 0x00, 0x00, 0x00, 0x00,
  0x00, 0x00, 0x00, 0x00, 0x00, 0x00, 0x49, 0x69, 0x2f, 0x99, 0x78, 0x4b,
  0x49, 0x7c, 0xcb, 0xc7, 0xae, 0x3f, 0xa5, 0x3b, 0x46, 0xce, 0x3f, 0xa5,
  0x3b, 0x46, 0xc9, 0xc1, 0x38, 0x78, 0xf2, 0x5b, 0xcb, 0xea, 0x5e, 0x92,
  0xde, 0x5f, 0x52, 0xf5, 0x7f, 0x38, 0xfe, 0x74, 0xeb, 0x1a, 0x38, 0xfe,
  0x74, 0xeb, 0x1a, 0x45, 0x67, 0x24, 0xe5, 0x06, 0x80, 0x00, 0x00, 0x00,
  0x00, 0x00, 0x00, 0x00, 0x00, 0x00, 0x00, 0x00, 0x00, 0x00, 0x00, 0x00,
  0x00, 0x00, 0x00, 0x00, 0x00, 0x00, 0x00, 0x00, 0x00, 0x00, 0x00, 0x00,
  0x00, 0x00, 0x00, 0x00, 0x00, 0x00, 0x00, 0x00, 0x00, 0x00, 0x00, 0x00,
  0x00, 0x00, 0x00, 0x00, 0x00, 0x00, 0x00, 0x00, 0x00, 0x00, 0x00, 0x00,
  0x00, 0x00, 0x00, 0x00, 0x00, 0x00, 0xeb, 0xc5, 0x55, 0x16, 0x50, 0x00,
  0x00, 0x00, 0x00, 0x00, 0x00, 0x00, 0x00, 0x00, 0x00, 0x00, 0x00, 0x00,
  0x00, 0x00, 0x00, 0x00, 0x00, 0x00, 0x00, 0x00, 0x00, 0x00, 0x00, 0x00,
  0x00, 0x00, 0x00, 0x00, 0x00, 0x00, 0x00, 0x00, 0x00, 0x00, 0x00, 0x00,
  0x00, 0x00, 0x00, 0x00, 0x00, 0x00, 0x00, 0x00, 0x00, 0x00, 0x00, 0x00,
  0x00, 0x00, 0x00, 0x00, 0x00, 0x00, 0x00, 0x00, 0x2b, 0xb5, 0x92, 0xbb,
  0x59, 0x27, 0x04, 0xe1, 0x9c, 0x9e, 0x2d, 0xd6, 0x74, 0x72, 0x78, 0xb7,
  0x59, 0xd3, 0x4a, 0xae, 0x56, 0x0a, 0xe5, 0x61, 0x16, 0x9c, 0x93, 0x95,
  0x17, 0xbf, 0xbb, 0xf6, 0xb6, 0xcb, 0xfb, 0xbf, 0x6b, 0x6c, 0x01, 0x80,
  0x00, 0x00, 0x00, 0x00, 0x00, 0x00, 0x00, 0x00, 0x00, 0x00, 0x00, 0x00,
  0x00, 0x00, 0x00, 0x00, 0x00, 0x00, 0x00, 0x00, 0x00, 0x00, 0x00, 0x00,
  0x00, 0x00, 0x00, 0x00, 0x00, 0x00, 0x00, 0x00, 0x00, 0x00, 0x00, 0x00,
  0x00, 0x00, 0x00, 0x00, 0x00, 0x00, 0x00, 0x00, 0x00, 0x00, 0x00, 0x00,
  0x00, 0x00, 0x00, 0x00, 0x00, 0x00, 0x00, 0x15, 0xda, 0xc9, 0x5d, 0xac,
  0x93, 0x82, 0x70, 0xda, 0xfa, 0x8f, 0xd8, 0xd9, 0x5f, 0x51, 0xfb, 0x1b,
  0x69, 0x95, 0xca, 0xc1, 0x5c, 0xac, 0x22, 0x73, 0x92, 0x72, 0xef, 0xd5,
  0xf3, 0x1f, 0x91, 0xa2, 0xbe, 0x63, 0xf2, 0x34, 0x00, 0xd0, 0x00, 0x00,
  0x00, 0x00, 0x00, 0x00, 0x00, 0x00, 0x00, 0x00, 0x00, 0x00, 0x00, 0x00,
  0x00, 0x00, 0x00, 0x00, 0x00, 0x00, 0x00, 0x00, 0x00, 0x00, 0x00, 0x00,
  0x00, 0x00, 0x00, 0x00, 0x00, 0x00, 0x00, 0x00, 0x00, 0x00, 0x00, 0x00,
  0x00, 0x00, 0x00, 0x00, 0x00, 0x00, 0x00, 0x00, 0x00, 0x00, 0x00, 0x00,
  0x00, 0x00, 0x00, 0x00, 0x00, 0x12, 0x5a, 0x4b, 0xe6, 0x5e, 0x12, 0xd2,
  0x5f, 0x32, 0xf1, 0xeb, 0x8f, 0xe9, 0x4e, 0xd1, 0xb3, 0x8f, 0xe9, 0x4e,
  0xd1, 0xb2, 0x70, 0x4e, 0x1e, 0x3c, 0x96, 0xf2, 0xfa, 0x97, 0xa4, 0xb7,
  0x97, 0xd4, 0xbd, 0x5f, 0xce, 0x3f, 0x9d, 0x3a, 0xc6, 0x8e, 0x3f, 0x9d,
  0x3a, 0xc6, 0x91, 0x59, 0xc9, 0x39, 0x41, 0xa0, 0x00, 0x00, 0x00, 0x00,
  0x00, 0x00, 0x00, 0x00, 0x00, 0x00, 0x00, 0x00, 0x00, 0x00, 0x00, 0x00,
  0x00, 0x00, 0x00, 0x00, 0x00, 0x00, 0x00, 0x00, 0x00, 0x00, 0x00, 0x00,
  0x00, 0x00, 0x00, 0x00, 0x00, 0x00, 0x00, 0x00, 0x00, 0x00, 0x00, 0x00,
  0x00, 0x00, 0x00, 0x00, 0x00, 0x00, 0x00, 0x00, 0x00, 0x00, 0x00, 0x00,
  0x00, 0x00, 0x00, 0x00, 0x00, 0x3a, 0xf1, 0x55, 0x45, 0x94, 0x00, 0x00,
  0x00, 0x00, 0x00, 0x00, 0x00, 0x00, 0x00, 0x00, 0x00, 0x00, 0x00, 0x00,
  0x00, 0x00, 0x00, 0x00, 0x00, 0x00, 0x00, 0x00, 0x00, 0x00, 0x00, 0x00,
  0x00, 0x00, 0x00, 0x00, 0x00, 0x00, 0x00, 0x00, 0x00, 0x00, 0x00, 0x00,
  0x00, 0x00, 0x00, 0x00, 0x00, 0x00, 0x00, 0x00, 0x00, 0x00, 0x00, 0x00,
  0x00, 0x00, 0x00, 0x00, 0x00, 0x00, 0x00, 0x0a, 0xed, 0x64, 0xae, 0xd6,
  0x49, 0xc1, 0x38, 0x67, 0x27, 0x8b, 0x75, 0x9d, 0x1c, 0x9e, 0x2d, 0xd6,
  0x74, 0xd2, 0xab, 0x95, 0x82, 0xb9, 0x58, 0x45, 0xa7, 0x24, 0xe5, 0x45,
  0xef, 0xee, 0xfd, 0xad, 0xb2, 0xfe, 0xef, 0xda, 0xdb, 0x00, 0x60, 0x00,
  0x00, 0x00, 0x00, 0x00, 0x00, 0x00, 0x00, 0x00, 0x00, 0x00, 0x00, 0x00,
  0x00, 0x00, 0x00, 0x00, 0x00, 0x00, 0x00, 0x00, 0x00, 0x00, 0x00, 0x00,
  0x00, 0x00, 0x00, 0x00, 0x00, 0x00, 0x00, 0x00, 0x00, 0x00, 0x00, 0x00,
  0x00, 0x00, 0x00, 0x00, 0x00, 0x00, 0x00, 0x00, 0x00, 0x00, 0x00, 0x00,
  0x00, 0x00, 0x00, 0x00, 0x00, 0x00, 0x05, 0x76, 0xb2, 0x57, 0x6b, 0x24,
  0xe0, 0x9c, 0x36, 0xbe, 0xa3, 0xf6, 0x36, 0x57, 0xd4, 0x7e, 0xc6, 0xda,
  0x65, 0x72, 0xb0, 0x57, 0x2b, 0x08, 0x9c, 0xe4, 0x9c, 0xbb, 0xf5, 0x7c,
  0xc7, 0xe4, 0x68, 0xaf, 0x98, 0xfc, 0x8d, 0x00, 0x34, 0x00, 0x00, 0x00,
  0x00, 0x00, 0x00, 0x00, 0x00, 0x00, 0x00, 0x00, 0x00, 0x00, 0x00, 0x00,
  0x00, 0x00, 0x00, 0x00, 0x00, 0x00, 0x00, 0x00, 0x00, 0x00, 0x00, 0x00,
  0x00, 0x00, 0x00, 0x00, 0x00, 0x00, 0x00, 0x00, 0x00, 0x00, 0x00, 0x00,
  0x00, 0x00, 0x00, 0x00, 0x00, 0x00, 0x00, 0x00, 0x00, 0x00, 0x00, 0x00,
  0x00, 0x00, 0x00, 0x00, 0x04, 0x96, 0x92, 0xf9, 0x97, 0x84, 0xb4, 0x97,
  0xcc, 0xbc, 0x7a, 0xe3, 0xfa, 0x53, 0xb4, 0x6c, 0xe3, 0xfa, 0x53, 0xb4,
  0x6c, 0x9c, 0x13, 0x87, 0x8f, 0x25, 0xbc, 0xbe, 0xa5, 0xe9, 0x2d, 0xe5,
  0xf5, 0x2f, 0x57, 0xf3, 0x8f, 0xe7, 0x4e, 0xb1, 0xa3, 0x8f, 0xe7, 0x4e,
  0xb1, 0xa4, 0x56, 0x72, 0x4e, 0x50, 0x68, 0x00, 0x00, 0x00, 0x00, 0x00,
  0x00, 0x00, 0x00, 0x00, 0x00, 0x00, 0x00, 0x00, 0x00, 0x00, 0x00, 0x00,
  0x00, 0x00, 0x00, 0x00, 0x00, 0x00, 0x00, 0x00, 0x00, 0x00, 0x00, 0x00,
  0x00, 0x00, 0x00, 0x00, 0x00, 0x00, 0x00, 0x00, 0x00, 0x00, 0x00, 0x00,
  0x00, 0x00, 0x00, 0x00, 0x00, 0x00, 0x00, 0x00, 0x00, 0x00, 0x00, 0x00,
  0x00, 0x00, 0x00, 0x00, 0x0e, 0xbc, 0x55, 0x51, 0x65, 0x00, 0x00, 0x00,
  0x00, 0x00, 0x00, 0x00, 0x00, 0x00, 0x00, 0x00, 0x00, 0x00, 0x00, 0x00,
  0x00, 0x00, 0x00, 0x00, 0x00, 0x00, 0x00, 0x00, 0x00, 0x00, 0x00, 0x00,
  0x00, 0x00, 0x00, 0x00, 0x00, 0x00, 0x00, 0x00, 0x00, 0x00, 0x00, 0x00,
  0x00, 0x00, 0x00, 0x00, 0x00, 0x00, 0x00, 0x00, 0x00, 0x00, 0x00, 0x00,
  0x00, 0x00, 0x00, 0x00, 0x00, 0x00, 0x02, 0xbb, 0x59, 0x2b, 0xb5, 0x92,
  0x70, 0x4e, 0x19, 0xc9, 0xe2, 0xdd, 0x67, 0x47, 0x27, 0x8b, 0x75, 0x9d,
  0x34, 0xaa, 0xe5, 0x60, 0xae, 0x56, 0x11, 0x69, 0xc9, 0x39, 0x51, 0x7b,
  0xfb, 0xbf, 0x6b, 0x6c, 0xbf, 0xbb, 0xf6, 0xb6, 0xc0, 0x18, 0x00, 0x00,
  0x00, 0x00, 0x00, 0x00, 0x00, 0x00, 0x00, 0x00, 0x00, 0x00, 0x00, 0x00,
  0x00, 0x00, 0x00, 0x00, 0x00, 0x00, 0x00, 0x00, 0x00, 0x00, 0x00, 0x00,
  0x00, 0x00, 0x00, 0x00, 0x00, 0x00, 0x00, 0x00, 0x00, 0x00, 0x00, 0x00,
  0x00, 0x00, 0x00, 0x00, 0x00, 0x00, 0x00, 0x00, 0x00, 0x00, 0x00, 0x00,
  0x00, 0x00, 0x00, 0x00, 0x00, 0x01, 0x5d, 0xac, 0x95, 0xda, 0xc9, 0x38,
  0x27, 0x0d, 0xaf, 0xa8, 0xfd, 0x8d, 0x95, 0xf5, 0x1f, 0xb1, 0xb6, 0x99,
  0x5c, 0xac, 0x15, 0xca, 0xc2, 0x27, 0x39, 0x27, 0x2e, 0xfd, 0x5f, 0x31,
  0xf9, 0x1a, 0x2b, 0xe6, 0x3f, 0x23, 0x40, 0x0d, 0x00, 0x00, 0x00, 0x00,
  0x00, 0x00, 0x00, 0x00, 0x00, 0x00, 0x00, 0x00, 0x00, 0x00, 0x00, 0x00,
  0x00, 0x00, 0x00, 0x00, 0x00, 0x00, 0x00, 0x00, 0x00, 0x00, 0x00, 0x00,
  0x00, 0x00, 0x00, 0x00, 0x00, 0x00, 0x00, 0x00, 0x00, 0x00, 0x00, 0x00,
  0x00, 0x00, 0x00, 0x00, 0x00, 0x00, 0x00, 0x00, 0x00, 0x00, 0x00, 0x00,
  0x00, 0x00, 0x00, 0x01, 0x25, 0xa4, 0xbe, 0x65, 0xe1, 0x2d, 0x25, 0xf3,
  0x2f, 0x1e, 0xb8, 0xfe, 0x94, 0xed, 0x1b, 0x38, 0xfe, 0x94, 0xed, 0x1b,
  0x27, 0x04, 0xe1, 0xe3, 0xc9, 0x6f, 0x2f, 0xa9, 0x7a, 0x4b, 0x79, 0x7d,
  0x4b, 0xd5, 0xfc, 0xe3, 0xf9, 0xd3, 0xac, 0x68, 0xe3, 0xf9, 0xd3, 0xac,
  0x69, 0x15, 0x9c, 0x93, 0x94, 0x1a, 0x00, 0x00, 0x00, 0x00, 0x00, 0x00,
  0x00, 0x00, 0x00, 0x00, 0x00, 0x00, 0x00, 0x00, 0x00, 0x00, 0x00, 0x00,
  0x00, 0x00, 0x00, 0x00, 0x00, 0x00, 0x00, 0x00, 0x00, 0x00, 0x00, 0x00,
  0x00, 0x00, 0x00, 0x00, 0x00, 0x00, 0x00, 0x00, 0x00, 0x00, 0x00, 0x00,
  0x00, 0x00, 0x00, 0x00, 0x00, 0x00, 0x00, 0x00, 0x00, 0x00, 0x00, 0x00,
  0x00, 0x00, 0x00, 0x03, 0xaf, 0x15, 0x54, 0x59, 0x40, 0x00, 0x00, 0x00,
  0x00, 0x00, 0x00, 0x00, 0x00, 0x00, 0x00, 0x00, 0x00, 0x00, 0x00, 0x00,
  0x00, 0x00, 0x00, 0x00, 0x00, 0x00, 0x00, 0x00, 0x00, 0x00, 0x00, 0x00,
  0x00, 0x00, 0x00, 0x00, 0x00, 0x00, 0x00, 0x00, 0x00, 0x00, 0x00, 0x00,
  0x00, 0x00, 0x00, 0x00, 0x00, 0x00, 0x00, 0x00, 0x00, 0x00, 0x00, 0x00,
  0x00, 0x00, 0x00, 0x00, 0x00, 0x00, 0xae, 0xd6, 0x4a, 0xed, 0x64, 0x9c,
  0x13, 0x86, 0x72, 0x78, 0xb7, 0x59, 0xd1, 0xc9, 0xe2, 0xdd, 0x67, 0x4d,
  0x2a, 0xb9, 0x58, 0x2b, 0x95, 0x84, 0x5a, 0x72, 0x4e, 0x54, 0x5e, 0xfe,
  0xef, 0xda, 0xdb, 0x2f, 0xee, 0xfd, 0xad, 0xb0, 0x06, 0x00, 0x00, 0x00,
  0x00, 0x00, 0x00, 0x00, 0x00, 0x00, 0x00, 0x00, 0x00, 0x00, 0x00, 0x00,
  0x00, 0x00, 0x00, 0x00, 0x00, 0x00, 0x00, 0x00, 0x00, 0x00, 0x00, 0x00,
  0x00, 0x00, 0x00, 0x00, 0x00, 0x00, 0x00, 0x00, 0x00, 0x00, 0x00, 0x00,
  0x00, 0x00, 0x00, 0x00, 0x00, 0x00, 0x00, 0x00, 0x00, 0x00, 0x00, 0x00,
  0x00, 0x00, 0x00, 0x00, 0x00, 0x57, 0x6b, 0x25, 0x76, 0xb2, 0x4e, 0x09,
  0xc3, 0x6b, 0xea, 0x3f, 0x63, 0x65, 0x7d, 0x47, 0xec, 0x6d, 0xa6, 0x57,
  0x2b, 0x05, 0x72, 0xb0, 0x89, 0xce, 0x49, 0xcb, 0xbf, 0x57, 0xcc, 0x7e,
  0x46, 0x8a, 0xf9, 0x8f, 0xc8, 0xd0, 0x03, 0x40, 0x00, 0x00, 0x00, 0x00,
  0x00, 0x00, 0x00, 0x00, 0x00, 0x00, 0x00, 0x00, 0x00, 0x00, 0x00, 0x00,
  0x00, 0x00, 0x00, 0x00, 0x00, 0x00, 0x00, 0x00, 0x00, 0x00, 0x00, 0x00,
  0x00, 0x00, 0x00, 0x00, 0x00, 0x00, 0x00, 0x00, 0x00, 0x00, 0x00, 0x00,
  0x00, 0x00, 0x00, 0x00, 0x00, 0x00, 0x00, 0x00, 0x00, 0x00, 0x00, 0x00,
  0x00, 0x00, 0x00, 0x49, 0x69, 0x2f, 0x99, 0x78, 0x4b, 0x49, 0x7c, 0xcb,
  0xc7, 0xae, 0x3f, 0xa5, 0x3b, 0x46, 0xce, 0x3f, 0xa5, 0x3b, 0x46, 0xc9,
  0xc1, 0x38, 0x78, 0xf2, 0x5b, 0xcb, 0xea, 0x5e, 0x92, 0xde, 0x5f, 0x52,
  0xf5, 0x7f, 0x38, 0xfe, 0x74, 0xeb, 0x1a, 0x38, 0xfe, 0x74, 0xeb, 0x1a,
  0x45, 0x67, 0x24, 0xe5, 0x06, 0x80, 0x00, 0x00, 0x00, 0x00, 0x00, 0x00,
  0x00, 0x00, 0x00, 0x00, 0x00, 0x00, 0x00, 0x00, 0x00, 0x00, 0x00, 0x00,
  0x00, 0x00, 0x00, 0x00, 0x00, 0x00, 0x00, 0x00, 0x00, 0x00, 0x00, 0x00,
  0x00, 0x00, 0x00, 0x00, 0x00, 0x00, 0x00, 0x00, 0x00, 0x00, 0x00, 0x00,
  0x00, 0x00, 0x00, 0x00, 0x00, 0x00, 0x00, 0x00, 0x00, 0x00, 0x00, 0x00,
  0x00, 0x00, 0x00, 0xeb, 0xc5, 0x55, 0x16, 0x50, 0x00, 0x00, 0x00, 0x00,
  0x00, 0x00, 0x00, 0x00, 0x00, 0x00, 0x00, 0x00, 0x00, 0x00, 0x00, 0x00,
  0x00, 0x00, 0x00, 0x00, 0x00, 0x00, 0x00, 0x00, 0x00, 0x00, 0x00, 0x00,
  0x00, 0x00, 0x00, 0x00, 0x00, 0x00, 0x00, 0x00, 0x00, 0x00, 0x00, 0x00,
  0x00, 0x00, 0x00, 0x00, 0x00, 0x00, 0x00, 0x00, 0x00, 0x00, 0x00, 0x00,
  0x00, 0x00, 0x00, 0x00, 0x00, 0x2b, 0xb5, 0x92, 0xbb, 0x59, 0x27, 0x04,
  0xe1, 0x9c, 0x9e, 0x2d, 0xd6, 0x74, 0x72, 0x78, 0xb7, 0x59, 0xd3, 0x4a,
  0xae, 0x56, 0x0a, 0xe5, 0x61, 0x16, 0x9c, 0x93, 0x95, 0x17, 0xbf, 0xbb,
  0xf6, 0xb6, 0xcb, 0xfb, 0xbf, 0x6b, 0x6c, 0x01, 0x80, 0x00, 0x00, 0x00,
  0x00, 0x00, 0x00, 0x00, 0x00, 0x00, 0x00, 0x00, 0x00, 0x00, 0x00, 0x00,
  0x00, 0x00, 0x00, 0x00, 0x00, 0x00, 0x00, 0x00, 0x00, 0x00, 0x00, 0x00,
  0x00, 0x00, 0x00, 0x00, 0x00, 0x00, 0x00, 0x00, 0x00, 0x00, 0x00, 0x00,
  0x00, 0x00, 0x00, 0x00, 0x00, 0x00, 0x00, 0x00, 0x00, 0x00, 0x00, 0x00,
  0x00, 0x00, 0x00, 0x00, 0x15, 0xda, 0xc9, 0x5d, 0xac, 0x93, 0x82, 0x70,
  0xda, 0xfa, 0x8f, 0xd8, 0xd9, 0x5f, 0x51, 0xfb, 0x1b, 0x69, 0x95, 0xca,
  0xc1, 0x5c, 0xac, 0x22, 0x73, 0x92, 0x72, 0xef, 0xd5, 0xf3, 0x1f, 0x91,
  0xa2, 0xbe, 0x63, 0xf2, 0x34, 0x00, 0xd0, 0x00, 0x00, 0x00, 0x00, 0x00,
  0x00, 0x00, 0x00, 0x00, 0x00, 0x00, 0x00, 0x00, 0x00, 0x00, 0x00, 0x00,
  0x00, 0x00, 0x00, 0x00, 0x00, 0x00, 0x00, 0x00, 0x00, 0x00, 0x00, 0x00,
  0x00, 0x00, 0x00, 0x00, 0x00, 0x00, 0x00, 0x00, 0x00, 0x00, 0x00, 0x00,
  0x00, 0x00, 0x00, 0x00, 0x00, 0x00, 0x00, 0x00, 0x00, 0x00, 0x00, 0x00,
  0x00, 0x00, 0x12, 0x5a, 0x4b, 0xe6, 0x5e, 0x12, 0xd2, 0x5f, 0x32, 0xf1,
  0xeb, 0x8f, 0xe9, 0x4e, 0xd1, 0xb3, 0x8f, 0xe9, 0x4e, 0xd1, 0xb2, 0x70,
  0x4e, 0x1e, 0x3c, 0x96, 0xf2, 0xfa, 0x97, 0xa4, 0xb7, 0x97, 0xd4, 0xbd,
  0x5f, 0xce, 0x3f, 0x9d, 0x3a, 0xc6, 0x8e, 0x3f, 0x9d, 0x3a, 0xc6, 0x91,
  0x59, 0xc9, 0x39, 0x41, 0xa0, 0x00, 0x00, 0x00, 0x00, 0x00, 0x00, 0x00,
  0x00, 0x00, 0x00, 0x00, 0x00, 0x00, 0x00, 0x00, 0x00, 0x00, 0x00, 0x00,
  0x00, 0x00, 0x00, 0x00, 0x00, 0x00, 0x00, 0x00, 0x00, 0x00, 0x00, 0x00,
  0x00, 0x00, 0x00, 0x00, 0x00, 0x00, 0x00, 0x00, 0x00, 0x00, 0x00, 0x00,
  0x00, 0x00, 0x00, 0x00, 0x00, 0x00, 0x00, 0x00, 0x00, 0x00, 0x00, 0x00,
  0x00, 0x00, 0x3a, 0xf1, 0x55, 0x45, 0x94, 0x00, 0x00, 0x00, 0x00, 0x00,
  0x00, 0x00, 0x00, 0x00, 0x00, 0x00, 0x00, 0x00, 0x00, 0x00, 0x00, 0x00,
  0x00, 0x00, 0x00, 0x00, 0x00, 0x00, 0x00, 0x00, 0x00, 0x00, 0x00, 0x00,
  0x00, 0x00, 0x00, 0x00, 0x00, 0x00, 0x00, 0x00, 0x00, 0x00, 0x00, 0x00,
  0x00, 0x00, 0x00, 0x00, 0x00, 0x00, 0x00, 0x00, 0x00, 0x00, 0x00, 0x00,
  0x00, 0x00, 0x00, 0x00, 0x0a, 0xed, 0x64, 0xae, 0xd6, 0x49, 0xc1, 0x38,
  0x67, 0x27, 0x8b, 0x75, 0x9d, 0x1c, 0x9e, 0x2d, 0xd6, 0x74, 0xd2, 0xab,
  0x95, 0x82, 0xb9, 0x58, 0x45, 0xa7, 0x24, 0xe5, 0x45, 0xef, 0xee, 0xfd,
  0xad, 0xb2, 0xfe, 0xef, 0xda, 0xdb, 0x00, 0x60, 0x00, 0x00, 0x00, 0x00,
  0x00, 0x00, 0x00, 0x00, 0x00, 0x00, 0x00, 0x00, 0x00, 0x00, 0x00, 0x00,
  0x00, 0x00, 0x00, 0x00, 0x00, 0x00, 0x00, 0x00, 0x00, 0x00, 0x00, 0x00,
  0x00, 0x00, 0x00, 0x00, 0x00, 0x00, 0x00, 0x00, 0x00, 0x00, 0x00, 0x00,
  0x00, 0x00, 0x00, 0x00, 0x00, 0x00, 0x00, 0x00, 0x00, 0x00, 0x00, 0x00,
  0x00, 0x00, 0x00, 0x05, 0x76, 0xb2, 0x57, 0x6b, 0x24, 0xe0, 0x9c, 0x36,
  0xbe, 0xa3, 0xf6, 0x36, 0x57, 0xd4, 0x7e, 0xc6, 0xda, 0x65, 0x72, 0xb0,
  0x57, 0x2b, 0x08, 0x9c, 0xe4, 0x9c, 0xbb, 0xf5, 0x7c, 0xc7, 0xe4, 0x68,
  0xaf, 0x98, 0xfc, 0x8d, 0x00, 0x34, 0x00, 0x00, 0x00, 0x00, 0x00, 0x00,
  0x00, 0x00, 0x00, 0x00, 0x00, 0x00, 0x00, 0x00, 0x00, 0x00, 0x00, 0x00,
  0x00, 0x00, 0x00, 0x00, 0x00, 0x00, 0x00, 0x00, 0x00, 0x00, 0x00, 0x00,
  0x00, 0x00, 0x00, 0x00, 0x00, 0x00, 0x00, 0x00, 0x00, 0x00, 0x00, 0x00,
  0x00, 0x00, 0x00, 0x00, 0x00, 0x00, 0x00, 0x00, 0x00, 0x00, 0x00, 0x00,
  0x00, 0x04, 0x96, 0x92, 0xf9, 0x97, 0x84, 0xb4, 0x97, 0xcc, 0xbc, 0x7a,
  0xe3, 0xfa, 0x53, 0xb4, 0x6c, 0xe3, 0xfa, 0x53, 0xb4, 0x6c, 0x9c, 0x13,
  0x87, 0x8f, 0x25, 0xbc, 0xbe, 0xa5, 0xe9, 0x2d, 0xe5, 0xf5, 0x2f, 0x57,
  0xf3, 0x8f, 0xe7, 0x4e, 0xb1, 0xa3, 0x8f, 0xe7, 0x4e, 0xb1, 0xa4, 0x56,
  0x72, 0x4e, 0x50, 0x68, 0x00, 0x00, 0x00, 0x00, 0x00, 0x00, 0x00, 0x00,
  0x00, 0x00, 0x00, 0x00, 0x00, 0x00, 0x00, 0x00, 0x00, 0x00, 0x00, 0x00,
  0x00, 0x00, 0x00, 0x00, 0x00, 0x00, 0x00, 0x00, 0x00, 0x00, 0x00, 0x00,
  0x00, 0x00, 0x00, 0x00, 0x00, 0x00, 0x00, 0x00, 0x00, 0x00, 0x00, 0x00,
  0x00, 0x00, 0x00, 0x00, 0x00, 0x00, 0x00, 0x00, 0x00, 0x00, 0x00, 0x00,
  0x00, 0x0e, 0xbc, 0x55, 0x51, 0x65, 0x00, 0x00, 0x00, 0x00, 0x00, 0x00,
  0x00, 0x00, 0x00, 0x00, 0x00, 0x00, 0x00, 0x00, 0x00, 0x00, 0x00, 0x00,
  0x00, 0x00, 0x00, 0x00, 0x00, 0x00, 0x00, 0x00, 0x00, 0x00, 0x00, 0x00,
  0x00, 0x00, 0x00, 0x00, 0x00, 0x00, 0x00, 0x00, 0x00, 0x00, 0x00, 0x00,
  0x00, 0x00, 0x00, 0x00, 0x00, 0x00, 0x00, 0x00, 0x00, 0x00, 0x00, 0x00,
  0x00, 0x00, 0x00, 0x02, 0xbb, 0x59, 0x2b, 0xb5, 0x92, 0x70, 0x4e, 0x19,
  0xc9, 0xe2, 0xdd, 0x67, 0x47, 0x27, 0x8b, 0x75, 0x9d, 0x34, 0xaa, 0xe5,
  0x60, 0xae, 0x56, 0x11, 0x69, 0xc9, 0x39, 0x51, 0x7b, 0xfb, 0xbf, 0x6b,
  0x6c, 0xbf, 0xbb, 0xf6, 0xb6, 0xc0, 0x18, 0x00, 0x00, 0x00, 0x00, 0x00,
  0x00, 0x00, 0x00, 0x00, 0x00, 0x00, 0x00, 0x00, 0x00, 0x00, 0x00, 0x00,
  0x00, 0x00, 0x00, 0x00, 0x00, 0x00, 0x00, 0x00, 0x00, 0x00, 0x00, 0x00,
  0x00, 0x00, 0x00, 0x00, 0x00, 0x00, 0x00, 0x00, 0x00, 0x00, 0x00, 0x00,
  0x00, 0x00, 0x00, 0x00, 0x00, 0x00, 0x00, 0x00, 0x00, 0x00, 0x00, 0x00,
  0x00, 0x00, 0x01, 0x5d, 0xac, 0x95, 0xda, 0xc9, 0x38, 0x27, 0x0d, 0xaf,
  0xa8, 0xfd, 0x8d, 0x95, 0xf5, 0x1f, 0xb1, 0xb6, 0x99, 0x5c, 0xac, 0x15,
  0xca, 0xc2, 0x27, 0x39, 0x27, 0x2e, 0xfd, 0x5f, 0x31, 0xf9, 0x1a, 0x2b,
  0xe6, 0x3f, 0x23, 0x40, 0x0d, 0x00, 0x00, 0x00, 0x00, 0x00, 0x00, 0x00,
  0x00, 0x00, 0x00, 0x00, 0x00, 0x00, 0x00, 0x00, 0x00, 0x00, 0x00, 0x00,
  0x00, 0x00, 0x00, 0x00, 0x00, 0x00, 0x00, 0x00, 0x00, 0x00, 0x00, 0x00,
  0x00, 0x00, 0x00, 0x00, 0x00, 0x00, 0x00, 0x00, 0x00, 0x00, 0x00, 0x00,
  0x00, 0x00, 0x00, 0x00, 0x00, 0x00, 0x00, 0x00, 0x00, 0x00, 0x00, 0x00,
  0x01, 0x25, 0xa4, 0xbe, 0x65, 0xe1, 0x2d, 0x25, 0xf3, 0x2f, 0x1e, 0xb8,
  0xfe, 0x94, 0xed, 0x1b, 0x38, 0xfe, 0x94, 0xed, 0x1b, 0x27, 0x04, 0xe1,
  0xe3, 0xc9, 0x6f, 0x2f, 0xa9, 0x7a, 0x4b, 0x79, 0x7d, 0x4b, 0xd5, 0xfc,
  0xe3, 0xf9, 0xd3, 0xac, 0x68, 0xe3, 0xf9, 0xd3, 0xac, 0x69, 0x15, 0x9c,
  0x93, 0x94, 0x1a, 0x00, 0x00, 0x00, 0x00, 0x00, 0x00, 0x00, 0x00, 0x00,
  0x00, 0x00, 0x00, 0x00, 0x00, 0x00, 0x00, 0x00, 0x00, 0x00, 0x00, 0x00,
  0x00, 0x00, 0x00, 0x00, 0x00, 0x00, 0x00, 0x00, 0x00, 0x00, 0x00, 0x00,
  0x00, 0x00, 0x00, 0x00, 0x00, 0x00, 0x00, 0x00, 0x00, 0x00, 0x00, 0x00,
  0x00, 0x00, 0x00, 0x00, 0x00, 0x00, 0x00, 0x00, 0x00, 0x00, 0x00, 0x00,
  0x03, 0xaf, 0x15, 0x54, 0x59, 0x40, 0x00, 0x00, 0x00, 0x00, 0x00, 0x00,
  0x00, 0x00, 0x00, 0x00, 0x00, 0x00, 0x00, 0x00, 0x00, 0x00, 0x00, 0x00,
  0x00, 0x00, 0x00, 0x00, 0x00, 0x00, 0x00, 0x00, 0x00, 0x00, 0x00, 0x00,
  0x00, 0x00, 0x00, 0x00, 0x00, 0x00, 0x00, 0x00, 0x00, 0x00, 0x00, 0x00,
  0x00, 0x00, 0x00, 0x00, 0x00, 0x00, 0x00, 0x00, 0x00, 0x00, 0x00, 0x00,
  0x00, 0x00, 0x00, 0xae, 0xd6, 0x4a, 0xed, 0x64, 0x9c, 0x13, 0x86, 0x72,
  0x78, 0xb7, 0x59, 0xd1, 0xc9, 0xe2, 0xdd, 0x67, 0x4d, 0x2a, 0xb9, 0x58,
  0x2b, 0x95, 0x84, 0x5a, 0x72, 0x4e, 0x54, 0x5e, 0xfe, 0xef, 0xda, 0xdb,
  0x2f, 0xee, 0xfd, 0xad, 0xb0, 0x06, 0x00, 0x00, 0x00, 0x00, 0x00, 0x00,
  0x00, 0x00, 0x00, 0x00, 0x00, 0x00, 0x00, 0x00, 0x00, 0x00, 0x00, 0x00,
  0x00, 0x00, 0x00, 0x00, 0x00, 0x00, 0x00, 0x00, 0x00, 0x00, 0x00, 0x00,
  0x00, 0x00, 0x00, 0x00, 0x00, 0x00, 0x00, 0x00, 0x00, 0x00, 0x00, 0x00,
  0x00, 0x00, 0x00, 0x00, 0x00, 0x00, 0x00, 0x00, 0x00, 0x00, 0x00, 0x00,
  0x00, 0x00, 0x57, 0x6b, 0x25, 0x76, 0xb2, 0x4e, 0x09, 0xc3, 0x6b, 0xea,
  0x3f, 0x63, 0x65, 0x7d, 0x47, 0xec, 0x6d, 0xa6, 0x57, 0x2b, 0x05, 0x72,
  0xb0, 0x89, 0xce, 0x49, 0xcb, 0xbf, 0x57, 0xcc, 0x7e, 0x46, 0x8a, 0xf9,
  0x8f, 0xc8, 0xd0, 0x03, 0x40, 0x00, 0x00, 0x00, 0x00, 0x00, 0x00, 0x00,
  0x00, 0x00, 0x00, 0x00, 0x00, 0x00, 0x00, 0x00, 0x00, 0x00, 0x00, 0x00,
  0x00, 0x00, 0x00, 0x00, 0x00, 0x00, 0x00, 0x00, 0x00, 0x00, 0x00, 0x00,
  0x00, 0x00, 0x00, 0x00, 0x00, 0x00, 0x00, 0x00, 0x00, 0x00, 0x00, 0x00,
  0x00, 0x00, 0x00, 0x00, 0x00, 0x00, 0x00, 0x00, 0x00, 0x00, 0x00, 0x00,
  0x49, 0x69, 0x2f, 0x99, 0x78, 0x4b, 0x49, 0x7c, 0xcb, 0xc7, 0xae, 0x3f,
  0xa5, 0x3b, 0x46, 0xce, 0x3f, 0xa5, 0x3b, 0x46, 0xc9, 0xc1, 0x38, 0x78,
  0xf2, 0x5b, 0xcb, 0xea, 0x5e, 0x92, 0xde, 0x5f, 0x52, 0xf5, 0x7f, 0x38,
  0xfe, 0x74, 0xeb, 0x1a, 0x38, 0xfe, 0x74, 0xeb, 0x1a, 0x45, 0x67, 0x24,
  0xe5, 0x06, 0x80, 0x00, 0x00, 0x00, 0x00, 0x00, 0x00, 0x00, 0x00, 0x00,
  0x00, 0x00, 0x00, 0x00, 0x00, 0x00, 0x00, 0x00, 0x00, 0x00, 0x00, 0x00,
  0x00, 0x00, 0x00, 0x00, 0x00, 0x00, 0x00, 0x00, 0x00, 0x00, 0x00, 0x00,
  0x00, 0x00, 0x00, 0x00, 0x00, 0x00, 0x00, 0x00, 0x00, 0x00, 0x00, 0x00,
  0x00, 0x00, 0x00, 0x00, 0x00, 0x00, 0x00, 0x00, 0x00, 0x00, 0x00, 0x00,
  0xeb, 0xc5, 0x55, 0x16, 0x50, 0x00, 0x00, 0x00, 0x00, 0x00, 0x00, 0x00,
  0x00, 0x00, 0x00, 0x00, 0x00, 0x00, 0x00, 0x00, 0x00, 0x00, 0x00, 0x00,
  0x00, 0x00, 0x00, 0x00, 0x00, 0x00, 0x00, 0x00, 0x00, 0x00, 0x00, 0x00,
  0x00, 0x00, 0x00, 0x00, 0x00, 0x00, 0x00, 0x00, 0x00, 0x00, 0x00, 0x00,
  0x00, 0x00, 0x00, 0x00, 0x00, 0x00, 0x00, 0x00, 0x00, 0x00, 0x00, 0x00,
  0x00, 0x00, 0x2b, 0xb5, 0x92, 0xbb, 0x59, 0x27, 0x04, 0xe1, 0x9c, 0x9e,
  0x2d, 0xd6, 0x74, 0x72, 0x78, 0xb7, 0x59, 0xd3, 0x4a, 0xae, 0x56, 0x0a,
  0xe5, 0x61, 0x16, 0x9c, 0x93, 0x95, 0x17, 0xbf, 0xbb, 0xf6, 0xb6, 0xcb,
  0xfb, 0xbf, 0x6b, 0x6c, 0x01, 0x80, 0x00, 0x00, 0x00, 0x00, 0x00, 0x00,
  0x00, 0x00, 0x00, 0x00, 0x00, 0x00, 0x00, 0x00, 0x00, 0x00, 0x00, 0x00,
  0x00, 0x00, 0x00, 0x00, 0x00, 0x00, 0x00, 0x00, 0x00, 0x00, 0x00, 0x00,
  0x00, 0x00, 0x00, 0x00, 0x00, 0x00, 0x00, 0x00, 0x00, 0x00, 0x00, 0x00,
  0x00, 0x00, 0x00, 0x00, 0x00, 0x00, 0x00, 0x00, 0x00, 0x00, 0x00, 0x00,
  0x00, 0x15, 0xda, 0xc9, 0x5d, 0xac, 0x93, 0x82, 0x70, 0xda, 0xfa, 0x8f,
  0xd8, 0xd9, 0x5f, 0x51, 0xfb, 0x1b, 0x69, 0x95, 0xca, 0xc1, 0x5c, 0xac,
  0x22, 0x73, 0x92, 0x72, 0xef, 0xd5, 0xf3, 0x1f, 0x91, 0xa2, 0xbe, 0x63,
  0xf2, 0x34, 0x00, 0xd0, 0x00, 0x00, 0x00, 0x00, 0x00, 0x00, 0x00, 0x00,
  0x00, 0x00, 0x00, 0x00, 0x00, 0x00, 0x00, 0x00, 0x00, 0x00, 0x00, 0x00,
  0x00, 0x00, 0x00, 0x00, 0x00, 0x00, 0x00, 0x00, 0x00, 0x00, 0x00, 0x00,
  0x00, 0x00, 0x00, 0x00, 0x00, 0x00, 0x00, 0x00, 0x00, 0x00, 0x00, 0x00,
  0x00, 0x00, 0x00, 0x00, 0x00, 0x00, 0x00, 0x00, 0x00, 0x00, 0x00, 0x12,
  0x5a, 0x4b, 0xe6, 0x5e, 0x12, 0xd2, 0x5f, 0x32, 0xf1, 0xeb, 0x8f, 0xe9,
  0x4e, 0xd1, 0xb3, 0x8f, 0xe9, 0x4e, 0xd1, 0xb2, 0x70, 0x4e, 0x1e, 0x3c,
  0x96, 0xf2, 0xfa, 0x97, 0xa4, 0xb7, 0x97, 0xd4, 0xbd, 0x5f, 0xce, 0x3f,
  0x9d, 0x3a, 0xc6, 0x8e, 0x3f, 0x9d, 0x3a, 0xc6, 0x91, 0x59, 0xc9, 0x39,
  0x41, 0xa0, 0x00, 0x00, 0x00, 0x00, 0x00, 0x00, 0x00, 0x00, 0x00, 0x00,
  0x00, 0x00, 0x00, 0x00, 0x00, 0x00, 0x00, 0x00, 0x00, 0x00, 0x00, 0x00,
  0x00, 0x00, 0x00, 0x00, 0x00, 0x00, 0x00, 0x00, 0x00, 0x00, 0x00, 0x00,
  0x00, 0x00, 0x00, 0x00, 0x00, 0x00, 0x00, 0x00, 0x00, 0x00, 0x00, 0x00,
  0x00, 0x00, 0x00, 0x00, 0x00, 0x00, 0x00, 0x00, 0x00, 0x00, 0x00, 0x3a,
  0xf1, 0x55, 0x45, 0x94, 0x00, 0x00, 0x00, 0x00, 0x00, 0x00, 0x00, 0x00,
  0x00, 0x00, 0x00, 0x00, 0x00, 0x00, 0x00, 0x00, 0x00, 0x00, 0x00, 0x00,
  0x00, 0x00, 0x00, 0x00, 0x00, 0x00, 0x00, 0x00, 0x00, 0x00, 0x00, 0x00,
  0x00, 0x00, 0x00, 0x00, 0x00, 0x00, 0x00, 0x00, 0x00, 0x00, 0x00, 0x00,
  0x00, 0x00, 0x00, 0x00, 0x00, 0x00, 0x00, 0x00, 0x00, 0x00, 0x00, 0x00,
  0x00, 0x0a, 0xed, 0x64, 0xae, 0xd6, 0x49, 0xc1, 0x38, 0x67, 0x27, 0x8b,
  0x75, 0x9d, 0x1c, 0x9e, 0x2d, 0xd6, 0x74, 0xd2, 0xab, 0x95, 0x82, 0xb9,
  0x58, 0x45, 0xa7, 0x24, 0xe5, 0x45, 0xef, 0xee, 0xfd, 0xad, 0xb2, 0xfe,
  0xef, 0xda, 0xdb, 0x00, 0x60, 0x00, 0x00, 0x00, 0x00, 0x00, 0x00, 0x00,
  0x00, 0x00, 0x00, 0x00, 0x00, 0x00, 0x00, 0x00, 0x00, 0x00, 0x00, 0x00,
  0x00, 0x00, 0x00, 0x00, 0x00, 0x00, 0x00, 0x00, 0x00, 0x00, 0x00, 0x00,
  0x00, 0x00, 0x00, 0x00, 0x00, 0x00, 0x00, 0x00, 0x00, 0x00, 0x00, 0x00,
  0x00, 0x00, 0x00, 0x00, 0x00, 0x00, 0x00, 0x00, 0x00, 0x00, 0x00, 0x00,
  0x05, 0x76, 0xb2, 0x57, 0x6b, 0x24, 0xe0, 0x9c, 0x36, 0xbe, 0xa3, 0xf6,
  0x36, 0x57, 0xd4, 0x7e, 0xc6, 0xda, 0x65, 0x72, 0xb0, 0x57, 0x2b, 0x08,
  0x9c, 0xe4, 0x9c, 0xbb, 0xf5, 0x7c, 0xc7, 0xe4, 0x68, 0xaf, 0x98, 0xfc,
  0x8d, 0x00, 0x34, 0x00, 0x00, 0x00, 0x00, 0x00, 0x00, 0x00, 0x00, 0x00,
  0x00, 0x00, 0x00, 0x00, 0x00, 0x00, 0x00, 0x00, 0x00, 0x00, 0x00, 0x00,
  0x00, 0x00, 0x00, 0x00, 0x00, 0x00, 0x00, 0x00, 0x00, 0x00, 0x00, 0x00,
  0x00, 0x00, 0x00, 0x00, 0x00, 0x00, 0x00, 0x00, 0x00, 0x00, 0x00, 0x00,
  0x00, 0x00, 0x00, 0x00, 0x00, 0x00, 0x00, 0x00, 0x00, 0x00, 0x04, 0x96,
  0x92, 0xf9, 0x97, 0x84, 0xb4, 0x97, 0xcc, 0xbc, 0x7a, 0xe3, 0xfa, 0x53,
  0xb4, 0x6c, 0xe3, 0xfa, 0x53, 0xb4, 0x6c, 0x9c, 0x13, 0x87, 0x8f, 0x25,
  0xbc, 0xbe, 0xa5, 0xe9, 0x2d, 0xe5, 0xf5, 0x2f, 0x57, 0xf3, 0x8f, 0xe7,
  0x4e, 0xb1, 0xa3, 0x8f, 0xe7, 0x4e, 0xb1, 0xa4, 0x56, 0x72, 0x4e, 0x50,
  0x68, 0x00, 0x00, 0x00, 0x00, 0x00, 0x00, 0x00, 0x00, 0x00, 0x00, 0x00,
  0x00, 0x00, 0x00, 0x00, 0x00, 0x00, 0x00, 0x00, 0x00, 0x00, 0x00, 0x00,
  0x00, 0x00, 0x00, 0x00, 0x00, 0x00, 0x00, 0x00, 0x00, 0x00, 0x00, 0x00,
  0x00, 0x00, 0x00, 0x00, 0x00, 0x00, 0x00, 0x00, 0x00, 0x00, 0x00, 0x00,
  0x00, 0x00, 0x00, 0x00, 0x00, 0x00, 0x00, 0x00, 0x00, 0x00, 0x0e, 0xbc,
  0x55, 0x51, 0x65, 0x00, 0x00, 0x00, 0x00, 0x00, 0x00, 0x00, 0x00, 0x00,
  0x00, 0x00, 0x00, 0x00, 0x00, 0x00, 0x00, 0x00, 0x00, 0x00, 0x00, 0x00,
  0x00, 0x00, 0x00, 0x00, 0x00, 0x00, 0x00, 0x00, 0x00, 0x00, 0x00, 0x00,
  0x00, 0x00, 0x00, 0x00, 0x00, 0x00, 0x00, 0x00, 0x00, 0x00, 0x00, 0x00,
  0x00, 0x00, 0x00, 0x00, 0x00, 0x00, 0x00, 0x00, 0x00, 0x00, 0x00, 0x00,
  0x02, 0xbb, 0x59, 0x2b, 0xb5, 0x92, 0x70, 0x4e, 0x19, 0xc9, 0xe2, 0xdd,
  0x67, 0x47, 0x27, 0x8b, 0x75, 0x9d, 0x34, 0xaa, 0xe5, 0x60, 0xae, 0x56,
  0x11, 0x69, 0xc9, 0x39, 0x51, 0x7b, 0xfb, 0xbf, 0x6b, 0x6c, 0xbf, 0xbb,
  0xf6, 0xb6, 0xc0, 0x18, 0x00, 0x00, 0x00, 0x00, 0x00, 0x00, 0x00, 0x00,
  0x00, 0x00, 0x00, 0x00, 0x00, 0x00, 0x00, 0x00, 0x00, 0x00, 0x00, 0x00,
  0x00, 0x00, 0x00, 0x00, 0x00, 0x00, 0x00, 0x00, 0x00, 0x00, 0x00, 0x00,
  0x00, 0x00, 0x00, 0x00, 0x00, 0x00, 0x00, 0x00, 0x00, 0x00, 0x00, 0x00,
  0x00, 0x00, 0x00, 0x00, 0x00, 0x00, 0x00, 0x00, 0x00, 0x00, 0x00, 0x01,
  0x5d, 0xac, 0x95, 0xda, 0xc9, 0x38, 0x27, 0x0d, 0xaf, 0xa8, 0xfd, 0x8d,
  0x95, 0xf5, 0x1f, 0xb1, 0xb6, 0x99, 0x5c, 0xac, 0x15, 0xca, 0xc2, 0x27,
  0x39, 0x27, 0x2e, 0xfd, 0x5f, 0x31, 0xf9, 0x1a, 0x2b, 0xe6, 0x3f, 0x23,
  0x40, 0x0d, 0x00, 0x00, 0x00, 0x00, 0x00, 0x00, 0x00, 0x00, 0x00, 0x00,
  0x00, 0x00, 0x00, 0x00, 0x00, 0x00, 0x00, 0x00, 0x00, 0x00, 0x00, 0x00,
  0x00, 0x00, 0x00, 0x00, 0x00, 0x00, 0x00, 0x00, 0x00, 0x00, 0x00, 0x00,
  0x00, 0x00, 0x00, 0x00, 0x00, 0x00, 0x00, 0x00, 0x00, 0x00, 0x00, 0x00,
  0x00, 0x00, 0x00, 0x00, 0x00, 0x00, 0x00, 0x00, 0x00, 0x01, 0x25, 0xa4,
  0xbe, 0x65, 0xe1, 0x2d, 0x25, 0xf3, 0x2f, 0x1e, 0xb8, 0xfe, 0x94, 0xed,
  0x1b, 0x38, 0xfe, 0x94, 0xed, 0x1b, 0x27, 0x04, 0xe1, 0xe3, 0xc9, 0x6f,
  0x2f, 0xa9, 0x7a, 0x4b, 0x79, 0x7d, 0x4b, 0xd5, 0xfc, 0xe3, 0xf9, 0xd3,
  0xac, 0x68, 0xe3, 0xf9, 0xd3, 0xac, 0x69, 0x15, 0x9c, 0x93, 0x94, 0x1a,
  0x00, 0x00, 0x00, 0x00, 0x00, 0x00, 0x00, 0x00, 0x00, 0x00, 0x00, 0x00,
  0x00, 0x00, 0x00, 0x00, 0x00, 0x00, 0x00, 0x00, 0x00, 0x00, 0x00, 0x00,
  0x00, 0x00, 0x00, 0x00, 0x00, 0x00, 0x00, 0x00, 0x00, 0x00, 0x00, 0x00,
  0x00, 0x00, 0x00, 0x00, 0x00, 0x00, 0x00, 0x00, 0x00, 0x00, 0x00, 0x00,
  0x00, 0x00, 0x00, 0x00, 0x00, 0x00, 0x00, 0x00, 0x00, 0x03, 0xaf, 0x15,
  0x54, 0x59, 0x40, 0x00, 0x00, 0x00, 0x00, 0x00, 0x00, 0x00, 0x00, 0x00,
  0x00, 0x00, 0x00, 0x00, 0x00, 0x00, 0x00, 0x00, 0x00, 0x00, 0x00, 0x00,
  0x00, 0x00, 0x00, 0x00, 0x00, 0x00, 0x00, 0x00, 0x00, 0x00, 0x00, 0x00,
  0x00, 0x00, 0x00, 0x00, 0x00, 0x00, 0x00, 0x00, 0x00, 0x00, 0x00, 0x00,
  0x00, 0x00, 0x00, 0x00, 0x00, 0x00, 0x00, 0x00, 0x00, 0x00, 0x00, 0x00,
  0xae, 0xd6, 0x4a, 0xed, 0x64, 0x9c, 0x13, 0x86, 0x72, 0x78, 0xb7, 0x59,
  0xd1, 0xc9, 0xe2, 0xdd, 0x67, 0x4d, 0x2a, 0xb9, 0x58, 0x2b, 0x95, 0x84,
  0x5a, 0x72, 0x4e, 0x54, 0x5e, 0xfe, 0xef, 0xda, 0xdb, 0x2f, 0xee, 0xfd,
  0xad, 0xb0, 0x06, 0x00, 0x00, 0x00, 0x00, 0x00, 0x00, 0x00, 0x00, 0x00,
  0x00, 0x00, 0x00, 0x00, 0x00, 0x00, 0x00, 0x00, 0x00, 0x00, 0x00, 0x00,
  0x00, 0x00, 0x00, 0x00, 0x00, 0x00, 0x00, 0x00, 0x00, 0x00, 0x00, 0x00,
  0x00, 0x00, 0x00, 0x00, 0x00, 0x00, 0x00, 0x00, 0x00, 0x00, 0x00, 0x00,
  0x00, 0x00, 0x00, 0x00, 0x00, 0x00, 0x00, 0x00, 0x00, 0x00, 0x00, 0x57,
  0x6b, 0x25, 0x76, 0xb2, 0x4e, 0x09, 0xc3, 0x6b, 0xea, 0x3f, 0x63, 0x65,
  0x7d, 0x47, 0xec, 0x6d, 0xa6, 0x57, 0x2b, 0x05, 0x72, 0xb0, 0x89, 0xce,
  0x49, 0xcb, 0xbf, 0x57, 0xcc, 0x7e, 0x46, 0x8a, 0xf9, 0x8f, 0xc8, 0xd0,
  0x03, 0x40, 0x00, 0x00, 0x00, 0x00, 0x00, 0x00, 0x00, 0x00, 0x00, 0x00,
  0x00, 0x00, 0x00, 0x00, 0x00, 0x00, 0x00, 0x00, 0x00, 0x00, 0x00, 0x00,
  0x00, 0x00, 0x00, 0x00, 0x00, 0x00, 0x00, 0x00, 0x00, 0x00, 0x00, 0x00,
  0x00, 0x00, 0x00, 0x00, 0x00, 0x00, 0x00, 0x00, 0x00, 0x00, 0x00, 0x00,
  0x00, 0x00, 0x00, 0x00, 0x00, 0x00, 0x00, 0x00, 0x00, 0x49, 0x69, 0x2f,
  0x99, 0x78, 0x4b, 0x49, 0x7c, 0xcb, 0xc7, 0xae, 0x3f, 0xa5, 0x3b, 0x46,
  0xce, 0x3f, 0xa5, 0x3b, 0x46, 0xc9, 0xc1, 0x38, 0x78, 0xf2, 0x5b, 0xcb,
  0xea, 0x5e, 0x92, 0xde, 0x5f, 0x52, 0xf5, 0x7f, 0x38, 0xfe, 0x74, 0xeb,
  0x1a, 0x38, 0xfe, 0x74, 0xeb, 0x1a, 0x45, 0x67, 0x24, 0xe5, 0x06, 0x80,
  0x00, 0x00, 0x00, 0x00, 0x00, 0x00, 0x00, 0x00, 0x00, 0x00, 0x00, 0x00,
  0x00, 0x00, 0x00, 0x00, 0x00, 0x00, 0x00, 0x00, 0x00, 0x00, 0x00, 0x00,
  0x00, 0x00, 0x00, 0x00, 0x00, 0x00, 0x00, 0x00, 0x00, 0x00, 0x00, 0x00,
  0x00, 0x00, 0x00, 0x00, 0x00, 0x00, 0x00, 0x00, 0x00, 0x00, 0x00, 0x00,
  0x00, 0x00, 0x00, 0x00, 0x00, 0x00, 0x00, 0x00, 0x00, 0xeb, 0xc5, 0x55,
  0x16, 0x50, 0x00, 0x00, 0x00, 0x00, 0x00, 0x00, 0x00, 0x00, 0x00, 0x00,
  0x00, 0x00, 0x00, 0x00, 0x00, 0x00, 0x00, 0x00, 0x00, 0x00, 0x00, 0x00,
  0x00, 0x00, 0x00, 0x00, 0x00, 0x00, 0x00, 0x00, 0x00, 0x00, 0x00, 0x00,
  0x00, 0x00, 0x00, 0x00, 0x00, 0x00, 0x00, 0x00, 0x00, 0x00, 0x00, 0x00,
  0x00, 0x00, 0x00, 0x00, 0x00, 0x00, 0x00, 0x00, 0x00, 0x00, 0x00, 0x2b,
  0xb5, 0x92, 0xbb, 0x59, 0x27, 0x04, 0xe1, 0x9c, 0x9e, 0x2d, 0xd6, 0x74,
  0x72, 0x78, 0xb7, 0x59, 0xd3, 0x4a, 0xae, 0x56, 0x0a, 0xe5, 0x61, 0x16,
  0x9c, 0x93, 0x95, 0x17, 0xbf, 0xbb, 0xf6, 0xb6, 0xcb, 0xfb, 0xbf, 0x6b,
  0x6c, 0x01, 0x80, 0x00, 0x00, 0x00, 0x00, 0x00, 0x00, 0x00, 0x00, 0x00,
  0x00, 0x00, 0x00, 0x00, 0x00, 0x00, 0x00, 0x00, 0x00, 0x00, 0x00, 0x00,
  0x00, 0x00, 0x00, 0x00, 0x00, 0x00, 0x00, 0x00, 0x00, 0x00, 0x00, 0x00,
  0x00, 0x00, 0x00, 0x00, 0x00, 0x00, 0x00, 0x00, 0x00, 0x00, 0x00, 0x00,
  0x00, 0x00, 0x00, 0x00, 0x00, 0x00, 0x00, 0x00, 0x00, 0x00, 0x15, 0xda,
  0xc9, 0x5d, 0xac, 0x93, 0x82, 0x70, 0xda, 0xfa, 0x8f, 0xd8, 0xd9, 0x5f,
  0x51, 0xfb, 0x1b, 0x69, 0x95, 0xca, 0xc1, 0x5c, 0xac, 0x22, 0x73, 0x92,
  0x72, 0xef, 0xd5, 0xf3, 0x1f, 0x91, 0xa2, 0xbe, 0x63, 0xf2, 0x34, 0x00,
  0xd0, 0x00, 0x00, 0x00, 0x00, 0x00, 0x00, 0x00, 0x00, 0x00, 0x00, 0x00,
  0x00, 0x00, 0x00, 0x00, 0x00, 0x00, 0x00, 0x00, 0x00, 0x00, 0x00, 0x00,
  0x00, 0x00, 0x00, 0x00, 0x00, 0x00, 0x00, 0x00, 0x00, 0x00, 0x00, 0x00,
  0x00, 0x00, 0x00, 0x00, 0x00, 0x00, 0x00, 0x00, 0x00, 0x00, 0x00, 0x00,
  0x00, 0x00, 0x00, 0x00, 0x00, 0x00, 0x00, 0x00, 0x12, 0x5a, 0x4b, 0xe6,
  0x5e, 0x12, 0xd2, 0x5f, 0x32, 0xf1, 0xeb, 0x8f, 0xe9, 0x4e, 0xd1, 0xb3,
  0x8f, 0xe9, 0x4e, 0xd1, 0xb2, 0x70, 0x4e, 0x1e, 0x3c, 0x96, 0xf2, 0xfa,
  0x97, 0xa4, 0xb7, 0x97, 0xd4, 0xbd, 0x5f, 0xce, 0x3f, 0x9d, 0x3a, 0xc6,
  0x8e, 0x3f, 0x9d, 0x3a, 0xc6, 0x91, 0x59, 0xc9, 0x39, 0x41, 0xa0, 0x00,
  0x00, 0x00, 0x00, 0x00, 0x00, 0x00, 0x00, 0x00, 0x00, 0x00, 0x00, 0x00,
  0x00, 0x00, 0x00, 0x00, 0x00, 0x00, 0x00, 0x00, 0x00, 0x00, 0x00, 0x00,
  0x00, 0x00, 0x00, 0x00, 0x00, 0x00, 0x00, 0x00, 0x00, 0x00, 0x00, 0x00,
  0x00, 0x00, 0x00, 0x00, 0x00, 0x00, 0x00, 0x00, 0x00, 0x00, 0x00, 0x00,
  0x00, 0x00, 0x00, 0x00, 0x00, 0x00, 0x00, 0x00, 0x3a, 0xf1, 0x55, 0x45,
  0x94, 0x00, 0x00, 0x00, 0x00, 0x00, 0x00, 0x00, 0x00, 0x00, 0x00, 0x00,
  0x00, 0x00, 0x00, 0x00, 0x00, 0x00, 0x00, 0x00, 0x00, 0x00, 0x00, 0x00,
  0x00, 0x00, 0x00, 0x00, 0x00, 0x00, 0x00, 0x00, 0x00, 0x00, 0x00, 0x00,
  0x00, 0x00, 0x00, 0x00, 0x00, 0x00, 0x00, 0x00, 0x00, 0x00, 0x00, 0x00,
  0x00, 0x00, 0x00, 0x00, 0x00, 0x00, 0x00, 0x00, 0x00, 0x00, 0x0a, 0xed,
  0x64, 0xae, 0xd6, 0x49, 0xc1, 0x38, 0x67, 0x27, 0x8b, 0x75, 0x9d, 0x1c,
  0x9e, 0x2d, 0xd6, 0x74, 0xd2, 0xab, 0x95, 0x82, 0xb9, 0x58, 0x45, 0xa7,
  0x24, 0xe5, 0x45, 0xef, 0xee, 0xfd, 0xad, 0xb2, 0xfe, 0xef, 0xda, 0xdb,
  0x00, 0x60, 0x00, 0x00, 0x00, 0x00, 0x00, 0x00, 0x00, 0x00, 0x00, 0x00,
  0x00, 0x00, 0x00, 0x00, 0x00, 0x00, 0x00, 0x00, 0x00, 0x00, 0x00, 0x00,
  0x00, 0x00, 0x00, 0x00, 0x00, 0x00, 0x00, 0x00, 0x00, 0x00, 0x00, 0x00,
  0x00, 0x00, 0x00, 0x00, 0x00, 0x00, 0x00, 0x00, 0x00, 0x00, 0x00, 0x00,
  0x00, 0x00, 0x00, 0x00, 0x00, 0x00, 0x00, 0x00, 0x00, 0x05, 0x76, 0xb2,
  0x57, 0x6b, 0x24, 0xe0, 0x9c, 0x36, 0xbe, 0xa3, 0xf6, 0x36, 0x57, 0xd4,
  0x7e, 0xc6, 0xda, 0x65, 0x72, 0xb0, 0x57, 0x2b, 0x08, 0x9c, 0xe4, 0x9c,
  0xbb, 0xf5, 0x7c, 0xc7, 0xe4, 0x68, 0xaf, 0x98, 0xfc, 0x8d, 0x00, 0x34,
  0x00, 0x00, 0x00, 0x00, 0x00, 0x00, 0x00, 0x00, 0x00, 0x00, 0x00, 0x00,
  0x00, 0x00, 0x00, 0x00, 0x00, 0x00, 0x00, 0x00, 0x00, 0x00, 0x00, 0x00,
  0x00, 0x00, 0x00, 0x00, 0x00, 0x00, 0x00, 0x00, 0x00, 0x00, 0x00, 0x00,
  0x00, 0x00, 0x00, 0x00, 0x00, 0x00, 0x00, 0x00, 0x00, 0x00, 0x00, 0x00,
  0x00, 0x00, 0x00, 0x00, 0x00, 0x00, 0x00, 0x04, 0x96, 0x92, 0xf9, 0x97,
  0x84, 0xb4, 0x97, 0xcc, 0xbc, 0x7a, 0xe3, 0xfa, 0x53, 0xb4, 0x6c, 0xe3,
  0xfa, 0x53, 0xb4, 0x6c, 0x9c, 0x13, 0x87, 0x8f, 0x25, 0xbc, 0xbe, 0xa5,
  0xe9, 0x2d, 0xe5, 0xf5, 0x2f, 0x57, 0xf3, 0x8f, 0xe7, 0x4e, 0xb1, 0xa3,
  0x8f, 0xe7, 0x4e, 0xb1, 0xa4, 0x56, 0x72, 0x4e, 0x50, 0x68, 0x00, 0x00,
  0x00, 0x00, 0x00, 0x00, 0x00, 0x00, 0x00, 0x00, 0x00, 0x00, 0x00, 0x00,
  0x00, 0x00, 0x00, 0x00, 0x00, 0x00, 0x00, 0x00, 0x00, 0x00, 0x00, 0x00,
  0x00, 0x00, 0x00, 0x00, 0x00, 0x00, 0x00, 0x00, 0x00, 0x00, 0x00, 0x00,
  0x00, 0x00, 0x00, 0x00, 0x00, 0x00, 0x00, 0x00, 0x00, 0x00, 0x00, 0x00,
  0x00, 0x00, 0x00, 0x00, 0x00, 0x00, 0x00, 0x0e, 0xbc, 0x55, 0x51, 0x65,
  0x00, 0x00, 0x00, 0x00, 0x00, 0x00, 0x00, 0x00, 0x00, 0x00, 0x00, 0x00,
  0x00, 0x00, 0x00, 0x00, 0x00, 0x00, 0x00, 0x00, 0x00, 0x00, 0x00, 0x00,
  0x00, 0x00, 0x00, 0x00, 0x00, 0x00, 0x00, 0x00, 0x00, 0x00, 0x00, 0x00,
  0x00, 0x00, 0x00, 0x00, 0x00, 0x00, 0x00, 0x00, 0x00, 0x00, 0x00, 0x00,
  0x00, 0x00, 0x00, 0x00, 0x00, 0x00, 0x00, 0x00, 0x00, 0x02, 0xbb, 0x59,
  0x2b, 0xb5, 0x92, 0x70, 0x4e, 0x19, 0xc9, 0xe2, 0xdd, 0x67, 0x47, 0x27,
  0x8b, 0x75, 0x9d, 0x34, 0xaa, 0xe5, 0x60, 0xae, 0x56, 0x11, 0x69, 0xc9,
  0x39, 0x51, 0x7b, 0xfb, 0xbf, 0x6b, 0x6c, 0xbf, 0xbb, 0xf6, 0xb6, 0xc0,
  0x18, 0x00, 0x00, 0x00, 0x00, 0x00, 0x00, 0x00, 0x00, 0x00, 0x00, 0x00,
  0x00, 0x00, 0x00, 0x00, 0x00, 0x00, 0x00, 0x00, 0x00, 0x00, 0x00, 0x00,
  0x00, 0x00, 0x00, 0x00, 0x00, 0x00, 0x00, 0x00, 0x00, 0x00, 0x00, 0x00,
  0x00, 0x00, 0x00, 0x00, 0x00, 0x00, 0x00, 0x00, 0x00, 0x00, 0x00, 0x00,
  0x00, 0x00, 0x00, 0x00, 0x00, 0x00, 0x00, 0x00, 0x01, 0x5d, 0xac, 0x95,
  0xda, 0xc9, 0x38, 0x27, 0x0d, 0xaf, 0xa8, 0xfd, 0x8d, 0x95, 0xf5, 0x1f,
  0xb1, 0xb6, 0x99, 0x5c, 0xac, 0x15, 0xca, 0xc2, 0x27, 0x39, 0x27, 0x2e,
  0xfd, 0x5f, 0x31, 0xf9, 0x1a, 0x2b, 0xe6, 0x3f, 0x23, 0x40, 0x0d, 0x00,
  0x00, 0x00, 0x00, 0x00, 0x00, 0x00, 0x00, 0x00, 0x00, 0x00, 0x00, 0x00,
  0x00, 0x00, 0x00, 0x00, 0x00, 0x00, 0x00, 0x00, 0x00, 0x00, 0x00, 0x00,
  0x00, 0x00, 0x00, 0x00, 0x00, 0x00, 0x00, 0x00, 0x00, 0x00, 0x00, 0x00,
  0x00, 0x00, 0x00, 0x00, 0x00, 0x00, 0x00, 0x00, 0x00, 0x00, 0x00, 0x00,
  0x00, 0x00, 0x00, 0x00, 0x00, 0x00, 0x01, 0x25, 0xa4, 0xbe, 0x65, 0xe1,
  0x2d, 0x25, 0xf3, 0x2f, 0x1e, 0xb8, 0xfe, 0x94, 0xed, 0x1b, 0x38, 0xfe,
  0x94, 0xed, 0x1b, 0x27, 0x04, 0xe1, 0xe3, 0xc9, 0x6f, 0x2f, 0xa9, 0x7a,
  0x4b, 0x79, 0x7d, 0x4b, 0xd5, 0xfc, 0xe3, 0xf9, 0xd3, 0xac, 0x68, 0xe3,
  0xf9, 0xd3, 0xac, 0x69, 0x15, 0x9c, 0x93, 0x94, 0x1a, 0x00, 0x00, 0x00,
  0x00, 0x00, 0x00, 0x00, 0x00, 0x00, 0x00, 0x00, 0x00, 0x00, 0x00, 0x00,
  0x00, 0x00, 0x00, 0x00, 0x00, 0x00, 0x00, 0x00, 0x00, 0x00, 0x00, 0x00,
  0x00, 0x00, 0x00, 0x00, 0x00, 0x00, 0x00, 0x00, 0x00, 0x00, 0x00, 0x00,
  0x00, 0x00, 0x00, 0x00, 0x00, 0x00, 0x00, 0x00, 0x00, 0x00, 0x00, 0x00,
  0x00, 0x00, 0x00, 0x00, 0x00, 0x00, 0x03, 0xaf, 0x15, 0x54, 0x59, 0x40,
  0x00, 0x00, 0x00, 0x00, 0x00, 0x00, 0x00, 0x00, 0x00, 0x00, 0x00, 0x00,
  0x00, 0x00, 0x00, 0x00, 0x00, 0x00, 0x00, 0x00, 0x00, 0x00, 0x00, 0x00,
  0x00, 0x00, 0x00, 0x00, 0x00, 0x00, 0x00, 0x00, 0x00, 0x00, 0x00, 0x00,
  0x00, 0x00, 0x00, 0x00, 0x00, 0x00, 0x00, 0x00, 0x00, 0x00, 0x00, 0x00,
  0x00, 0x00, 0x00, 0x00, 0x00, 0x00, 0x00, 0x00, 0x00, 0xae, 0xd6, 0x4a,
  0xed, 0x64, 0x9c, 0x13, 0x86, 0x72, 0x78, 0xb7, 0x59, 0xd1, 0xc9, 0xe2,
  0xdd, 0x67, 0x4d, 0x2a, 0xb9, 0x58, 0x2b, 0x95, 0x84, 0x5a, 0x72, 0x4e,
  0x54, 0x5e, 0xfe, 0xef, 0xda, 0xdb, 0x2f, 0xee, 0xfd, 0xad, 0xb0, 0x06,
  0x00, 0x00, 0x00, 0x00, 0x00, 0x00, 0x00, 0x00, 0x00, 0x00, 0x00, 0x00,
  0x00, 0x00, 0x00, 0x00, 0x00, 0x00, 0x00, 0x00, 0x00, 0x00, 0x00, 0x00,
  0x00, 0x00, 0x00, 0x00, 0x00, 0x00, 0x00, 0x00, 0x00, 0x00, 0x00, 0x00,
  0x00, 0x00, 0x00, 0x00, 0x00, 0x00, 0x00, 0x00, 0x00, 0x00, 0x00, 0x00,
  0x00, 0x00, 0x00, 0x00, 0x00, 0x00, 0x00, 0x00, 0x57, 0x6b, 0x25, 0x76,
  0xb2, 0x4e, 0x09, 0xc3, 0x6b, 0xea, 0x3f, 0x63, 0x65, 0x7d, 0x47, 0xec,
  0x6d, 0xa6, 0x57, 0x2b, 0x05, 0x72, 0xb0, 0x89, 0xce, 0x49, 0xcb, 0xbf,
  0x57, 0xcc, 0x7e, 0x46, 0x8a, 0xf9, 0x8f, 0xc8, 0xd0, 0x03, 0x40, 0x00,
  0x00, 0x00, 0x00, 0x00, 0x00, 0x00, 0x00, 0x00, 0x00, 0x00, 0x00, 0x00,
  0x00, 0x00, 0x00, 0x00, 0x00, 0x00, 0x00, 0x00, 0x00, 0x00, 0x00, 0x00,
  0x00, 0x00, 0x00, 0x00, 0x00, 0x00, 0x00, 0x00, 0x00, 0x00, 0x00, 0x00,
  0x00, 0x00, 0x00, 0x00, 0x00, 0x00, 0x00, 0x00, 0x00, 0x00, 0x00, 0x00,
  0x00, 0x00, 0x00, 0x00, 0x00, 0x00, 0x49, 0x69, 0x2f, 0x99, 0x78, 0x4b,
  0x49, 0x7c, 0xcb, 0xc7, 0xae, 0x3f, 0xa5, 0x3b, 0x46, 0xce, 0x3f, 0xa5,
  0x3b, 0x46, 0xc9, 0xc1, 0x38, 0x78, 0xf2, 0x5b, 0xcb, 0xea, 0x5e, 0x92,
  0xde, 0x5f, 0x52, 0xf5, 0x7f, 0x38, 0xfe, 0x74, 0xeb, 0x1a, 0x38, 0xfe,
  0x74, 0xeb, 0x1a, 0x45, 0x67, 0x24, 0xe5, 0x06, 0x80, 0x00, 0x00, 0x00,
  0x00, 0x00, 0x00, 0x00, 0x00, 0x00, 0x00, 0x00, 0x00, 0x00, 0x00, 0x00,
  0x00, 0x00, 0x00, 0x00, 0x00, 0x00, 0x00, 0x00, 0x00, 0x00, 0x00, 0x00,
  0x00, 0x00, 0x00, 0x00, 0x00, 0x00, 0x00, 0x00, 0x00, 0x00, 0x00, 0x00,
  0x00, 0x00, 0x00, 0x00, 0x00, 0x00, 0x00, 0x00, 0x00, 0x00, 0x00, 0x00,
  0x00, 0x00, 0x00, 0x00, 0x00, 0x00, 0xeb, 0xc5, 0x55, 0x16, 0x50, 0x00,
  0x00, 0x00, 0x00, 0x00, 0x00, 0x00, 0x00, 0x00, 0x00, 0x00, 0x00, 0x00,
  0x00, 0x00, 0x00, 0x00, 0x00, 0x00, 0x00, 0x00, 0x00, 0x00, 0x00, 0x00,
  0x00, 0x00, 0x00, 0x00, 0x00, 0x00, 0x00, 0x00, 0x00, 0x00, 0x00, 0x00,
  0x00, 0x00, 0x00, 0x00, 0x00, 0x00, 0x00, 0x00, 0x00, 0x00, 0x00, 0x00,
  0x00, 0x00, 0x00, 0x00, 0x00, 0x00, 0x00, 0x00, 0x2b, 0xb5, 0x92, 0xbb,
  0x59, 0x27, 0x04, 0xe1, 0x9c, 0x9e, 0x2d, 0xd6, 0x74, 0x72, 0x78, 0xb7,
  0x59, 0xd3, 0x4a, 0xae, 0x56, 0x0a, 0xe5, 0x61, 0x16, 0x9c, 0x93, 0x95,
  0x17, 0xbf, 0xbb, 0xf6, 0xb6, 0xcb, 0xfb, 0xbf, 0x6b, 0x6c, 0x01, 0x80,
  0x00, 0x00, 0x00, 0x00, 0x00, 0x00, 0x00, 0x00, 0x00, 0x00, 0x00, 0x00,
  0x00, 0x00, 0x00, 0x00, 0x00, 0x00, 0x00, 0x00, 0x00, 0x00, 0x00, 0x00,
  0x00, 0x00, 0x00, 0x00, 0x00, 0x00, 0x00, 0x00, 0x00, 0x00, 0x00, 0x00,
  0x00, 0x00, 0x00, 0x00, 0x00, 0x00, 0x00, 0x00, 0x00, 0x00, 0x00, 0x00,
  0x00, 0x00, 0x00, 0x00, 0x00, 0x00, 0x00, 0x15, 0xda, 0xc9, 0x5d, 0xac,
  0x93, 0x82, 0x70, 0xda, 0xfa, 0x8f, 0xd8, 0xd9, 0x5f, 0x51, 0xfb, 0x1b,
  0x69, 0x95, 0xca, 0xc1, 0x5c, 0xac, 0x22, 0x73, 0x92, 0x72, 0xef, 0xd5,
  0xf3, 0x1f, 0x91, 0xa2, 0xbe, 0x63, 0xf2, 0x34, 0x00, 0xd0, 0x00, 0x00,
  0x00, 0x00, 0x00, 0x00, 0x00, 0x00, 0x00, 0x00, 0x00, 0x00, 0x00, 0x00,
  0x00, 0x00, 0x00, 0x00, 0x00, 0x00, 0x00, 0x00, 0x00, 0x00, 0x00, 0x00,
  0x00, 0x00, 0x00, 0x00, 0x00, 0x00, 0x00, 0x00, 0x00, 0x00, 0x00, 0x00,
  0x00, 0x00, 0x00, 0x00, 0x00, 0x00, 0x00, 0x00, 0x00, 0x00, 0x00, 0x00,
  0x00, 0x00, 0x00, 0x00, 0x00, 0x12, 0x5a, 0x4b, 0xe6, 0x5e, 0x12, 0xd2,
  0x5f, 0x32, 0xf1, 0xeb, 0x8f, 0xe9, 0x4e, 0xd1, 0xb3, 0x8f, 0xe9, 0x4e,
  0xd1, 0xb2, 0x70, 0x4e, 0x1e, 0x3c, 0x96, 0xf2, 0xfa, 0x97, 0xa4, 0xb7,
  0x97, 0xd4, 0xbd, 0x5f, 0xce, 0x3f, 0x9d, 0x3a, 0xc6, 0x8e, 0x3f, 0x9d,
  0x3a, 0xc6, 0x91, 0x59, 0xc9, 0x39, 0x41, 0xa0, 0x00, 0x00, 0x00, 0x00,
  0x00, 0x00, 0x00, 0x00, 0x00, 0x00, 0x00, 0x00, 0x00, 0x00, 0x00, 0x00,
  0x00, 0x00, 0x00, 0x00, 0x00, 0x00, 0x00, 0x00, 0x00, 0x00, 0x00, 0x00,
  0x00, 0x00, 0x00, 0x00, 0x00, 0x00, 0x00, 0x00, 0x00, 0x00, 0x00, 0x00,
  0x00, 0x00, 0x00, 0x00, 0x00, 0x00, 0x00, 0x00, 0x00, 0x00, 0x00, 0x00,
  0x00, 0x00, 0x00, 0x00, 0x00, 0x3a, 0xf1, 0x55, 0x45, 0x94, 0x00, 0x00,
  0x00, 0x00, 0x00, 0x00, 0x00, 0x00, 0x00, 0x00, 0x00, 0x00, 0x00, 0x00,
  0x00, 0x00, 0x00, 0x00, 0x00, 0x00, 0x00, 0x00, 0x00, 0x00, 0x00, 0x00,
  0x00, 0x00, 0x00, 0x00, 0x00, 0x00, 0x00, 0x00, 0x00, 0x00, 0x00, 0x00,
  0x00, 0x00, 0x00, 0x00, 0x00, 0x00, 0x00, 0x00, 0x00, 0x00, 0x00, 0x00,
  0x00, 0x00, 0x00, 0x00, 0x00, 0x00, 0x00, 0x0a, 0xed, 0x64, 0xae, 0xd6,
  0x49, 0xc1, 0x38, 0x67, 0x27, 0x8b, 0x75, 0x9d, 0x1c, 0x9e, 0x2d, 0xd6,
  0x74, 0xd2, 0xab, 0x95, 0x82, 0xb9, 0x58, 0x45, 0xa7, 0x24, 0xe5, 0x45,
  0xef, 0xee, 0xfd, 0xad, 0xb2, 0xfe, 0xef, 0xda, 0xdb, 0x00, 0x60, 0x00,
  0x00, 0x00, 0x00, 0x00, 0x00, 0x00, 0x00, 0x00, 0x00, 0x00, 0x00, 0x00,
  0x00, 0x00, 0x00, 0x00, 0x00, 0x00, 0x00, 0x00, 0x00, 0x00, 0x00, 0x00,
  0x00, 0x00, 0x00, 0x00, 0x00, 0x00, 0x00, 0x00, 0x00, 0x00, 0x00, 0x00,
  0x00, 0x00, 0x00, 0x00, 0x00, 0x00, 0x00, 0x00, 0x00, 0x00, 0x00, 0x00,
  0x00, 0x00, 0x00, 0x00, 0x00, 0x00, 0x05, 0x76, 0xb2, 0x57, 0x6b, 0x24,
  0xe0, 0x9c, 0x36, 0xbe, 0xa3, 0xf6, 0x36, 0x57, 0xd4, 0x7e, 0xc6, 0xda,
  0x65, 0x72, 0xb0, 0x57, 0x2b, 0x08, 0x9c, 0xe4, 0x9c, 0xbb, 0xf5, 0x7c,
  0xc7, 0xe4, 0x68, 0xaf, 0x98, 0xfc, 0x8d, 0x00, 0x34, 0x00, 0x00, 0x00,
  0x00, 0x00, 0x00, 0x00, 0x00, 0x00, 0x00, 0x00, 0x00, 0x00, 0x00, 0x00,
  0x00, 0x00, 0x00, 0x00, 0x00, 0x00, 0x00, 0x00, 0x00, 0x00, 0x00, 0x00,
  0x00, 0x00, 0x00, 0x00, 0x00, 0x00, 0x00, 0x00, 0x00, 0x00, 0x00, 0x00,
  0x00, 0x00, 0x00, 0x00, 0x00, 0x00, 0x00, 0x00, 0x00, 0x00, 0x00, 0x00,
  0x00, 0x00, 0x00, 0x00, 0x04, 0x96, 0x92, 0xf9, 0x97, 0x84, 0xb4, 0x97,
  0xcc, 0xbc, 0x7a, 0xe3, 0xfa, 0x53, 0xb4, 0x6c, 0xe3, 0xfa, 0x53, 0xb4,
  0x6c, 0x9c, 0x13, 0x87, 0x8f, 0x25, 0xbc, 0xbe, 0xa5, 0xe9, 0x2d, 0xe5,
  0xf5, 0x2f, 0x57, 0xf3, 0x8f, 0xe7, 0x4e, 0xb1, 0xa3, 0x8f, 0xe7, 0x4e,
  0xb1, 0xa4, 0x56, 0x72, 0x4e, 0x50, 0x68, 0x00, 0x00, 0x00, 0x00, 0x00,
  0x00, 0x00, 0x00, 0x00, 0x00, 0x00, 0x00, 0x00, 0x00, 0x00, 0x00, 0x00,
  0x00, 0x00, 0x00, 0x00, 0x00, 0x00, 0x00, 0x00, 0x00, 0x00, 0x00, 0x00,
  0x00, 0x00, 0x00, 0x00, 0x00, 0x00, 0x00, 0x00, 0x00, 0x00, 0x00, 0x00,
  0x00, 0x00, 0x00, 0x00, 0x00, 0x00, 0x00, 0x00, 0x00, 0x00, 0x00, 0x00,
  0x00, 0x00, 0x00, 0x00, 0x0e, 0xbc, 0x55, 0x51, 0x65, 0x00, 0x00, 0x00,
  0x00, 0x00, 0x00, 0x00, 0x00, 0x00, 0x00, 0x00, 0x00, 0x00, 0x00, 0x00,
  0x00, 0x00, 0x00, 0x00, 0x00, 0x00, 0x00, 0x00, 0x00, 0x00, 0x00, 0x00,
  0x00, 0x00, 0x00, 0x00, 0x00, 0x00, 0x00, 0x00, 0x00, 0x00, 0x00, 0x00,
  0x00, 0x00, 0x00, 0x00, 0x00, 0x00, 0x00, 0x00, 0x00, 0x00, 0x00, 0x00,
  0x00, 0x00, 0x00, 0x00, 0x00, 0x00, 0x02, 0xbb, 0x59, 0x2b, 0xb5, 0x92,
  0x70, 0x4e, 0x19, 0xc9, 0xe2, 0xdd, 0x67, 0x47, 0x27, 0x8b, 0x75, 0x9d,
  0x34, 0xaa, 0xe5, 0x60, 0xae, 0x56, 0x11, 0x69, 0xc9, 0x39, 0x51, 0x7b,
  0xfb, 0xbf, 0x6b, 0x6c, 0xbf, 0xbb, 0xf6, 0xb6, 0xc0, 0x18, 0x00, 0x00,
  0x00, 0x00, 0x00, 0x00, 0x00, 0x00, 0x00, 0x00, 0x00, 0x00, 0x00, 0x00,
  0x00, 0x00, 0x00, 0x00, 0x00, 0x00, 0x00, 0x00, 0x00, 0x00, 0x00, 0x00,
  0x00, 0x00, 0x00, 0x00, 0x00, 0x00, 0x00, 0x00, 0x00, 0x00, 0x00, 0x00,
  0x00, 0x00, 0x00, 0x00, 0x00, 0x00, 0x00, 0x00, 0x00, 0x00, 0x00, 0x00,
  0x00, 0x00, 0x00, 0x00, 0x00, 0x01, 0x5d, 0xac, 0x95, 0xda, 0xc9, 0x38,
  0x27, 0x0d, 0xaf, 0xa8, 0xfd, 0x8d, 0x95, 0xf5, 0x1f, 0xb1, 0xb6, 0x99,
  0x5c, 0xac, 0x15, 0xca, 0xc2, 0x27, 0x39, 0x27, 0x2e, 0xfd, 0x5f, 0x31,
  0xf9, 0x1a, 0x2b, 0xe6, 0x3f, 0x23, 0x40, 0x0d, 0x00, 0x00, 0x00, 0x00,
  0x00, 0x00, 0x00, 0x00, 0x00, 0x00, 0x00, 0x00, 0x00, 0x00, 0x00, 0x00,
  0x00, 0x00, 0x00, 0x00, 0x00, 0x00, 0x00, 0x00, 0x00, 0x00, 0x00, 0x00,
  0x00, 0x00, 0x00, 0x00, 0x00, 0x00, 0x00, 0x00, 0x00, 0x00, 0x00, 0x00,
  0x00, 0x00, 0x00, 0x00, 0x00, 0x00, 0x00, 0x00, 0x00, 0x00, 0x00, 0x00,
  0x00, 0x00, 0x00, 0x01, 0x25, 0xa4, 0xbe, 0x65, 0xe1, 0x2d, 0x25, 0xf3,
  0x2f, 0x1e, 0xb8, 0xfe, 0x94, 0xed, 0x1b, 0x38, 0xfe, 0x94, 0xed, 0x1b,
  0x27, 0x04, 0xe1, 0xe3, 0xc9, 0x6f, 0x2f, 0xa9, 0x7a, 0x4b, 0x79, 0x7d,
  0x4b, 0xd5, 0xfc, 0xe3, 0xf9, 0xd3, 0xac, 0x68, 0xe3, 0xf9, 0xd3, 0xac,
  0x69, 0x15, 0x9c, 0x93, 0x94, 0x1a, 0x00, 0x00, 0x00, 0x00, 0x00, 0x00,
  0x00, 0x00, 0x00, 0x00, 0x00, 0x00, 0x00, 0x00, 0x00, 0x00, 0x00, 0x00,
  0x00, 0x00, 0x00, 0x00, 0x00, 0x00, 0x00, 0x00, 0x00, 0x00, 0x00, 0x00,
  0x00, 0x00, 0x00, 0x00, 0x00, 0x00, 0x00, 0x00, 0x00, 0x00, 0x00, 0x00,
  0x00, 0x00, 0x00, 0x00, 0x00, 0x00, 0x00, 0x00, 0x00, 0x00, 0x00, 0x00,
  0x00, 0x00, 0x00, 0x03, 0xaf, 0x15, 0x54, 0x59, 0x40, 0x00, 0x00, 0x00,
  0x00, 0x00, 0x00, 0x00, 0x00, 0x00, 0x00, 0x00, 0x00, 0x00, 0x00, 0x00,
  0x00, 0x00, 0x00, 0x00, 0x00, 0x00, 0x00, 0x00, 0x00, 0x00, 0x00, 0x00,
  0x00, 0x00, 0x00, 0x00, 0x00, 0x00, 0x00, 0x00, 0x00, 0x00, 0x00, 0x00,
  0x00, 0x00, 0x00, 0x00, 0x00, 0x00, 0x00, 0x00, 0x00, 0x00, 0x00, 0x00,
  0x00, 0x00, 0x00, 0x00, 0x00, 0x00, 0xae, 0xd6, 0x4a, 0xed, 0x64, 0x9c,
  0x13, 0x86, 0x72, 0x78, 0xb7, 0x59, 0xd1, 0xc9, 0xe2, 0xdd, 0x67, 0x4d,
  0x2a, 0xb9, 0x58, 0x2b, 0x95, 0x84, 0x5a, 0x72, 0x4e, 0x54, 0x5e, 0xfe,
  0xef, 0xda, 0xdb, 0x2f, 0xee, 0xfd, 0xad, 0xb0, 0x06, 0x00, 0x00, 0x00,
  0x00, 0x00, 0x00, 0x00, 0x00, 0x00, 0x00, 0x00, 0x00, 0x00, 0x00, 0x00,
  0x00, 0x00, 0x00, 0x00, 0x00, 0x00, 0x00, 0x00, 0x00, 0x00, 0x00, 0x00,
  0x00, 0x00, 0x00, 0x00, 0x00, 0x00, 0x00, 0x00, 0x00, 0x00, 0x00, 0x00,
  0x00, 0x00, 0x00, 0x00, 0x00, 0x00, 0x00, 0x00, 0x00, 0x00, 0x00, 0x00,
  0x00, 0x00, 0x00, 0x00, 0x00, 0x57, 0x6b, 0x25, 0x76, 0xb2, 0x4e, 0x09,
  0xc3, 0x6b, 0xea, 0x3f, 0x63, 0x65, 0x7d, 0x47, 0xec, 0x6d, 0xa6, 0x57,
  0x2b, 0x05, 0x72, 0xb0, 0x89, 0xce, 0x49, 0xcb, 0xbf, 0x57, 0xcc, 0x7e,
  0x46, 0x8a, 0xf9, 0x8f, 0xc8, 0xd0, 0x03, 0x40, 0x00, 0x00, 0x00, 0x00,
  0x00, 0x00, 0x00, 0x00, 0x00, 0x00, 0x00, 0x00, 0x00, 0x00, 0x00, 0x00,
  0x00, 0x00, 0x00, 0x00, 0x00, 0x00, 0x00, 0x00, 0x00, 0x00, 0x00, 0x00,
  0x00, 0x00, 0x00, 0x00, 0x00, 0x00, 0x00, 0x00, 0x00, 0x00, 0x00, 0x00,
  0x00, 0x00, 0x00, 0x00, 0x00, 0x00, 0x00, 0x00, 0x00, 0x00, 0x00, 0x00,
  0x00, 0x00, 0x00, 0x49, 0x69, 0x2f, 0x99, 0x78, 0x4b, 0x49, 0x7c, 0xcb,
  0xc7, 0xae, 0x3f, 0xa5, 0x3b, 0x46, 0xce, 0x3f, 0xa5, 0x3b, 0x46, 0xc9,
  0xc1, 0x38, 0x78, 0xf2, 0x5b, 0xcb, 0xea, 0x5e, 0x92, 0xde, 0x5f, 0x52,
  0xf5, 0x7f, 0x38, 0xfe, 0x74, 0xeb, 0x1a, 0x38, 0xfe, 0x74, 0xeb, 0x1a,
  0x45, 0x67, 0x24, 0xe5, 0x06, 0x80, 0x00, 0x00, 0x00, 0x00, 0x00, 0x00,
  0x00, 0x00, 0x00, 0x00, 0x00, 0x00, 0x00, 0x00, 0x00, 0x00, 0x00, 0x00,
  0x00, 0x00, 0x00, 0x00, 0x00, 0x00, 0x00, 0x00, 0x00, 0x00, 0x00, 0x00,
  0x00, 0x00, 0x00, 0x00, 0x00, 0x00, 0x00, 0x00, 0x00, 0x00, 0x00, 0x00,
  0x00, 0x00, 0x00, 0x00, 0x00, 0x00, 0x00, 0x00, 0x00, 0x00, 0x00, 0x00,
  0x00, 0x00, 0x00, 0xeb, 0xc5, 0x55, 0x16, 0x50, 0x00, 0x00, 0x00, 0x00,
  0x00, 0x00, 0x00, 0x00, 0x00, 0x00, 0x00, 0x00, 0x00, 0x00, 0x00, 0x00,
  0x00, 0x00, 0x00, 0x00, 0x00, 0x00, 0x00, 0x00, 0x00, 0x00, 0x00, 0x00,
  0x00, 0x00, 0x00, 0x00, 0x00, 0x00, 0x00, 0x00, 0x00, 0x00, 0x00, 0x00,
  0x00, 0x00, 0x00, 0x00, 0x00, 0x00, 0x00, 0x00, 0x00, 0x00, 0x00, 0x00,
  0x00, 0x00, 0x00, 0x00, 0x00, 0x2b, 0xb5, 0x92, 0xbb, 0x59, 0x27, 0x04,
  0xe1, 0x9c, 0x9e, 0x2d, 0xd6, 0x74, 0x72, 0x78, 0xb7, 0x59, 0xd3, 0x4a,
  0xae, 0x56, 0x0a, 0xe5, 0x61, 0x16, 0x9c, 0x93, 0x95, 0x17, 0xbf, 0xbb,
  0xf6, 0xb6, 0xcb, 0xfb, 0xbf, 0x6b, 0x6c, 0x01, 0x80, 0x00, 0x00, 0x00,
  0x00, 0x00, 0x00, 0x00, 0x00, 0x00, 0x00, 0x00, 0x00, 0x00, 0x00, 0x00,
  0x00, 0x00, 0x00, 0x00, 0x00, 0x00, 0x00, 0x00, 0x00, 0x00, 0x00, 0x00,
  0x00, 0x00, 0x00, 0x00, 0x00, 0x00, 0x00, 0x00, 0x00, 0x00, 0x00, 0x00,
  0x00, 0x00, 0x00, 0x00, 0x00, 0x00, 0x00, 0x00, 0x00, 0x00, 0x00, 0x00,
  0x00, 0x00, 0x00, 0x00, 0x15, 0xda, 0xc9, 0x5d, 0xac, 0x93, 0x82, 0x70,
  0xda, 0xfa, 0x8f, 0xd8, 0xd9, 0x5f, 0x51, 0xfb, 0x1b, 0x69, 0x95, 0xca,
  0xc1, 0x5c, 0xac, 0x22, 0x73, 0x92, 0x72, 0xef, 0xd5, 0xf3, 0x1f, 0x91,
  0xa2, 0xbe, 0x63, 0xf2, 0x34, 0x00, 0xd0, 0x00, 0x00, 0x00, 0x00, 0x00,
  0x00, 0x00, 0x00, 0x00, 0x00, 0x00, 0x00, 0x00, 0x00, 0x00, 0x00, 0x00,
  0x00, 0x00, 0x00, 0x00, 0x00, 0x00, 0x00, 0x00, 0x00, 0x00, 0x00, 0x00,
  0x00, 0x00, 0x00, 0x00, 0x00, 0x00, 0x00, 0x00, 0x00, 0x00, 0x00, 0x00,
  0x00, 0x00, 0x00, 0x00, 0x00, 0x00, 0x00, 0x00, 0x00, 0x00, 0x00, 0x00,
  0x00, 0x00, 0x12, 0x5a, 0x4b, 0xe6, 0x5e, 0x12, 0xd2, 0x5f, 0x32, 0xf1,
  0xeb, 0x8f, 0xe9, 0x4e, 0xd1, 0xb3, 0x8f, 0xe9, 0x4e, 0xd1, 0xb2, 0x70,
  0x4e, 0x1e, 0x3c, 0x96, 0xf2, 0xfa, 0x97, 0xa4, 0xb7, 0x97, 0xd4, 0xbd,
  0x5f, 0xce, 0x3f, 0x9d, 0x3a, 0xc6, 0x8e, 0x3f, 0x9d, 0x3a, 0xc6, 0x91,
  0x59, 0xc9, 0x39, 0x41, 0xa0, 0x00, 0x00, 0x00, 0x00, 0x00, 0x00, 0x00,
  0x00, 0x00, 0x00, 0x00, 0x00, 0x00, 0x00, 0x00, 0x00, 0x00, 0x00, 0x00,
  0x00, 0x00, 0x00, 0x00, 0x00, 0x00, 0x00, 0x00, 0x00, 0x00, 0x00, 0x00,
  0x00, 0x00, 0x00, 0x00, 0x00, 0x00, 0x00, 0x00, 0x00, 0x00, 0x00, 0x00,
  0x00, 0x00, 0x00, 0x00, 0x00, 0x00, 0x00, 0x00, 0x00, 0x00, 0x00, 0x00,
  0x00, 0x00, 0x3a, 0xf1, 0x55, 0x45, 0x94, 0x00, 0x00, 0x00, 0x00, 0x00,
  0x00, 0x00, 0x00, 0x00, 0x00, 0x00, 0x00, 0x00, 0x00, 0x00, 0x00, 0x00,
  0x00, 0x00, 0x00, 0x00, 0x00, 0x00, 0x00, 0x00, 0x00, 0x00, 0x00, 0x00,
  0x00, 0x00, 0x00, 0x00, 0x00, 0x00, 0x00, 0x00, 0x00, 0x00, 0x00, 0x00,
  0x00, 0x00, 0x00, 0x00, 0x00, 0x00, 0x00, 0x00, 0x00, 0x00, 0x00, 0x00,
  0x00, 0x00, 0x00, 0x00, 0x0a, 0xed, 0x64, 0xae, 0xd6, 0x49, 0xc1, 0x38,
  0x67, 0x27, 0x8b, 0x75, 0x9d, 0x1c, 0x9e, 0x2d, 0xd6, 0x74, 0xd2, 0xab,
  0x95, 0x82, 0xb9, 0x58, 0x45, 0xa7, 0x24, 0xe5, 0x45, 0xef, 0xee, 0xfd,
  0xad, 0xb2, 0xfe, 0xef, 0xda, 0xdb, 0x00, 0x60, 0x00, 0x00, 0x00, 0x00,
  0x00, 0x00, 0x00, 0x00, 0x00, 0x00, 0x00, 0x00, 0x00, 0x00, 0x00, 0x00,
  0x00, 0x00, 0x00, 0x00, 0x00, 0x00, 0x00, 0x00, 0x00, 0x00, 0x00, 0x00,
  0x00, 0x00, 0x00, 0x00, 0x00, 0x00, 0x00, 0x00, 0x00, 0x00, 0x00, 0x00,
  0x00, 0x00, 0x00, 0x00, 0x00, 0x00, 0x00, 0x00, 0x00, 0x00, 0x00, 0x00,
  0x00, 0x00, 0x00, 0x05, 0x76, 0xb2, 0x57, 0x6b, 0x24, 0xe0, 0x9c, 0x36,
  0xbe, 0xa3, 0xf6, 0x36, 0x57, 0xd4, 0x7e, 0xc6, 0xda, 0x65, 0x72, 0xb0,
  0x57, 0x2b, 0x08, 0x9c, 0xe4, 0x9c, 0xbb, 0xf5, 0x7c, 0xc7, 0xe4, 0x68,
  0xaf, 0x98, 0xfc, 0x8d, 0x00, 0x34, 0x00, 0x00, 0x00, 0x00, 0x00, 0x00,
  0x00, 0x00, 0x00, 0x00, 0x00, 0x00, 0x00, 0x00, 0x00, 0x00, 0x00, 0x00,
  0x00, 0x00, 0x00, 0x00, 0x00, 0x00, 0x00, 0x00, 0x00, 0x00, 0x00, 0x00,
  0x00, 0x00, 0x00, 0x00, 0x00, 0x00, 0x00, 0x00, 0x00, 0x00, 0x00, 0x00,
  0x00, 0x00, 0x00, 0x00, 0x00, 0x00, 0x00, 0x00, 0x00, 0x00, 0x00, 0x00,
  0x00, 0x04, 0x96, 0x92, 0xf9, 0x97, 0x84, 0xb4, 0x97, 0xcc, 0xbc, 0x7a,
  0xe3, 0xfa, 0x53, 0xb4, 0x6c, 0xe3, 0xfa, 0x53, 0xb4, 0x6c, 0x9c, 0x13,
  0x87, 0x8f, 0x25, 0xbc, 0xbe, 0xa5, 0xe9, 0x2d, 0xe5, 0xf5, 0x2f, 0x57,
  0xf3, 0x8f, 0xe7, 0x4e, 0xb1, 0xa3, 0x8f, 0xe7, 0x4e, 0xb1, 0xa4, 0x56,
  0x72, 0x4e, 0x50, 0x68, 0x00, 0x00, 0x00, 0x00, 0x00, 0x00, 0x00, 0x00,
  0x00, 0x00, 0x00, 0x00, 0x00, 0x00, 0x00, 0x00, 0x00, 0x00, 0x00, 0x00,
  0x00, 0x00, 0x00, 0x00, 0x00, 0x00, 0x00, 0x00, 0x00, 0x00, 0x00, 0x00,
  0x00, 0x00, 0x00, 0x00, 0x00, 0x00, 0x00, 0x00, 0x00, 0x00, 0x00, 0x00,
  0x00, 0x00, 0x00, 0x00, 0x00, 0x00, 0x00, 0x00, 0x00, 0x00, 0x00, 0x00,
  0x00, 0x0e, 0xbc, 0x55, 0x51, 0x65, 0x00, 0x00, 0x00, 0x00, 0x00, 0x00,
  0x00, 0x00, 0x00, 0x00, 0x00, 0x00, 0x00, 0x00, 0x00, 0x00, 0x00, 0x00,
  0x00, 0x00, 0x00, 0x00, 0x00, 0x00, 0x00, 0x00, 0x00, 0x00, 0x00, 0x00,
  0x00, 0x00, 0x00, 0x00, 0x00, 0x00, 0x00, 0x00, 0x00, 0x00, 0x00, 0x00,
  0x00, 0x00, 0x00, 0x00, 0x00, 0x00, 0x00, 0x00, 0x00, 0x00, 0x00, 0x00,
  0x00, 0x00, 0x00, 0x02, 0xbb, 0x59, 0x2b, 0xb5, 0x92, 0x70, 0x4e, 0x19,
  0xc9, 0xe2, 0xdd, 0x67, 0x47, 0x27, 0x8b, 0x75, 0x9d, 0x34, 0xaa, 0xe5,
  0x60, 0xae, 0x56, 0x11, 0x69, 0xc9, 0x39, 0x51, 0x7b, 0xfb, 0xbf, 0x6b,
  0x6c, 0xbf, 0xbb, 0xf6, 0xb6, 0xc0, 0x18, 0x00, 0x00, 0x00, 0x00, 0x00,
  0x00, 0x00, 0x00, 0x00, 0x00, 0x00, 0x00, 0x00, 0x00, 0x00, 0x00, 0x00,
  0x00, 0x00, 0x00, 0x00, 0x00, 0x00, 0x00, 0x00, 0x00, 0x00, 0x00, 0x00,
  0x00, 0x00, 0x00, 0x00, 0x00, 0x00, 0x00, 0x00, 0x00, 0x00, 0x00, 0x00,
  0x00, 0x00, 0x00, 0x00, 0x00, 0x00, 0x00, 0x00, 0x00, 0x00, 0x00, 0x00,
  0x00, 0x00, 0x01, 0x5d, 0xac, 0x95, 0xda, 0xc9, 0x38, 0x27, 0x0d, 0xaf,
  0xa8, 0xfd, 0x8d, 0x95, 0xf5, 0x1f, 0xb1, 0xb6, 0x99, 0x5c, 0xac, 0x15,
  0xca, 0xc2, 0x27, 0x39, 0x27, 0x2e, 0xfd, 0x5f, 0x31, 0xf9, 0x1a, 0x2b,
  0xe6, 0x3f, 0x23, 0x40, 0x0d, 0x00, 0x00, 0x00, 0x00, 0x00, 0x00, 0x00,
  0x00, 0x00, 0x00, 0x00, 0x00, 0x00, 0x00, 0x00, 0x00, 0x00, 0x00, 0x00,
  0x00, 0x00, 0x00, 0x00, 0x00, 0x00, 0x00, 0x00, 0x00, 0x00, 0x00, 0x00,
  0x00, 0x00, 0x00, 0x00, 0x00, 0x00, 0x00, 0x00, 0x00, 0x00, 0x00, 0x00,
  0x00, 0x00, 0x00, 0x00, 0x00, 0x00, 0x00, 0x00, 0x00, 0x00, 0x00, 0x00,
  0x01, 0x25, 0xa4, 0xbe, 0x65, 0xe1, 0x2d, 0x25, 0xf3, 0x2f, 0x1e, 0xb8,
  0xfe, 0x94, 0xed, 0x1b, 0x38, 0xfe, 0x94, 0xed, 0x1b, 0x27, 0x04, 0xe1,
  0xe3, 0xc9, 0x6f, 0x2f, 0xa9, 0x7a, 0x4b, 0x79, 0x7d, 0x4b, 0xd5, 0xfc,
  0xe3, 0xf9, 0xd3, 0xac, 0x68, 0xe3, 0xf9, 0xd3, 0xac, 0x69, 0x15, 0x9c,
  0x93, 0x94, 0x1a, 0x00, 0x00, 0x00, 0x00, 0x00, 0x00, 0x00, 0x00, 0x00,
  0x00, 0x00, 0x00, 0x00, 0x00, 0x00, 0x00, 0x00, 0x00, 0x00, 0x00, 0x00,
  0x00, 0x00, 0x00, 0x00, 0x00, 0x00, 0x00, 0x00, 0x00, 0x00, 0x00, 0x00,
  0x00, 0x00, 0x00, 0x00, 0x00, 0x00, 0x00, 0x00, 0x00, 0x00, 0x00, 0x00,
  0x00, 0x00, 0x00, 0x00, 0x00, 0x00, 0x00, 0x00, 0x00, 0x00, 0x00, 0x00,
  0x03, 0xaf, 0x15, 0x54, 0x59, 0x40, 0x00, 0x00, 0x00, 0x00, 0x00, 0x00,
  0x00, 0x00, 0x00, 0x00, 0x00, 0x00, 0x00, 0x00, 0x00, 0x00, 0x00, 0x00,
  0x00, 0x00, 0x00, 0x00, 0x00, 0x00, 0x00, 0x00, 0x00, 0x00, 0x00, 0x00,
  0x00, 0x00, 0x00, 0x00, 0x00, 0x00, 0x00, 0x00, 0x00, 0x00, 0x00, 0x00,
  0x00, 0x00, 0x00, 0x00, 0x00, 0x00, 0x00, 0x00, 0x00, 0x00, 0x00, 0x00,
  0x00, 0x00, 0x00, 0xae, 0xd6, 0x4a, 0xed, 0x64, 0x9c, 0x13, 0x86, 0x72,
  0x78, 0xb7, 0x59, 0xd1, 0xc9, 0xe2, 0xdd, 0x67, 0x4d, 0x2a, 0xb9, 0x58,
  0x2b, 0x95, 0x84, 0x5a, 0x72, 0x4e, 0x54, 0x5e, 0xfe, 0xef, 0xda, 0xdb,
  0x2f, 0xee, 0xfd, 0xad, 0xb0, 0x06, 0x00, 0x00, 0x00, 0x00, 0x00, 0x00,
  0x00, 0x00, 0x00, 0x00, 0x00, 0x00, 0x00, 0x00, 0x00, 0x00, 0x00, 0x00,
  0x00, 0x00, 0x00, 0x00, 0x00, 0x00, 0x00, 0x00, 0x00, 0x00, 0x00, 0x00,
  0x00, 0x00, 0x00, 0x00, 0x00, 0x00, 0x00, 0x00, 0x00, 0x00, 0x00, 0x00,
  0x00, 0x00, 0x00, 0x00, 0x00, 0x00, 0x00, 0x00, 0x00, 0x00, 0x00, 0x00,
  0x00, 0x00, 0x57, 0x6b, 0x25, 0x76, 0xb2, 0x4e, 0x09, 0xc3, 0x6b, 0xea,
  0x3f, 0x63, 0x65, 0x7d, 0x47, 0xec, 0x6d, 0xa6, 0x57, 0x2b, 0x05, 0x72,
  0xb0, 0x89, 0xce, 0x49, 0xcb, 0xbf, 0x57, 0xcc, 0x7e, 0x46, 0x8a, 0xf9,
  0x8f, 0xc8, 0xd0, 0x03, 0x40, 0x00, 0x00, 0x00, 0x00, 0x00, 0x00, 0x00,
  0x00, 0x00, 0x00, 0x00, 0x00, 0x00, 0x00, 0x00, 0x00, 0x00, 0x00, 0x00,
  0x00, 0x00, 0x00, 0x00, 0x00, 0x00, 0x00, 0x00, 0x00, 0x00, 0x00, 0x00,
  0x00, 0x00, 0x00, 0x00, 0x00, 0x00, 0x00, 0x00, 0x00, 0x00, 0x00, 0x00,
  0x00, 0x00, 0x00, 0x00, 0x00, 0x00, 0x00, 0x00, 0x00, 0x00, 0x00, 0x00,
  0x49, 0x69, 0x2f, 0x99, 0x78, 0x4b, 0x49, 0x7c, 0xcb, 0xc7, 0xae, 0x3f,
  0xa5, 0x3b, 0x46, 0xce, 0x3f, 0xa5, 0x3b, 0x46, 0xc9, 0xc1, 0x38, 0x78,
  0xf2, 0x5b, 0xcb, 0xea, 0x5e, 0x92, 0xde, 0x5f, 0x52, 0xf5, 0x7f, 0x38,
  0xfe, 0x74, 0xeb, 0x1a, 0x38, 0xfe, 0x74, 0xeb, 0x1a, 0x45, 0x67, 0x24,
  0xe5, 0x06, 0x80, 0x00, 0x00, 0x00, 0x00, 0x00, 0x00, 0x00, 0x00, 0x00,
  0x00, 0x00, 0x00, 0x00, 0x00, 0x00, 0x00, 0x00, 0x00, 0x00, 0x00, 0x00,
  0x00, 0x00, 0x00, 0x00, 0x00, 0x00, 0x00, 0x00, 0x00, 0x00, 0x00, 0x00,
  0x00, 0x00, 0x00, 0x00, 0x00, 0x00, 0x00, 0x00, 0x00, 0x00, 0x00, 0x00,
  0x00, 0x00, 0x00, 0x00, 0x00, 0x00, 0x00, 0x00, 0x00, 0x00, 0x00, 0x00,
  0xeb, 0xc5, 0x55, 0x16, 0x50, 0x00, 0x00, 0x00, 0x00, 0x00, 0x00, 0x00,
  0x00, 0x00, 0x00, 0x00, 0x00, 0x00, 0x00, 0x00, 0x00, 0x00, 0x00, 0x00,
  0x00, 0x00, 0x00, 0x00, 0x00, 0x00, 0x00, 0x00, 0x00, 0x00, 0x00, 0x00,
  0x00, 0x00, 0x00, 0x00, 0x00, 0x00, 0x00, 0x00, 0x00, 0x00, 0x00, 0x00,
  0x00, 0x00, 0x00, 0x00, 0x00, 0x00, 0x00, 0x00, 0x00, 0x00, 0x00, 0x00,
  0x00, 0x00, 0x2b, 0xb5, 0x92, 0xbb, 0x59, 0x27, 0x04, 0xe1, 0x9c, 0x9e,
  0x2d, 0xd6, 0x74, 0x72, 0x78, 0xb7, 0x59, 0xd3, 0x4a, 0xae, 0x56, 0x0a,
  0xe5, 0x61, 0x16, 0x9c, 0x93, 0x95, 0x17, 0xbf, 0xbb, 0xf6, 0xb6, 0xcb,
  0xfb, 0xbf, 0x6b, 0x6c, 0x01, 0x80, 0x00, 0x00, 0x00, 0x00, 0x00, 0x00,
  0x00, 0x00, 0x00, 0x00, 0x00, 0x00, 0x00, 0x00, 0x00, 0x00, 0x00, 0x00,
  0x00, 0x00, 0x00, 0x00, 0x00, 0x00, 0x00, 0x00, 0x00, 0x00, 0x00, 0x00,
  0x00, 0x00, 0x00, 0x00, 0x00, 0x00, 0x00, 0x00, 0x00, 0x00, 0x00, 0x00,
  0x00, 0x00, 0x00, 0x00, 0x00, 0x00, 0x00, 0x00, 0x00, 0x00, 0x00, 0x00,
  0x00, 0x15, 0xda, 0xc9, 0x5d, 0xac, 0x93, 0x82, 0x70, 0xda, 0xfa, 0x8f,
  0xd8, 0xd9, 0x5f, 0x51, 0xfb, 0x1b, 0x69, 0x95, 0xca, 0xc1, 0x5c, 0xac,
  0x22, 0x73, 0x92, 0x72, 0xef, 0xd5, 0xf3, 0x1f, 0x91, 0xa2, 0xbe, 0x63,
  0xf2, 0x34, 0x00, 0xd0, 0x00, 0x00, 0x00, 0x00, 0x00, 0x00, 0x00, 0x00,
  0x00, 0x00, 0x00, 0x00, 0x00, 0x00, 0x00, 0x00, 0x00, 0x00, 0x00, 0x00,
  0x00, 0x00, 0x00, 0x00, 0x00, 0x00, 0x00, 0x00, 0x00, 0x00, 0x00, 0x00,
  0x00, 0x00, 0x00, 0x00, 0x00, 0x00, 0x00, 0x00, 0x00, 0x00, 0x00, 0x00,
  0x00, 0x00, 0x00, 0x00, 0x00, 0x00, 0x00, 0x00, 0x00, 0x00, 0x00, 0x12,
  0x5a, 0x4b, 0xe6, 0x5e, 0x12, 0xd2, 0x5f, 0x32, 0xf1, 0xeb, 0x8f, 0xe9,
  0x4e, 0xd1, 0xb3, 0x8f, 0xe9, 0x4e, 0xd1, 0xb2, 0x70, 0x4e, 0x1e, 0x3c,
  0x96, 0xf2, 0xfa, 0x97, 0xa4, 0xb7, 0x97, 0xd4, 0xbd, 0x5f, 0xce, 0x3f,
  0x9d, 0x3a, 0xc6, 0x8e, 0x3f, 0x9d, 0x3a, 0xc6, 0x91, 0x59, 0xc9, 0x39,
  0x41, 0xa0, 0x00, 0x00, 0x00, 0x00, 0x00, 0x00, 0x00, 0x00, 0x00, 0x00,
  0x00, 0x00, 0x00, 0x00, 0x00, 0x00, 0x00, 0x00, 0x00, 0x00, 0x00, 0x00,
  0x00, 0x00, 0x00, 0x00, 0x00, 0x00, 0x00, 0x00, 0x00, 0x00, 0x00, 0x00,
  0x00, 0x00, 0x00, 0x00, 0x00, 0x00, 0x00, 0x00, 0x00, 0x00, 0x00, 0x00,
  0x00, 0x00, 0x00, 0x00, 0x00, 0x00, 0x00, 0x00, 0x00, 0x00, 0x00, 0x3a,
  0xf1, 0x55, 0x45, 0x94, 0x00, 0x00, 0x00, 0x00, 0x00, 0x00, 0x00, 0x00,
  0x00, 0x00, 0x00, 0x00, 0x00, 0x00, 0x00, 0x00, 0x00, 0x00, 0x00, 0x00,
  0x00, 0x00, 0x00, 0x00, 0x00, 0x00, 0x00, 0x00, 0x00, 0x00, 0x00, 0x00,
  0x00, 0x00, 0x00, 0x00, 0x00, 0x00, 0x00, 0x00, 0x00, 0x00, 0x00, 0x00,
  0x00, 0x00, 0x00, 0x00, 0x00, 0x00, 0x00, 0x00, 0x00, 0x00, 0x00, 0x00,
  0x00, 0x0a, 0xed, 0x64, 0xae, 0xd6, 0x49, 0xc1, 0x38, 0x67, 0x27, 0x8b,
  0x75, 0x9d, 0x1c, 0x9e, 0x2d, 0xd6, 0x74, 0xd2, 0xab, 0x95, 0x82, 0xb9,
  0x58, 0x45, 0xa7, 0x24, 0xe5, 0x45, 0xef, 0xee, 0xfd, 0xad, 0xb2, 0xfe,
  0xef, 0xda, 0xdb, 0x00, 0x60, 0x00, 0x00, 0x00, 0x00, 0x00, 0x00, 0x00,
  0x00, 0x00, 0x00, 0x00, 0x00, 0x00, 0x00, 0x00, 0x00, 0x00, 0x00, 0x00,
  0x00, 0x00, 0x00, 0x00, 0x00, 0x00, 0x00, 0x00, 0x00, 0x00, 0x00, 0x00,
  0x00, 0x00, 0x00, 0x00, 0x00, 0x00, 0x00, 0x00, 0x00, 0x00, 0x00, 0x00,
  0x00, 0x00, 0x00, 0x00, 0x00, 0x00, 0x00, 0x00, 0x00, 0x00, 0x00, 0x00,
  0x05, 0x76, 0xb2, 0x57, 0x6b, 0x24, 0xe0, 0x9c, 0x36, 0xbe, 0xa3, 0xf6,
  0x36, 0x57, 0xd4, 0x7e, 0xc6, 0xda, 0x65, 0x72, 0xb0, 0x57, 0x2b, 0x08,
  0x9c, 0xe4, 0x9c, 0xbb, 0xf5, 0x7c, 0xc7, 0xe4, 0x68, 0xaf, 0x98, 0xfc,
  0x8d, 0x00, 0x34, 0x00, 0x00, 0x00, 0x00, 0x00, 0x00, 0x00, 0x00, 0x00,
  0x00, 0x00, 0x00, 0x00, 0x00, 0x00, 0x00, 0x00, 0x00, 0x00, 0x00, 0x00,
  0x00, 0x00, 0x00, 0x00, 0x00, 0x00, 0x00, 0x00, 0x00, 0x00, 0x00, 0x00,
  0x00, 0x00, 0x00, 0x00, 0x00, 0x00, 0x00, 0x00, 0x00, 0x00, 0x00, 0x00,
  0x00, 0x00, 0x00, 0x00, 0x00, 0x00, 0x00, 0x00, 0x00, 0x00, 0x04, 0x96,
  0x92, 0xf9, 0x97, 0x84, 0xb4, 0x97, 0xcc, 0xbc, 0x7a, 0xe3, 0xfa, 0x53,
  0xb4, 0x6c, 0xe3, 0xfa, 0x53, 0xb4, 0x6c, 0x9c, 0x13, 0x87, 0x8f, 0x25,
  0xbc, 0xbe, 0xa5, 0xe9, 0x2d, 0xe5, 0xf5, 0x2f, 0x57, 0xf3, 0x8f, 0xe7,
  0x4e, 0xb1, 0xa3, 0x8f, 0xe7, 0x4e, 0xb1, 0xa4, 0x56, 0x72, 0x4e, 0x50,
  0x68, 0x00, 0x00, 0x00, 0x00, 0x00, 0x00, 0x00, 0x00, 0x00, 0x00, 0x00,
  0x00, 0x00, 0x00, 0x00, 0x00, 0x00, 0x00, 0x00, 0x00, 0x00, 0x00, 0x00,
  0x00, 0x00, 0x00, 0x00, 0x00, 0x00, 0x00, 0x00, 0x00, 0x00, 0x00, 0x00,
  0x00, 0x00, 0x00, 0x00, 0x00, 0x00, 0x00, 0x00, 0x00, 0x00, 0x00, 0x00,
  0x00, 0x00, 0x00, 0x00, 0x00, 0x00, 0x00, 0x00, 0x00, 0x00, 0x0e, 0xbc,
  0x55, 0x51, 0x65, 0x00, 0x00, 0x00, 0x00, 0x00, 0x00, 0x00, 0x00, 0x00,
  0x00, 0x00, 0x00, 0x00, 0x00, 0x00, 0x00, 0x00, 0x00, 0x00, 0x00, 0x00,
  0x00, 0x00, 0x00, 0x00, 0x00, 0x00, 0x00, 0x00, 0x00, 0x00, 0x00, 0x00,
  0x00, 0x00, 0x00, 0x00, 0x00, 0x00, 0x00, 0x00, 0x00, 0x00, 0x00, 0x00,
  0x00, 0x00, 0x00, 0x00, 0x00, 0x00, 0x00, 0x00, 0x00, 0x00, 0x00, 0x00,
  0x02, 0xbb, 0x59, 0x2b, 0xb5, 0x92, 0x70, 0x4e, 0x19, 0xc9, 0xe2, 0xdd,
  0x67, 0x47, 0x27, 0x8b, 0x75, 0x9d, 0x34, 0xaa, 0xe5, 0x60, 0xae, 0x56,
  0x11, 0x69, 0xc9, 0x39, 0x51, 0x7b, 0xfb, 0xbf, 0x6b, 0x6c, 0xbf, 0xbb,
  0xf6, 0xb6, 0xc0, 0x18, 0x00, 0x00, 0x00, 0x00, 0x00, 0x00, 0x00, 0x00,
  0x00, 0x00, 0x00, 0x00, 0x00, 0x00, 0x00, 0x00, 0x00, 0x00, 0x00, 0x00,
  0x00, 0x00, 0x00, 0x00, 0x00, 0x00, 0x00, 0x00, 0x00, 0x00, 0x00, 0x00,
  0x00, 0x00, 0x00, 0x00, 0x00, 0x00, 0x00, 0x00, 0x00, 0x00, 0x00, 0x00,
  0x00, 0x00, 0x00, 0x00, 0x00, 0x00, 0x00, 0x00, 0x00, 0x00, 0x00, 0x01,
  0x5d, 0xac, 0x95, 0xda, 0xc9, 0x38, 0x27, 0x0d, 0xaf, 0xa8, 0xfd, 0x8d,
  0x95, 0xf5, 0x1f, 0xb1, 0xb6, 0x99, 0x5c, 0xac, 0x15, 0xca, 0xc2, 0x27,
  0x39, 0x27, 0x2e, 0xfd, 0x5f, 0x31, 0xf9, 0x1a, 0x2b, 0xe6, 0x3f, 0x23,
  0x40, 0x0d, 0x00, 0x00, 0x00, 0x00, 0x00, 0x00, 0x00, 0x00, 0x00, 0x00,
  0x00, 0x00, 0x00, 0x00, 0x00, 0x00, 0x00, 0x00, 0x00, 0x00, 0x00, 0x00,
  0x00, 0x00, 0x00, 0x00, 0x00, 0x00, 0x00, 0x00, 0x00, 0x00, 0x00, 0x00,
  0x00, 0x00, 0x00, 0x00, 0x00, 0x00, 0x00, 0x00, 0x00, 0x00, 0x00, 0x00,
  0x00, 0x00, 0x00, 0x00, 0x00, 0x00, 0x00, 0x00, 0x00, 0x01, 0x25, 0xa4,
  0xbe, 0x65, 0xe1, 0x2d, 0x25, 0xf3, 0x2f, 0x1e, 0xb8, 0xfe, 0x94, 0xed,
  0x1b, 0x38, 0xfe, 0x94, 0xed, 0x1b, 0x27, 0x04, 0xe1, 0xe3, 0xc9, 0x6f,
  0x2f, 0xa9, 0x7a, 0x4b, 0x79, 0x7d, 0x4b, 0xd5, 0xfc, 0xe3, 0xf9, 0xd3,
  0xac, 0x68, 0xe3, 0xf9, 0xd3, 0xac, 0x69, 0x15, 0x9c, 0x93, 0x94, 0x1a,
  0x00, 0x00, 0x00, 0x00, 0x00, 0x00, 0x00, 0x00, 0x00, 0x00, 0x00, 0x00,
  0x00, 0x00, 0x00, 0x00, 0x00, 0x00, 0x00, 0x00, 0x00, 0x00, 0x00, 0x00,
  0x00, 0x00, 0x00, 0x00, 0x00, 0x00, 0x00, 0x00, 0x00, 0x00, 0x00, 0x00,
  0x00, 0x00, 0x00, 0x00, 0x00, 0x00, 0x00, 0x00, 0x00, 0x00, 0x00, 0x00,
  0x00, 0x00, 0x00, 0x00, 0x00, 0x00, 0x00, 0x00, 0x00, 0x03, 0xaf, 0x15,
  0x54, 0x59, 0x40, 0x00, 0x00, 0x00, 0x00, 0x00, 0x00, 0x00, 0x00, 0x00,
  0x00, 0x00, 0x00, 0x00, 0x00, 0x00, 0x00, 0x00, 0x00, 0x00, 0x00, 0x00,
  0x00, 0x00, 0x00, 0x00, 0x00, 0x00, 0x00, 0x00, 0x00, 0x00, 0x00, 0x00,
  0x00, 0x00, 0x00, 0x00, 0x00, 0x00, 0x00, 0x00, 0x00, 0x00, 0x00, 0x00,
  0x00, 0x00, 0x00, 0x00, 0x00, 0x00, 0x00, 0x00, 0x00, 0x00, 0x00, 0x00,
  0xae, 0xd6, 0x4a, 0xed, 0x64, 0x9c, 0x13, 0x86, 0x72, 0x78, 0xb7, 0x59,
  0xd1, 0xc9, 0xe2, 0xdd, 0x67, 0x4d, 0x2a, 0xb9, 0x58, 0x2b, 0x95, 0x84,
  0x5a, 0x72, 0x4e, 0x54, 0x5e, 0xfe, 0xef, 0xda, 0xdb, 0x2f, 0xee, 0xfd,
  0xad, 0xb0, 0x06, 0x00, 0x00, 0x00, 0x00, 0x00, 0x00, 0x00, 0x00, 0x00,
  0x00, 0x00, 0x00, 0x00, 0x00, 0x00, 0x00, 0x00, 0x00, 0x00, 0x00, 0x00,
  0x00, 0x00, 0x00, 0x00, 0x00, 0x00, 0x00, 0x00, 0x00, 0x00, 0x00, 0x00,
  0x00, 0x00, 0x00, 0x00, 0x00, 0x00, 0x00, 0x00, 0x00, 0x00, 0x00, 0x00,
  0x00, 0x00, 0x00, 0x00, 0x00, 0x00, 0x00, 0x00, 0x00, 0x00, 0x00, 0x57,
  0x6b, 0x25, 0x76, 0xb2, 0x4e, 0x09, 0xc3, 0x6b, 0xea, 0x3f, 0x63, 0x65,
  0x7d, 0x47, 0xec, 0x6d, 0xa6, 0x57, 0x2b, 0x05, 0x72, 0xb0, 0x89, 0xce,
  0x49, 0xcb, 0xbf, 0x57, 0xcc, 0x7e, 0x46, 0x8a, 0xf9, 0x8f, 0xc8, 0xd0,
  0x03, 0x40, 0x00, 0x00, 0x00, 0x00, 0x00, 0x00, 0x00, 0x00, 0x00, 0x00,
  0x00, 0x00, 0x00, 0x00, 0x00, 0x00, 0x00, 0x00, 0x00, 0x00, 0x00, 0x00,
  0x00, 0x00, 0x00, 0x00, 0x00, 0x00, 0x00, 0x00, 0x00, 0x00, 0x00, 0x00,
  0x00, 0x00, 0x00, 0x00, 0x00, 0x00, 0x00, 0x00, 0x00, 0x00, 0x00, 0x00,
  0x00, 0x00, 0x00, 0x00, 0x00, 0x00, 0x00, 0x00, 0x00, 0x49, 0x69, 0x2f,
  0x99, 0x78, 0x4b, 0x49, 0x7c, 0xcb, 0xc7, 0xae, 0x3f, 0xa5, 0x3b, 0x46,
  0xce, 0x3f, 0xa5, 0x3b, 0x46, 0xc9, 0xc1, 0x38, 0x78, 0xf2, 0x5b, 0xcb,
  0xea, 0x5e, 0x92, 0xde, 0x5f, 0x52, 0xf5, 0x7f, 0x38, 0xfe, 0x74, 0xeb,
  0x1a, 0x38, 0xfe, 0x74, 0xeb, 0x1a, 0x45, 0x67, 0x24, 0xe5, 0x06, 0x80,
  0x00, 0x00, 0x00, 0x00, 0x00, 0x00, 0x00, 0x00, 0x00, 0x00, 0x00, 0x00,
  0x00, 0x00, 0x00, 0x00, 0x00, 0x00, 0x00, 0x00, 0x00, 0x00, 0x00, 0x00,
  0x00, 0x00, 0x00, 0x00, 0x00, 0x00, 0x00, 0x00, 0x00, 0x00, 0x00, 0x00,
  0x00, 0x00, 0x00, 0x00, 0x00, 0x00, 0x00, 0x00, 0x00, 0x00, 0x00, 0x00,
  0x00, 0x00, 0x00, 0x00, 0x00, 0x00, 0x00, 0x00, 0x00, 0xeb, 0xc5, 0x55,
  0x16, 0x50, 0x00, 0x00, 0x00, 0x00, 0x00, 0x00, 0x00, 0x00, 0x00, 0x00,
  0x00, 0x00, 0x00, 0x00, 0x00, 0x00, 0x00, 0x00, 0x00, 0x00, 0x00, 0x00,
  0x00, 0x00, 0x00, 0x00, 0x00, 0x00, 0x00, 0x00, 0x00, 0x00, 0x00, 0x00,
  0x00, 0x00, 0x00, 0x00, 0x00, 0x00, 0x00, 0x00, 0x00, 0x00, 0x00, 0x00,
  0x00, 0x00, 0x00, 0x00, 0x00, 0x00, 0x00, 0x00, 0x00, 0x00, 0x00, 0x2b,
  0xb5, 0x92, 0xbb, 0x59, 0x27, 0x04, 0xe1, 0x9c, 0x9e, 0x2d, 0xd6, 0x74,
  0x72, 0x78, 0xb7, 0x59, 0xd3, 0x4a, 0xae, 0x56, 0x0a, 0xe5, 0x61, 0x16,
  0x9c, 0x93, 0x95, 0x17, 0xbf, 0xbb, 0xf6, 0xb6, 0xcb, 0xfb, 0xbf, 0x6b,
  0x6c, 0x01, 0x80, 0x00, 0x00, 0x00, 0x00, 0x00, 0x00, 0x00, 0x00, 0x00,
  0x00, 0x00, 0x00, 0x00, 0x00, 0x00, 0x00, 0x00, 0x00, 0x00, 0x00, 0x00,
  0x00, 0x00, 0x00, 0x00, 0x00, 0x00, 0x00, 0x00, 0x00, 0x00, 0x00, 0x00,
  0x00, 0x00, 0x00, 0x00, 0x00, 0x00, 0x00, 0x00, 0x00, 0x00, 0x00, 0x00,
  0x00, 0x00, 0x00, 0x00, 0x00, 0x00, 0x00, 0x00, 0x00, 0x00, 0x15, 0xda,
  0xc9, 0x5d, 0xac, 0x93, 0x82, 0x70, 0xda, 0xfa, 0x8f, 0xd8, 0xd9, 0x5f,
  0x51, 0xfb, 0x1b, 0x69, 0x95, 0xca, 0xc1, 0x5c, 0xac, 0x22, 0x73, 0x92,
  0x72, 0xef, 0xd5, 0xf3, 0x1f, 0x91, 0xa2, 0xbe, 0x63, 0xf2, 0x34, 0x00,
  0xd0, 0x00, 0x00, 0x00, 0x00, 0x00, 0x00, 0x00, 0x00, 0x00, 0x00, 0x00,
  0x00, 0x00, 0x00, 0x00, 0x00, 0x00, 0x00, 0x00, 0x00, 0x00, 0x00, 0x00,
  0x00, 0x00, 0x00, 0x00, 0x00, 0x00, 0x00, 0x00, 0x00, 0x00, 0x00, 0x00,
  0x00, 0x00, 0x00, 0x00, 0x00, 0x00, 0x00, 0x00, 0x00, 0x00, 0x00, 0x00,
  0x00, 0x00, 0x00, 0x00, 0x00, 0x00, 0x00, 0x00, 0x12, 0x5a, 0x4b, 0xe6,
  0x5e, 0x12, 0xd2, 0x5f, 0x32, 0xf1, 0xeb, 0x8f, 0xe9, 0x4e, 0xd1, 0xb3,
  0x8f, 0xe9, 0x4e, 0xd1, 0xb2, 0x70, 0x4e, 0x1e, 0x3c, 0x96, 0xf2, 0xfa,
  0x97, 0xa4, 0xb7, 0x97, 0xd4, 0xbd, 0x5f, 0xce, 0x3f, 0x9d, 0x3a, 0xc6,
  0x8e, 0x3f, 0x9d, 0x3a, 0xc6, 0x91, 0x59, 0xc9, 0x39, 0x41, 0xa0, 0x00,
  0x00, 0x00, 0x00, 0x00, 0x00, 0x00, 0x00, 0x00, 0x00, 0x00, 0x00, 0x00,
  0x00, 0x00, 0x00, 0x00, 0x00, 0x00, 0x00, 0x00, 0x00, 0x00, 0x00, 0x00,
  0x00, 0x00, 0x00, 0x00, 0x00, 0x00, 0x00, 0x00, 0x00, 0x00, 0x00, 0x00,
  0x00, 0x00, 0x00, 0x00, 0x00, 0x00, 0x00, 0x00, 0x00, 0x00, 0x00, 0x00,
  0x00, 0x00, 0x00, 0x00, 0x00, 0x00, 0x00, 0x00, 0x3a, 0xf1, 0x55, 0x45,
  0x94, 0x00, 0x00, 0x00, 0x00, 0x00, 0x00, 0x00, 0x00, 0x00, 0x00, 0x00,
  0x00, 0x00, 0x00, 0x00, 0x00, 0x00, 0x00, 0x00, 0x00, 0x00, 0x00, 0x00,
  0x00, 0x00, 0x00, 0x00, 0x00, 0x00, 0x00, 0x00, 0x00, 0x00, 0x00, 0x00,
  0x00, 0x00, 0x00, 0x00, 0x00, 0x00, 0x00, 0x00, 0x00, 0x00, 0x00, 0x00,
  0x00, 0x00, 0x00, 0x00, 0x00, 0x00, 0x00, 0x00, 0x00, 0x00, 0x0a, 0xed,
  0x64, 0xae, 0xd6, 0x49, 0xc1, 0x38, 0x67, 0x27, 0x8b, 0x75, 0x9d, 0x1c,
  0x9e, 0x2d, 0xd6, 0x74, 0xd2, 0xab, 0x95, 0x82, 0xb9, 0x58, 0x45, 0xa7,
  0x24, 0xe5, 0x45, 0xef, 0xee, 0xfd, 0xad, 0xb2, 0xfe, 0xef, 0xda, 0xdb,
  0x00, 0x60, 0x00, 0x00, 0x00, 0x00, 0x00, 0x00, 0x00, 0x00, 0x00, 0x00,
  0x00, 0x00, 0x00, 0x00, 0x00, 0x00, 0x00, 0x00, 0x00, 0x00, 0x00, 0x00,
  0x00, 0x00, 0x00, 0x00, 0x00, 0x00, 0x00, 0x00, 0x00, 0x00, 0x00, 0x00,
  0x00, 0x00, 0x00, 0x00, 0x00, 0x00, 0x00, 0x00, 0x00, 0x00, 0x00, 0x00,
  0x00, 0x00, 0x00, 0x00, 0x00, 0x00, 0x00, 0x00, 0x00, 0x05, 0x76, 0xb2,
  0x57, 0x6b, 0x24, 0xe0, 0x9c, 0x36, 0xbe, 0xa3, 0xf6, 0x36, 0x57, 0xd4,
  0x7e, 0xc6, 0xda, 0x65, 0x72, 0xb0, 0x57, 0x2b, 0x08, 0x9c, 0xe4, 0x9c,
  0xbb, 0xf5, 0x7c, 0xc7, 0xe4, 0x68, 0xaf, 0x98, 0xfc, 0x8d, 0x00, 0x34,
  0x00, 0x00, 0x00, 0x00, 0x00, 0x00, 0x00, 0x00, 0x00, 0x00, 0x00, 0x00,
  0x00, 0x00, 0x00, 0x00, 0x00, 0x00, 0x00, 0x00, 0x00, 0x00, 0x00, 0x00,
  0x00, 0x00, 0x00, 0x00, 0x00, 0x00, 0x00, 0x00, 0x00, 0x00, 0x00, 0x00,
  0x00, 0x00, 0x00, 0x00, 0x00, 0x00, 0x00, 0x00, 0x00, 0x00, 0x00, 0x00,
  0x00, 0x00, 0x00, 0x00, 0x00, 0x00, 0x00, 0x04, 0x96, 0x92, 0xf9, 0x97,
  0x84, 0xb4, 0x97, 0xcc, 0xbc, 0x7a, 0xe3, 0xfa, 0x53, 0xb4, 0x6c, 0xe3,
  0xfa, 0x53, 0xb4, 0x6c, 0x9c, 0x13, 0x87, 0x8f, 0x25, 0xbc, 0xbe, 0xa5,
  0xe9, 0x2d, 0xe5, 0xf5, 0x2f, 0x57, 0xf3, 0x8f, 0xe7, 0x4e, 0xb1, 0xa3,
  0x8f, 0xe7, 0x4e, 0xb1, 0xa4, 0x56, 0x72, 0x4e, 0x50, 0x68, 0x00, 0x00,
  0x00, 0x00, 0x00, 0x00, 0x00, 0x00, 0x00, 0x00, 0x00, 0x00, 0x00, 0x00,
  0x00, 0x00, 0x00, 0x00, 0x00, 0x00, 0x00, 0x00, 0x00, 0x00, 0x00, 0x00,
  0x00, 0x00, 0x00, 0x00, 0x00, 0x00, 0x00, 0x00, 0x00, 0x00, 0x00, 0x00,
  0x00, 0x00, 0x00, 0x00, 0x00, 0x00, 0x00, 0x00, 0x00, 0x00, 0x00, 0x00,
  0x00, 0x00, 0x00, 0x00, 0x00, 0x00, 0x00, 0x0e, 0xbc, 0x55, 0x51, 0x65,
  0x00, 0x00, 0x00, 0x00, 0x00, 0x00, 0x00, 0x00, 0x00, 0x00, 0x00, 0x00,
  0x00, 0x00, 0x00, 0x00, 0x00, 0x00, 0x00, 0x00, 0x00, 0x00, 0x00, 0x00,
  0x00, 0x00, 0x00, 0x00, 0x00, 0x00, 0x00, 0x00, 0x00, 0x00, 0x00, 0x00,
  0x00, 0x00, 0x00, 0x00, 0x00, 0x00, 0x00, 0x00, 0x00, 0x00, 0x00, 0x00,
  0x00, 0x00, 0x00, 0x00, 0x00, 0x00, 0x00, 0x00, 0x00, 0x02, 0xbb, 0x59,
  0x2b, 0xb5, 0x92, 0x70, 0x4e, 0x19, 0xc9, 0xe2, 0xdd, 0x67, 0x47, 0x27,
  0x8b, 0x75, 0x9d, 0x34, 0xaa, 0xe5, 0x60, 0xae, 0x56, 0x11, 0x69, 0xc9,
  0x39, 0x51, 0x7b, 0xfb, 0xbf, 0x6b, 0x6c, 0xbf, 0xbb, 0xf6, 0xb6, 0xc0,
  0x18, 0x00, 0x00, 0x00, 0x00, 0x00, 0x00, 0x00, 0x00, 0x00, 0x00, 0x00,
  0x00, 0x00, 0x00, 0x00, 0x00, 0x00, 0x00, 0x00, 0x00, 0x00, 0x00, 0x00,
  0x00, 0x00, 0x00, 0x00, 0x00, 0x00, 0x00, 0x00, 0x00, 0x00, 0x00, 0x00,
  0x00, 0x00, 0x00, 0x00, 0x00, 0x00, 0x00, 0x00, 0x00, 0x00, 0x00, 0x00,
  0x00, 0x00, 0x00, 0x00, 0x00, 0x00, 0x00, 0x00, 0x01, 0x5d, 0xac, 0x95,
  0xda, 0xc9, 0x38, 0x27, 0x0d, 0xaf, 0xa8, 0xfd, 0x8d, 0x95, 0xf5, 0x1f,
  0xb1, 0xb6, 0x99, 0x5c, 0xac, 0x15, 0xca, 0xc2, 0x27, 0x39, 0x27, 0x2e,
  0xfd, 0x5f, 0x31, 0xf9, 0x1a, 0x2b, 0xe6, 0x3f, 0x23, 0x40, 0x0d, 0x00,
  0x00, 0x00, 0x00, 0x00, 0x00, 0x00, 0x00, 0x00, 0x00, 0x00, 0x00, 0x00,
  0x00, 0x00, 0x00, 0x00, 0x00, 0x00, 0x00, 0x00, 0x00, 0x00, 0x00, 0x00,
  0x00, 0x00, 0x00, 0x00, 0x00, 0x00, 0x00, 0x00, 0x00, 0x00, 0x00, 0x00,
  0x00, 0x00, 0x00, 0x00, 0x00, 0x00, 0x00, 0x00, 0x00, 0x00, 0x00, 0x00,
  0x00, 0x00, 0x00, 0x00, 0x00, 0x00, 0x01, 0x25, 0xa4, 0xbe, 0x65, 0xe1,
  0x2d, 0x25, 0xf3, 0x2f, 0x1e, 0xb8, 0xfe, 0x94, 0xed, 0x1b, 0x38, 0xfe,
  0x94, 0xed, 0x1b, 0x27, 0x04, 0xe1, 0xe3, 0xc9, 0x6f, 0x2f, 0xa9, 0x7a,
  0x4b, 0x79, 0x7d, 0x4b, 0xd5, 0xfc, 0xe3, 0xf9, 0xd3, 0xac, 0x68, 0xe3,
  0xf9, 0xd3, 0xac, 0x69, 0x15, 0x9c, 0x93, 0x94, 0x1a, 0x00, 0x00, 0x00,
  0x00, 0x00, 0x00, 0x00, 0x00, 0x00, 0x00, 0x00, 0x00, 0x00, 0x00, 0x00,
  0x00, 0x00, 0x00, 0x00, 0x00, 0x00, 0x00, 0x00, 0x00, 0x00, 0x00, 0x00,
  0x00, 0x00, 0x00, 0x00, 0x00, 0x00, 0x00, 0x00, 0x00, 0x00, 0x00, 0x00,
  0x00, 0x00, 0x00, 0x00, 0x00, 0x00, 0x00, 0x00, 0x00, 0x00, 0x00, 0x00,
  0x00, 0x00, 0x00, 0x00, 0x00, 0x00, 0x03, 0xaf, 0x15, 0x54, 0x59, 0x40,
  0x00, 0x00, 0x00, 0x00, 0x00, 0x00, 0x00, 0x00, 0x00, 0x00, 0x00, 0x00,
  0x00, 0x00, 0x00, 0x00, 0x00, 0x00, 0x00, 0x00, 0x00, 0x00, 0x00, 0x00,
  0x00, 0x00, 0x00, 0x00, 0x00, 0x00, 0x00, 0x00, 0x00, 0x00, 0x00, 0x00,
  0x00, 0x00, 0x00, 0x00, 0x00, 0x00, 0x00, 0x00, 0x00, 0x00, 0x00, 0x00,
  0x00, 0x00, 0x00, 0x00, 0x00, 0x00, 0x00, 0x00, 0x00, 0xae, 0xd6, 0x4a,
  0xed, 0x64, 0x9c, 0x13, 0x86, 0x72, 0x78, 0xb7, 0x59, 0xd1, 0xc9, 0xe2,
  0xdd, 0x67, 0x4d, 0x2a, 0xb9, 0x58, 0x2b, 0x95, 0x84, 0x5a, 0x72, 0x4e,
  0x54, 0x5e, 0xfe, 0xef, 0xda, 0xdb, 0x2f, 0xee, 0xfd, 0xad, 0xb0, 0x06,
  0x00, 0x00, 0x00, 0x00, 0x00, 0x00, 0x00, 0x00, 0x00, 0x00, 0x00, 0x00,
  0x00, 0x00, 0x00, 0x00, 0x00, 0x00, 0x00, 0x00, 0x00, 0x00, 0x00, 0x00,
  0x00, 0x00, 0x00, 0x00, 0x00, 0x00, 0x00, 0x00, 0x00, 0x00, 0x00, 0x00,
  0x00, 0x00, 0x00, 0x00, 0x00, 0x00, 0x00, 0x00, 0x00, 0x00, 0x00, 0x00,
  0x00, 0x00, 0x00, 0x00, 0x00, 0x00, 0x00, 0x00, 0x57, 0x6b, 0x25, 0x76,
  0xb2, 0x4e, 0x09, 0xc3, 0x6b, 0xea, 0x3f, 0x63, 0x65, 0x7d, 0x47, 0xec,
  0x6d, 0xa6, 0x57, 0x2b, 0x05, 0x72, 0xb0, 0x89, 0xce, 0x49, 0xcb, 0xbf,
  0x57, 0xcc, 0x7e, 0x46, 0x8a, 0xf9, 0x8f, 0xc8, 0xd0, 0x03, 0x40, 0x00,
  0x00, 0x00, 0x00, 0x00, 0x00, 0x00, 0x00, 0x00, 0x00, 0x00, 0x00, 0x00,
  0x00, 0x00, 0x00, 0x00, 0x00, 0x00, 0x00, 0x00, 0x00, 0x00, 0x00, 0x00,
  0x00, 0x00, 0x00, 0x00, 0x00, 0x00, 0x00, 0x00, 0x00, 0x00, 0x00, 0x00,
  0x00, 0x00, 0x00, 0x00, 0x00, 0x00, 0x00, 0x00, 0x00, 0x00, 0x00, 0x00,
  0x00, 0x00, 0x00, 0x00, 0x00, 0x00, 0x49, 0x69, 0x2f, 0x99, 0x78, 0x4b,
  0x49, 0x7c, 0xcb, 0xc7, 0xae, 0x3f, 0xa5, 0x3b, 0x46, 0xce, 0x3f, 0xa5,
  0x3b, 0x46, 0xc9, 0xc1, 0x38, 0x78, 0xf2, 0x5b, 0xcb, 0xea, 0x5e, 0x92,
  0xde, 0x5f, 0x52, 0xf5, 0x7f, 0x38, 0xfe, 0x74, 0xeb, 0x1a, 0x38, 0xfe,
  0x74, 0xeb, 0x1a, 0x45, 0x67, 0x24, 0xe5, 0x06, 0x80, 0x00, 0x00, 0x00,
  0x00, 0x00, 0x00, 0x00, 0x00, 0x00, 0x00, 0x00, 0x00, 0x00, 0x00, 0x00,
  0x00, 0x00, 0x00, 0x00, 0x00, 0x00, 0x00, 0x00, 0x00, 0x00, 0x00, 0x00,
  0x00, 0x00, 0x00, 0x00, 0x00, 0x00, 0x00, 0x00, 0x00, 0x00, 0x00, 0x00,
  0x00, 0x00, 0x00, 0x00, 0x00, 0x00, 0x00, 0x00, 0x00, 0x00, 0x00, 0x00,
  0x00, 0x00, 0x00, 0x00, 0x00, 0x00, 0xeb, 0xc5, 0x55, 0x16, 0x50, 0x00,
  0x00, 0x00, 0x00, 0x00, 0x00, 0x00, 0x00, 0x00, 0x00, 0x00, 0x00, 0x00,
  0x00, 0x00, 0x00, 0x00, 0x00, 0x00, 0x00, 0x00, 0x00, 0x00, 0x00, 0x00,
  0x00, 0x00, 0x00, 0x00, 0x00, 0x00, 0x00, 0x00, 0x00, 0x00, 0x00, 0x00,
  0x00, 0x00, 0x00, 0x00, 0x00, 0x00, 0x00, 0x00, 0x00, 0x00, 0x00, 0x00,
  0x00, 0x00, 0x00, 0x00, 0x00, 0x00, 0x00, 0x00, 0x2b, 0xb5, 0x92, 0xbb,
  0x59, 0x27, 0x04, 0xe1, 0x9c, 0x9e, 0x2d, 0xd6, 0x74, 0x72, 0x78, 0xb7,
  0x59, 0xd3, 0x4a, 0xae, 0x56, 0x0a, 0xe5, 0x61, 0x16, 0x9c, 0x93, 0x95,
  0x17, 0xbf, 0xbb, 0xf6, 0xb6, 0xcb, 0xfb, 0xbf, 0x6b, 0x6c, 0x01, 0x80,
  0x00, 0x00, 0x00, 0x00, 0x00, 0x00, 0x00, 0x00, 0x00, 0x00, 0x00, 0x00,
  0x00, 0x00, 0x00, 0x00, 0x00, 0x00, 0x00, 0x00, 0x00, 0x00, 0x00, 0x00,
  0x00, 0x00, 0x00, 0x00, 0x00, 0x00, 0x00, 0x00, 0x00, 0x00, 0x00, 0x00,
  0x00, 0x00, 0x00, 0x00, 0x00, 0x00, 0x00, 0x00, 0x00, 0x00, 0x00, 0x00,
  0x00, 0x00, 0x00, 0x00, 0x00, 0x00, 0x00, 0x15, 0xda, 0xc9, 0x5d, 0xac,
  0x93, 0x82, 0x70, 0xda, 0xfa, 0x8f, 0xd8, 0xd9, 0x5f, 0x51, 0xfb, 0x1b,
  0x69, 0x95, 0xca, 0xc1, 0x5c, 0xac, 0x22, 0x73, 0x92, 0x72, 0xef, 0xd5,
  0xf3, 0x1f, 0x91, 0xa2, 0xbe, 0x63, 0xf2, 0x34, 0x00, 0xd0, 0x00, 0x00,
  0x00, 0x00, 0x00, 0x00, 0x00, 0x00, 0x00, 0x00, 0x00, 0x00, 0x00, 0x00,
  0x00, 0x00, 0x00, 0x00, 0x00, 0x00, 0x00, 0x00, 0x00, 0x00, 0x00, 0x00,
  0x00, 0x00, 0x00, 0x00, 0x00, 0x00, 0x00, 0x00, 0x00, 0x00, 0x00, 0x00,
  0x00, 0x00, 0x00, 0x00, 0x00, 0x00, 0x00, 0x00, 0x00, 0x00, 0x00, 0x00,
  0x00, 0x00, 0x00, 0x00, 0x00, 0x12, 0x5a, 0x4b, 0xe6, 0x5e, 0x12, 0xd2,
  0x5f, 0x32, 0xf1, 0xeb, 0x8f, 0xe9, 0x4e, 0xd1, 0xb3, 0x8f, 0xe9, 0x4e,
  0xd1, 0xb2, 0x70, 0x4e, 0x1e, 0x3c, 0x96, 0xf2, 0xfa, 0x97, 0xa4, 0xb7,
  0x97, 0xd4, 0xbd, 0x5f, 0xce, 0x3f, 0x9d, 0x3a, 0xc6, 0x8e, 0x3f, 0x9d,
  0x3a, 0xc6, 0x91, 0x59, 0xc9, 0x39, 0x41, 0xa0, 0x00, 0x00, 0x00, 0x00,
  0x00, 0x00, 0x00, 0x00, 0x00, 0x00, 0x00, 0x00, 0x00, 0x00, 0x00, 0x00,
  0x00, 0x00, 0x00, 0x00, 0x00, 0x00, 0x00, 0x00, 0x00, 0x00, 0x00, 0x00,
  0x00, 0x00, 0x00, 0x00, 0x00, 0x00, 0x00, 0x00, 0x00, 0x00, 0x00, 0x00,
  0x00, 0x00, 0x00, 0x00, 0x00, 0x00, 0x00, 0x00, 0x00, 0x00, 0x00, 0x00,
  0x00, 0x00, 0x00, 0x00, 0x00, 0x3a, 0xf1, 0x55, 0x45, 0x94, 0x00, 0x00,
  0x00, 0x00, 0x00, 0x00, 0x00, 0x00, 0x00, 0x00, 0x00, 0x00, 0x00, 0x00,
  0x00, 0x00, 0x00, 0x00, 0x00, 0x00, 0x00, 0x00, 0x00, 0x00, 0x00, 0x00,
  0x00, 0x00, 0x00, 0x00, 0x00, 0x00, 0x00, 0x00, 0x00, 0x00, 0x00, 0x00,
  0x00, 0x00, 0x00, 0x00, 0x00, 0x00, 0x00, 0x00, 0x00, 0x00, 0x00, 0x00,
  0x00, 0x00, 0x00, 0x00, 0x00, 0x00, 0x00, 0x0a, 0xed, 0x64, 0xae, 0xd6,
  0x49, 0xc1, 0x38, 0x67, 0x27, 0x8b, 0x75, 0x9d, 0x1c, 0x9e, 0x2d, 0xd6,
  0x74, 0xd2, 0xab, 0x95, 0x82, 0xb9, 0x58, 0x45, 0xa7, 0x24, 0xe5, 0x45,
  0xef, 0xee, 0xfd, 0xad, 0xb2, 0xfe, 0xef, 0xda, 0xdb, 0x00, 0x60, 0x00,
  0x00, 0x00, 0x00, 0x00, 0x00, 0x00, 0x00, 0x00, 0x00, 0x00, 0x00, 0x00,
  0x00, 0x00, 0x00, 0x00, 0x00, 0x00, 0x00, 0x00, 0x00, 0x00, 0x00, 0x00,
  0x00, 0x00, 0x00, 0x00, 0x00, 0x00, 0x00, 0x00, 0x00, 0x00, 0x00, 0x00,
  0x00, 0x00, 0x00, 0x00, 0x00, 0x00, 0x00, 0x00, 0x00, 0x00, 0x00, 0x00,
  0x00, 0x00, 0x00, 0x00, 0x00, 0x00, 0x05, 0x76, 0xb2, 0x57, 0x6b, 0x24,
  0xe0, 0x9c, 0x36, 0xbe, 0xa3, 0xf6, 0x36, 0x57, 0xd4, 0x7e, 0xc6, 0xda,
  0x65, 0x72, 0xb0, 0x57, 0x2b, 0x08, 0x9c, 0xe4, 0x9c, 0xbb, 0xf5, 0x7c,
  0xc7, 0xe4, 0x68, 0xaf, 0x98, 0xfc, 0x8d, 0x00, 0x34, 0x00, 0x00, 0x00,
  0x00, 0x00, 0x00, 0x00, 0x00, 0x00, 0x00, 0x00, 0x00, 0x00, 0x00, 0x00,
  0x00, 0x00, 0x00, 0x00, 0x00, 0x00, 0x00, 0x00, 0x00, 0x00, 0x00, 0x00,
  0x00, 0x00, 0x00, 0x00, 0x00, 0x00, 0x00, 0x00, 0x00, 0x00, 0x00, 0x00,
  0x00, 0x00, 0x00, 0x00, 0x00, 0x00, 0x00, 0x00, 0x00, 0x00, 0x00, 0x00,
  0x00, 0x00, 0x00, 0x00, 0x04, 0x96, 0x92, 0xf9, 0x97, 0x84, 0xb4, 0x97,
  0xcc, 0xbc, 0x7a, 0xe3, 0xfa, 0x53, 0xb4, 0x6c, 0xe3, 0xfa, 0x53, 0xb4,
  0x6c, 0x9c, 0x13, 0x87, 0x8f, 0x25, 0xbc, 0xbe, 0xa5, 0xe9, 0x2d, 0xe5,
  0xf5, 0x2f, 0x57, 0xf3, 0x8f, 0xe7, 0x4e, 0xb1, 0xa3, 0x8f, 0xe7, 0x4e,
  0xb1, 0xa4, 0x56, 0x72, 0x4e, 0x50, 0x68, 0x00, 0x00, 0x00, 0x00, 0x00,
  0x00, 0x00, 0x00, 0x00, 0x00, 0x00, 0x00, 0x00, 0x00, 0x00, 0x00, 0x00,
  0x00, 0x00, 0x00, 0x00, 0x00, 0x00, 0x00, 0x00, 0x00, 0x00, 0x00, 0x00,
  0x00, 0x00, 0x00, 0x00, 0x00, 0x00, 0x00, 0x00, 0x00, 0x00, 0x00, 0x00,
  0x00, 0x00, 0x00, 0x00, 0x00, 0x00, 0x00, 0x00, 0x00, 0x00, 0x00, 0x00,
  0x00, 0x00, 0x00, 0x00, 0x0e, 0xbc, 0x55, 0x51, 0x65, 0x00, 0x00, 0x00,
  0x00, 0x00, 0x00, 0x00, 0x00, 0x00, 0x00, 0x00, 0x00, 0x00, 0x00, 0x00,
  0x00, 0x00, 0x00, 0x00, 0x00, 0x00, 0x00, 0x00, 0x00, 0x00, 0x00, 0x00,
  0x00, 0x00, 0x00, 0x00, 0x00, 0x00, 0x00, 0x00, 0x00, 0x00, 0x00, 0x00,
  0x00, 0x00, 0x00, 0x00, 0x00, 0x00, 0x00, 0x00, 0x00, 0x00, 0x00, 0x00,
  0x00, 0x00, 0x00, 0x00, 0x00, 0x00, 0x02, 0xbb, 0x59, 0x2b, 0xb5, 0x92,
  0x70, 0x4e, 0x19, 0xc9, 0xe2, 0xdd, 0x67, 0x47, 0x27, 0x8b, 0x75, 0x9d,
  0x34, 0xaa, 0xe5, 0x60, 0xae, 0x56, 0x11, 0x69, 0xc9, 0x39, 0x51, 0x7b,
  0xfb, 0xbf, 0x6b, 0x6c, 0xbf, 0xbb, 0xf6, 0xb6, 0xc0, 0x18, 0x00, 0x00,
  0x00, 0x00, 0x00, 0x00, 0x00, 0x00, 0x00, 0x00, 0x00, 0x00, 0x00, 0x00,
  0x00, 0x00, 0x00, 0x00, 0x00, 0x00, 0x00, 0x00, 0x00, 0x00, 0x00, 0x00,
  0x00, 0x00, 0x00, 0x00, 0x00, 0x00, 0x00, 0x00, 0x00, 0x00, 0x00, 0x00,
  0x00, 0x00, 0x00, 0x00, 0x00, 0x00, 0x00, 0x00, 0x00, 0x00, 0x00, 0x00,
  0x00, 0x00, 0x00, 0x00, 0x00, 0x01, 0x5d, 0xac, 0x95, 0xda, 0xc9, 0x38,
  0x27, 0x0d, 0xaf, 0xa8, 0xfd, 0x8d, 0x95, 0xf5, 0x1f, 0xb1, 0xb6, 0x99,
  0x5c, 0xac, 0x15, 0xca, 0xc2, 0x27, 0x39, 0x27, 0x2e, 0xfd, 0x5f, 0x31,
  0xf9, 0x1a, 0x2b, 0xe6, 0x3f, 0x23, 0x40, 0x0d, 0x00, 0x00, 0x00, 0x00,
  0x00, 0x00, 0x00, 0x00, 0x00, 0x00, 0x00, 0x00, 0x00, 0x00, 0x00, 0x00,
  0x00, 0x00, 0x00, 0x00, 0x00, 0x00, 0x00, 0x00, 0x00, 0x00, 0x00, 0x00,
  0x00, 0x00, 0x00, 0x00, 0x00, 0x00, 0x00, 0x00, 0x00, 0x00, 0x00, 0x00,
  0x00, 0x00, 0x00, 0x00, 0x00, 0x00, 0x00, 0x00, 0x00, 0x00, 0x00, 0x00,
  0x00, 0x00, 0x00, 0x01, 0x25, 0xa4, 0xbe, 0x65, 0xe1, 0x2d, 0x25, 0xf3,
  0x2f, 0x1e, 0xb8, 0xfe, 0x94, 0xed, 0x1b, 0x38, 0xfe, 0x94, 0xed, 0x1b,
  0x27, 0x04, 0xe1, 0xe3, 0xc9, 0x6f, 0x2f, 0xa9, 0x7a, 0x4b, 0x79, 0x7d,
  0x4b, 0xd5, 0xfc, 0xe3, 0xf9, 0xd3, 0xac, 0x68, 0xe3, 0xf9, 0xd3, 0xac,
  0x69, 0x15, 0x9c, 0x93, 0x94, 0x1a, 0x00, 0x00, 0x00, 0x00, 0x00, 0x00,
  0x00, 0x00, 0x00, 0x00, 0x00, 0x00, 0x00, 0x00, 0x00, 0x00, 0x00, 0x00,
  0x00, 0x00, 0x00, 0x00, 0x00, 0x00, 0x00, 0x00, 0x00, 0x00, 0x00, 0x00,
  0x00, 0x00, 0x00, 0x00, 0x00, 0x00, 0x00, 0x00, 0x00, 0x00, 0x00, 0x00,
  0x00, 0x00, 0x00, 0x00, 0x00, 0x00, 0x00, 0x00, 0x00, 0x00, 0x00, 0x00,
  0x00, 0x00, 0x00, 0x03, 0xaf, 0x15, 0x54, 0x59, 0x40, 0x00, 0x00, 0x00,
  0x00, 0x00, 0x00, 0x00, 0x00, 0x00, 0x00, 0x00, 0x00, 0x00, 0x00, 0x00,
  0x00, 0x00, 0x00, 0x00, 0x00, 0x00, 0x00, 0x00, 0x00, 0x00, 0x00, 0x00,
  0x00, 0x00, 0x00, 0x00, 0x00, 0x00, 0x00, 0x00, 0x00, 0x00, 0x00, 0x00,
  0x00, 0x00, 0x00, 0x00, 0x00, 0x00, 0x00, 0x00, 0x00, 0x00, 0x00, 0x00,
  0x00, 0x00, 0x00, 0x00, 0x00, 0x00, 0xae, 0xd6, 0x4a, 0xed, 0x64, 0x9c,
  0x13, 0x86, 0x72, 0x78, 0xb7, 0x59, 0xd1, 0xc9, 0xe2, 0xdd, 0x67, 0x4d,
  0x2a, 0xb9, 0x58, 0x2b, 0x95, 0x84, 0x5a, 0x72, 0x4e, 0x54, 0x5e, 0xfe,
  0xef, 0xda, 0xdb, 0x2f, 0xee, 0xfd, 0xad, 0xb0, 0x06, 0x00, 0x00, 0x00,
  0x00, 0x00, 0x00, 0x00, 0x00, 0x00, 0x00, 0x00, 0x00, 0x00, 0x00, 0x00,
  0x00, 0x00, 0x00, 0x00, 0x00, 0x00, 0x00, 0x00, 0x00, 0x00, 0x00, 0x00,
  0x00, 0x00, 0x00, 0x00, 0x00, 0x00, 0x00, 0x00, 0x00, 0x00, 0x00, 0x00,
  0x00, 0x00, 0x00, 0x00, 0x00, 0x00, 0x00, 0x00, 0x00, 0x00, 0x00, 0x00,
  0x00, 0x00, 0x00, 0x00, 0x00, 0x57, 0x6b, 0x25, 0x76, 0xb2, 0x4e, 0x09,
  0xc3, 0x6b, 0xea, 0x3f, 0x63, 0x65, 0x7d, 0x47, 0xec, 0x6d, 0xa6, 0x57,
  0x2b, 0x05, 0x72, 0xb0, 0x89, 0xce, 0x49, 0xcb, 0xbf, 0x57, 0xcc, 0x7e,
  0x46, 0x8a, 0xf9, 0x8f, 0xc8, 0xd0, 0x03, 0x40, 0x00, 0x00, 0x00, 0x00,
  0x00, 0x00, 0x00, 0x00, 0x00, 0x00, 0x00, 0x00, 0x00, 0x00, 0x00, 0x00,
  0x00, 0x00, 0x00, 0x00, 0x00, 0x00, 0x00, 0x00, 0x00, 0x00, 0x00, 0x00,
  0x00, 0x00, 0x00, 0x00, 0x00, 0x00, 0x00, 0x00, 0x00, 0x00, 0x00, 0x00,
  0x00, 0x00, 0x00, 0x00, 0x00, 0x00, 0x00, 0x00, 0x00, 0x00, 0x00, 0x00,
  0x00, 0x00, 0x00, 0x49, 0x69, 0x2f, 0x99, 0x78, 0x4b, 0x49, 0x7c, 0xcb,
  0xc7, 0xae, 0x3f, 0xa5, 0x3b, 0x46, 0xce, 0x3f, 0xa5, 0x3b, 0x46, 0xc9,
  0xc1, 0x38, 0x78, 0xf2, 0x5b, 0xcb, 0xea, 0x5e, 0x92, 0xde, 0x5f, 0x52,
  0xf5, 0x7f, 0x38, 0xfe, 0x74, 0xeb, 0x1a, 0x38, 0xfe, 0x74, 0xeb, 0x1a,
  0x45, 0x67, 0x24, 0xe5, 0x06, 0x80, 0x00, 0x00, 0x00, 0x00, 0x00, 0x00,
  0x00, 0x00, 0x00, 0x00, 0x00, 0x00, 0x00, 0x00, 0x00, 0x00, 0x00, 0x00,
  0x00, 0x00, 0x00, 0x00, 0x00, 0x00, 0x00, 0x00, 0x00, 0x00, 0x00, 0x00,
  0x00, 0x00, 0x00, 0x00, 0x00, 0x00, 0x00, 0x00, 0x00, 0x00, 0x00, 0x00,
  0x00, 0x00, 0x00, 0x00, 0x00, 0x00, 0x00, 0x00, 0x00, 0x00, 0x00, 0x00,
  0x00, 0x00, 0x00, 0xeb, 0xc5, 0x55, 0x16, 0x50, 0x00, 0x00, 0x00, 0x00,
  0x00, 0x00, 0x00, 0x00, 0x00, 0x00, 0x00, 0x00, 0x00, 0x00, 0x00, 0x00,
  0x00, 0x00, 0x00, 0x00, 0x00, 0x00, 0x00, 0x00, 0x00, 0x00, 0x00, 0x00,
  0x00, 0x00, 0x00, 0x00, 0x00, 0x00, 0x00, 0x00, 0x00, 0x00, 0x00, 0x00,
  0x00, 0x00, 0x00, 0x00, 0x00, 0x00, 0x00, 0x00, 0x00, 0x00, 0x00, 0x00,
  0x00, 0x00, 0x00, 0x00, 0x00, 0x2b, 0xb5, 0x92, 0xbb, 0x59, 0x27, 0x04,
  0xe1, 0x9c, 0x9e, 0x2d, 0xd6, 0x74, 0x72, 0x78, 0xb7, 0x59, 0xd3, 0x4a,
  0xae, 0x56, 0x0a, 0xe5, 0x61, 0x16, 0x9c, 0x93, 0x95, 0x17, 0xbf, 0xbb,
  0xf6, 0xb6, 0xcb, 0xfb, 0xbf, 0x6b, 0x6c, 0x01, 0x80, 0x00, 0x00, 0x00,
  0x00, 0x00, 0x00, 0x00, 0x00, 0x00, 0x00, 0x00, 0x00, 0x00, 0x00, 0x00,
  0x00, 0x00, 0x00, 0x00, 0x00, 0x00, 0x00, 0x00, 0x00, 0x00, 0x00, 0x00,
  0x00, 0x00, 0x00, 0x00, 0x00, 0x00, 0x00, 0x00, 0x00, 0x00, 0x00, 0x00,
  0x00, 0x00, 0x00, 0x00, 0x00, 0x00, 0x00, 0x00, 0x00, 0x00, 0x00, 0x00,
  0x00, 0x00, 0x00, 0x00, 0x15, 0xda, 0xc9, 0x5d, 0xac, 0x93, 0x82, 0x70,
  0xda, 0xfa, 0x8f, 0xd8, 0xd9, 0x5f, 0x51, 0xfb, 0x1b, 0x69, 0x95, 0xca,
  0xc1, 0x5c, 0xac, 0x22, 0x73, 0x92, 0x72, 0xef, 0xd5, 0xf3, 0x1f, 0x91,
  0xa2, 0xbe, 0x63, 0xf2, 0x34, 0x00, 0xd0, 0x00, 0x00, 0x00, 0x00, 0x00,
  0x00, 0x00, 0x00, 0x00, 0x00, 0x00, 0x00, 0x00, 0x00, 0x00, 0x00, 0x00,
  0x00, 0x00, 0x00, 0x00, 0x00, 0x00, 0x00, 0x00, 0x00, 0x00, 0x00, 0x00,
  0x00, 0x00, 0x00, 0x00, 0x00, 0x00, 0x00, 0x00, 0x00, 0x00, 0x00, 0x00,
  0x00, 0x00, 0x00, 0x00, 0x00, 0x00, 0x00, 0x00, 0x00, 0x00, 0x00, 0x00,
  0x00, 0x00, 0x12, 0x5a, 0x4b, 0xe6, 0x5e, 0x12, 0xd2, 0x5f, 0x32, 0xf1,
  0xeb, 0x8f, 0xe9, 0x4e, 0xd1, 0xb3, 0x8f, 0xe9, 0x4e, 0xd1, 0xb2, 0x70,
  0x4e, 0x1e, 0x3c, 0x96, 0xf2, 0xfa, 0x97, 0xa4, 0xb7, 0x97, 0xd4, 0xbd,
  0x5f, 0xce, 0x3f, 0x9d, 0x3a, 0xc6, 0x8e, 0x3f, 0x9d, 0x3a, 0xc6, 0x91,
  0x59, 0xc9, 0x39, 0x41, 0xa0, 0x00, 0x00, 0x00, 0x00, 0x00, 0x00, 0x00,
  0x00, 0x00, 0x00, 0x00, 0x00, 0x00, 0x00, 0x00, 0x00, 0x00, 0x00, 0x00,
  0x00, 0x00, 0x00, 0x00, 0x00, 0x00, 0x00, 0x00, 0x00, 0x00, 0x00, 0x00,
  0x00, 0x00, 0x00, 0x00, 0x00, 0x00, 0x00, 0x00, 0x00, 0x00, 0x00, 0x00,
  0x00, 0x00, 0x00, 0x00, 0x00, 0x00, 0x00, 0x00, 0x00, 0x00, 0x00, 0x00,
  0x00, 0x00, 0x3a, 0xf1, 0x55, 0x45, 0x94, 0x00, 0x00, 0x00, 0x00, 0x00,
  0x00, 0x00, 0x00, 0x00, 0x00, 0x00, 0x00, 0x00, 0x00, 0x00, 0x00, 0x00,
  0x00, 0x00, 0x00, 0x00, 0x00, 0x00, 0x00, 0x00, 0x00, 0x00, 0x00, 0x00,
  0x00, 0x00, 0x00, 0x00, 0x00, 0x00, 0x00, 0x00, 0x00, 0x00, 0x00, 0x00,
  0x00, 0x00, 0x00, 0x00, 0x00, 0x00, 0x00, 0x00, 0x00, 0x00, 0x00, 0x00,
  0x00, 0x00, 0x00, 0x00, 0x0a, 0xed, 0x64, 0xae, 0xd6, 0x49, 0xc1, 0x38,
  0x67, 0x27, 0x8b, 0x75, 0x9d, 0x1c, 0x9e, 0x2d, 0xd6, 0x74, 0xd2, 0xab,
  0x95, 0x82, 0xb9, 0x58, 0x45, 0xa7, 0x24, 0xe5, 0x45, 0xef, 0xee, 0xfd,
  0xad, 0xb2, 0xfe, 0xef, 0xda, 0xdb, 0x00, 0x60, 0x00, 0x00, 0x00, 0x00,
  0x00, 0x00, 0x00, 0x00, 0x00, 0x00, 0x00, 0x00, 0x00, 0x00, 0x00, 0x00,
  0x00, 0x00, 0x00, 0x00, 0x00, 0x00, 0x00, 0x00, 0x00, 0x00, 0x00, 0x00,
  0x00, 0x00, 0x00, 0x00, 0x00, 0x00, 0x00, 0x00, 0x00, 0x00, 0x00, 0x00,
  0x00, 0x00, 0x00, 0x00, 0x00, 0x00, 0x00, 0x00, 0x00, 0x00, 0x00, 0x00,
  0x00, 0x00, 0x00, 0x05, 0x76, 0xb2, 0x57, 0x6b, 0x24, 0xe0, 0x9c, 0x36,
  0xbe, 0xa3, 0xf6, 0x36, 0x57, 0xd4, 0x7e, 0xc6, 0xda, 0x65, 0x72, 0xb0,
  0x57, 0x2b, 0x08, 0x9c, 0xe4, 0x9c, 0xbb, 0xf5, 0x7c, 0xc7, 0xe4, 0x68,
  0xaf, 0x98, 0xfc, 0x8d, 0x00, 0x34, 0x00, 0x00, 0x00, 0x00, 0x00, 0x00,
  0x00, 0x00, 0x00, 0x00, 0x00, 0x00, 0x00, 0x00, 0x00, 0x00, 0x00, 0x00,
  0x00, 0x00, 0x00, 0x00, 0x00, 0x00, 0x00, 0x00, 0x00, 0x00, 0x00, 0x00,
  0x00, 0x00, 0x00, 0x00, 0x00, 0x00, 0x00, 0x00, 0x00, 0x00, 0x00, 0x00,
  0x00, 0x00, 0x00, 0x00, 0x00, 0x00, 0x00, 0x00, 0x00, 0x00, 0x00, 0x00,
  0x00, 0x04, 0x96, 0x92, 0xf9, 0x97, 0x84, 0xb4, 0x97, 0xcc, 0xbc, 0x7a,
  0xe3, 0xfa, 0x53, 0xb4, 0x6c, 0xe3, 0xfa, 0x53, 0xb4, 0x6c, 0x9c, 0x13,
  0x87, 0x8f, 0x25, 0xbc, 0xbe, 0xa5, 0xe9, 0x2d, 0xe5, 0xf5, 0x2f, 0x57,
  0xf3, 0x8f, 0xe7, 0x4e, 0xb1, 0xa3, 0x8f, 0xe7, 0x4e, 0xb1, 0xa4, 0x56,
  0x72, 0x4e, 0x50, 0x68, 0x00, 0x00, 0x00, 0x00, 0x00, 0x00, 0x00, 0x00,
  0x00, 0x00, 0x00, 0x00, 0x00, 0x00, 0x00, 0x00, 0x00, 0x00, 0x00, 0x00,
  0x00, 0x00, 0x00, 0x00, 0x00, 0x00, 0x00, 0x00, 0x00, 0x00, 0x00, 0x00,
  0x00, 0x00, 0x00, 0x00, 0x00, 0x00, 0x00, 0x00, 0x00, 0x00, 0x00, 0x00,
  0x00, 0x00, 0x00, 0x00, 0x00, 0x00, 0x00, 0x00, 0x00, 0x00, 0x00, 0x00,
  0x00, 0x0e, 0xbc, 0x55, 0x51, 0x65, 0x00, 0x00, 0x00, 0x00, 0x00, 0x00,
  0x00, 0x00, 0x00, 0x00, 0x00, 0x00, 0x00, 0x00, 0x00, 0x00, 0x00, 0x00,
  0x00, 0x00, 0x00, 0x00, 0x00, 0x00, 0x00, 0x00, 0x00, 0x00, 0x00, 0x00,
  0x00, 0x00, 0x00, 0x00, 0x00, 0x00, 0x00, 0x00, 0x00, 0x00, 0x00, 0x00,
  0x00, 0x00, 0x00, 0x00, 0x00, 0x00, 0x00, 0x00, 0x00, 0x00, 0x00, 0x00,
  0x00, 0x00, 0x00, 0x02, 0xbb, 0x59, 0x2b, 0xb5, 0x92, 0x70, 0x4e, 0x19,
  0xc9, 0xe2, 0xdd, 0x67, 0x47, 0x27, 0x8b, 0x75, 0x9d, 0x34, 0xaa, 0xe5,
  0x60, 0xae, 0x56, 0x11, 0x69, 0xc9, 0x39, 0x51, 0x7b, 0xfb, 0xbf, 0x6b,
  0x6c, 0xbf, 0xbb, 0xf6, 0xb6, 0xc0, 0x18, 0x00, 0x00, 0x00, 0x00, 0x00,
  0x00, 0x00, 0x00, 0x00, 0x00, 0x00, 0x00, 0x00, 0x00, 0x00, 0x00, 0x00,
  0x00, 0x00, 0x00, 0x00, 0x00, 0x00, 0x00, 0x00, 0x00, 0x00, 0x00, 0x00,
  0x00, 0x00, 0x00, 0x00, 0x00, 0x00, 0x00, 0x00, 0x00, 0x00, 0x00, 0x00,
  0x00, 0x00, 0x00, 0x00, 0x00, 0x00, 0x00, 0x00, 0x00, 0x00, 0x00, 0x00,
  0x00, 0x00, 0x01, 0x5d, 0xac, 0x95, 0xda, 0xc9, 0x38, 0x27, 0x0d, 0xaf,
  0xa8, 0xfd, 0x8d, 0x95, 0xf5, 0x1f, 0xb1, 0xb6, 0x99, 0x5c, 0xac, 0x15,
  0xca, 0xc2, 0x27, 0x39, 0x27, 0x2e, 0xfd, 0x5f, 0x31, 0xf9, 0x1a, 0x2b,
  0xe6, 0x3f, 0x23, 0x40, 0x0d, 0x00, 0x00, 0x00, 0x00, 0x00, 0x00, 0x00,
  0x00, 0x00, 0x00, 0x00, 0x00, 0x00, 0x00, 0x00, 0x00, 0x00, 0x00, 0x00,
  0x00, 0x00, 0x00, 0x00, 0x00, 0x00, 0x00, 0x00, 0x00, 0x00, 0x00, 0x00,
  0x00, 0x00, 0x00, 0x00, 0x00, 0x00, 0x00, 0x00, 0x00, 0x00, 0x00, 0x00,
  0x00, 0x00, 0x00, 0x00, 0x00, 0x00, 0x00, 0x00, 0x00, 0x00, 0x00, 0x00,
  0x01, 0x25, 0xa4, 0xbe, 0x65, 0xe1, 0x2d, 0x25, 0xf3, 0x2f, 0x1e, 0xb8,
  0xfe, 0x94, 0xed, 0x1b, 0x38, 0xfe, 0x94, 0xed, 0x1b, 0x27, 0x04, 0xe1,
  0xe3, 0xc9, 0x6f, 0x2f, 0xa9, 0x7a, 0x4b, 0x79, 0x7d, 0x4b, 0xd5, 0xfc,
  0xe3, 0xf9, 0xd3, 0xac, 0x68, 0xe3, 0xf9, 0xd3, 0xac, 0x69, 0x15, 0x9c,
  0x93, 0x94, 0x1a, 0x00, 0x00, 0x00, 0x00, 0x00, 0x00, 0x00, 0x00, 0x00,
  0x00, 0x00, 0x00, 0x00, 0x00, 0x00, 0x00, 0x00, 0x00, 0x00, 0x00, 0x00,
  0x00, 0x00, 0x00, 0x00, 0x00, 0x00, 0x00, 0x00, 0x00, 0x00, 0x00, 0x00,
  0x00, 0x00, 0x00, 0x00, 0x00, 0x00, 0x00, 0x00, 0x00, 0x00, 0x00, 0x00,
  0x00, 0x00, 0x00, 0x00, 0x00, 0x00, 0x00, 0x00, 0x00, 0x00, 0x00, 0x00,
  0x03, 0xaf, 0x15, 0x54, 0x59, 0x40, 0x00, 0x00, 0x00, 0x00, 0x00, 0x00,
  0x00, 0x00, 0x00, 0x00, 0x00, 0x00, 0x00, 0x00, 0x00, 0x00, 0x00, 0x00,
  0x00, 0x00, 0x00, 0x00, 0x00, 0x00, 0x00, 0x00, 0x00, 0x00, 0x00, 0x00,
  0x00, 0x00, 0x00, 0x00, 0x00, 0x00, 0x00, 0x00, 0x00, 0x00, 0x00, 0x00,
  0x00, 0x00, 0x00, 0x00, 0x00, 0x00, 0x00, 0x00, 0x00, 0x00, 0x00, 0x00,
  0x00, 0x00, 0x00, 0xae, 0xd6, 0x4a, 0xed, 0x64, 0x9c, 0x13, 0x86, 0x72,
  0x78, 0xb7, 0x59, 0xd1, 0xc9, 0xe2, 0xdd, 0x67, 0x4d, 0x2a, 0xb9, 0x58,
  0x2b, 0x95, 0x84, 0x5a, 0x72, 0x4e, 0x54, 0x5e, 0xfe, 0xef, 0xda, 0xdb,
  0x2f, 0xee, 0xfd, 0xad, 0xb0, 0x06, 0x00, 0x00, 0x00, 0x00, 0x00, 0x00,
  0x00, 0x00, 0x00, 0x00, 0x00, 0x00, 0x00, 0x00, 0x00, 0x00, 0x00, 0x00,
  0x00, 0x00, 0x00, 0x00, 0x00, 0x00, 0x00, 0x00, 0x00, 0x00, 0x00, 0x00,
  0x00, 0x00, 0x00, 0x00, 0x00, 0x00, 0x00, 0x00, 0x00, 0x00, 0x00, 0x00,
  0x00, 0x00, 0x00, 0x00, 0x00, 0x00, 0x00, 0x00, 0x00, 0x00, 0x00, 0x00,
  0x00, 0x00, 0x57, 0x6b, 0x25, 0x76, 0xb2, 0x4e, 0x09, 0xc3, 0x6b, 0xea,
  0x3f, 0x63, 0x65, 0x7d, 0x47, 0xec, 0x6d, 0xa6, 0x57, 0x2b, 0x05, 0x72,
  0xb0, 0x89, 0xce, 0x49, 0xcb, 0xbf, 0x57, 0xcc, 0x7e, 0x46, 0x8a, 0xf9,
  0x8f, 0xc8, 0xd0, 0x03, 0x40, 0x00, 0x00, 0x00, 0x00, 0x00, 0x00, 0x00,
  0x00, 0x00, 0x00, 0x00, 0x00, 0x00, 0x00, 0x00, 0x00, 0x00, 0x00, 0x00,
  0x00, 0x00, 0x00, 0x00, 0x00, 0x00, 0x00, 0x00, 0x00, 0x00, 0x00, 0x00,
  0x00, 0x00, 0x00, 0x00, 0x00, 0x00, 0x00, 0x00, 0x00, 0x00, 0x00, 0x00,
  0x00, 0x00, 0x00, 0x00, 0x00, 0x00, 0x00, 0x00, 0x00, 0x00, 0x00, 0x00,
  0x49, 0x69, 0x2f, 0x99, 0x78, 0x4b, 0x49, 0x7c, 0xcb, 0xc7, 0xae, 0x3f,
  0xa5, 0x3b, 0x46, 0xce, 0x3f, 0xa5, 0x3b, 0x46, 0xc9, 0xc1, 0x38, 0x78,
  0xf2, 0x5b, 0xcb, 0xea, 0x5e, 0x92, 0xde, 0x5f, 0x52, 0xf5, 0x7f, 0x38,
  0xfe, 0x74, 0xeb, 0x1a, 0x38, 0xfe, 0x74, 0xeb, 0x1a, 0x45, 0x67, 0x24,
  0xe5, 0x06, 0x80, 0x00, 0x00, 0x00, 0x00, 0x00, 0x00, 0x00, 0x00, 0x00,
  0x00, 0x00, 0x00, 0x00, 0x00, 0x00, 0x00, 0x00, 0x00, 0x00, 0x00, 0x00,
  0x00, 0x00, 0x00, 0x00, 0x00, 0x00, 0x00, 0x00, 0x00, 0x00, 0x00, 0x00,
  0x00, 0x00, 0x00, 0x00, 0x00, 0x00, 0x00, 0x00, 0x00, 0x00, 0x00, 0x00,
  0x00, 0x00, 0x00, 0x00, 0x00, 0x00, 0x00, 0x00, 0x00, 0x00, 0x00, 0x00,
  0xeb, 0xc5, 0x55, 0x16, 0x50, 0x00, 0x00, 0x00, 0x00, 0x00, 0x00, 0x00,
  0x00, 0x00, 0x00, 0x00, 0x00, 0x00, 0x00, 0x00, 0x00, 0x00, 0x00, 0x00,
  0x00, 0x00, 0x00, 0x00, 0x00, 0x00, 0x00, 0x00, 0x00, 0x00, 0x00, 0x00,
  0x00, 0x00, 0x00, 0x00, 0x00, 0x00, 0x00, 0x00, 0x00, 0x00, 0x00, 0x00,
  0x00, 0x00, 0x00, 0x00, 0x00, 0x00, 0x00, 0x00, 0x00, 0x00, 0x00, 0x00,
  0x00, 0x00, 0x2b, 0xb5, 0x92, 0xbb, 0x59, 0x27, 0x04, 0xe1, 0x9c, 0x9e,
  0x2d, 0xd6, 0x74, 0x72, 0x78, 0xb7, 0x59, 0xd3, 0x4a, 0xae, 0x56, 0x0a,
  0xe5, 0x61, 0x16, 0x9c, 0x93, 0x95, 0x17, 0xbf, 0xbb, 0xf6, 0xb6, 0xcb,
  0xfb, 0xbf, 0x6b, 0x6c, 0x01, 0x80, 0x00, 0x00, 0x00, 0x00, 0x00, 0x00,
  0x00, 0x00, 0x00, 0x00, 0x00, 0x00, 0x00, 0x00, 0x00, 0x00, 0x00, 0x00,
  0x00, 0x00, 0x00, 0x00, 0x00, 0x00, 0x00, 0x00, 0x00, 0x00, 0x00, 0x00,
  0x00, 0x00, 0x00, 0x00, 0x00, 0x00, 0x00, 0x00, 0x00, 0x00, 0x00, 0x00,
  0x00, 0x00, 0x00, 0x00, 0x00, 0x00, 0x00, 0x00, 0x00, 0x00, 0x00, 0x00,
  0x00, 0x15, 0xda, 0xc9, 0x5d, 0xac, 0x93, 0x82, 0x70, 0xda, 0xfa, 0x8f,
  0xd8, 0xd9, 0x5f, 0x51, 0xfb, 0x1b, 0x69, 0x95, 0xca, 0xc1, 0x5c, 0xac,
  0x22, 0x73, 0x92, 0x72, 0xef, 0xd5, 0xf3, 0x1f, 0x91, 0xa2, 0xbe, 0x63,
  0xf2, 0x34, 0x00, 0xd0, 0x00, 0x00, 0x00, 0x00, 0x00, 0x00, 0x00, 0x00,
  0x00, 0x00, 0x00, 0x00, 0x00, 0x00, 0x00, 0x00, 0x00, 0x00, 0x00, 0x00,
  0x00, 0x00, 0x00, 0x00, 0x00, 0x00, 0x00, 0x00, 0x00, 0x00, 0x00, 0x00,
  0x00, 0x00, 0x00, 0x00, 0x00, 0x00, 0x00, 0x00, 0x00, 0x00, 0x00, 0x00,
  0x00, 0x00, 0x00, 0x00, 0x00, 0x00, 0x00, 0x00, 0x00, 0x00, 0x00, 0x12,
  0x5a, 0x4b, 0xe6, 0x5e, 0x12, 0xd2, 0x5f, 0x32, 0xf1, 0xeb, 0x8f, 0xe9,
  0x4e, 0xd1, 0xb3, 0x8f, 0xe9, 0x4e, 0xd1, 0xb2, 0x70, 0x4e, 0x1e, 0x3c,
  0x96, 0xf2, 0xfa, 0x97, 0xa4, 0xb7, 0x97, 0xd4, 0xbd, 0x5f, 0xce, 0x3f,
  0x9d, 0x3a, 0xc6, 0x8e, 0x3f, 0x9d, 0x3a, 0xc6, 0x91, 0x59, 0xc9, 0x39,
  0x41, 0xa0, 0x00, 0x00, 0x00, 0x00, 0x00, 0x00, 0x00, 0x00, 0x00, 0x00,
  0x00, 0x00, 0x00, 0x00, 0x00, 0x00, 0x00, 0x00, 0x00, 0x00, 0x00, 0x00,
  0x00, 0x00, 0x00, 0x00, 0x00, 0x00, 0x00, 0x00, 0x00, 0x00, 0x00, 0x00,
  0x00, 0x00, 0x00, 0x00, 0x00, 0x00, 0x00, 0x00, 0x00, 0x00, 0x00, 0x00,
  0x00, 0x00, 0x00, 0x00, 0x00, 0x00, 0x00, 0x00, 0x00, 0x00, 0x00, 0x3a,
  0xf1, 0x55, 0x45, 0x94, 0x00, 0x00, 0x00, 0x00, 0x00, 0x00, 0x00, 0x00,
  0x00, 0x00, 0x00, 0x00, 0x00, 0x00, 0x00, 0x00, 0x00, 0x00, 0x00, 0x00,
  0x00, 0x00, 0x00, 0x00, 0x00, 0x00, 0x00, 0x00, 0x00, 0x00, 0x00, 0x00,
  0x00, 0x00, 0x00, 0x00, 0x00, 0x00, 0x00, 0x00, 0x00, 0x00, 0x00, 0x00,
  0x00, 0x00, 0x00, 0x00, 0x00, 0x00, 0x00, 0x00, 0x00, 0x00, 0x00, 0x00,
  0x00, 0x0a, 0xed, 0x64, 0xae, 0xd6, 0x49, 0xc1, 0x38, 0x67, 0x27, 0x8b,
  0x75, 0x9d, 0x1c, 0x9e, 0x2d, 0xd6, 0x74, 0xd2, 0xab, 0x95, 0x82, 0xb9,
  0x58, 0x45, 0xa7, 0x24, 0xe5, 0x45, 0xef, 0xee, 0xfd, 0xad, 0xb2, 0xfe,
  0xef, 0xda, 0xdb, 0x00, 0x60, 0x00, 0x00, 0x00, 0x00, 0x00, 0x00, 0x00,
  0x00, 0x00, 0x00, 0x00, 0x00, 0x00, 0x00, 0x00, 0x00, 0x00, 0x00, 0x00,
  0x00, 0x00, 0x00, 0x00, 0x00, 0x00, 0x00, 0x00, 0x00, 0x00, 0x00, 0x00,
  0x00, 0x00, 0x00, 0x00, 0x00, 0x00, 0x00, 0x00, 0x00, 0x00, 0x00, 0x00,
  0x00, 0x00, 0x00, 0x00, 0x00, 0x00, 0x00, 0x00, 0x00, 0x00, 0x00, 0x00,
  0x05, 0x76, 0xb2, 0x57, 0x6b, 0x24, 0xe0, 0x9c, 0x36, 0xbe, 0xa3, 0xf6,
  0x36, 0x57, 0xd4, 0x7e, 0xc6, 0xda, 0x65, 0x72, 0xb0, 0x57, 0x2b, 0x08,
  0x9c, 0xe4, 0x9c, 0xbb, 0xf5, 0x7c, 0xc7, 0xe4, 0x68, 0xaf, 0x98, 0xfc,
  0x8d, 0x00, 0x34, 0x00, 0x00, 0x00, 0x00, 0x00, 0x00, 0x00, 0x00, 0x00,
  0x00, 0x00, 0x00, 0x00, 0x00, 0x00, 0x00, 0x00, 0x00, 0x00, 0x00, 0x00,
  0x00, 0x00, 0x00, 0x00, 0x00, 0x00, 0x00, 0x00, 0x00, 0x00, 0x00, 0x00,
  0x00, 0x00, 0x00, 0x00, 0x00, 0x00, 0x00, 0x00, 0x00, 0x00, 0x00, 0x00,
  0x00, 0x00, 0x00, 0x00, 0x00, 0x00, 0x00, 0x00, 0x00, 0x00, 0x04, 0x96,
  0x92, 0xf9, 0x97, 0x84, 0xb4, 0x97, 0xcc, 0xbc, 0x7a, 0xe3, 0xfa, 0x53,
  0xb4, 0x6c, 0xe3, 0xfa, 0x53, 0xb4, 0x6c, 0x9c, 0x13, 0x87, 0x8f, 0x25,
  0xbc, 0xbe, 0xa5, 0xe9, 0x2d, 0xe5, 0xf5, 0x2f, 0x57, 0xf3, 0x8f, 0xe7,
  0x4e, 0xb1, 0xa3, 0x8f, 0xe7, 0x4e, 0xb1, 0xa4, 0x56, 0x72, 0x4e, 0x50,
  0x68, 0x00, 0x00, 0x00, 0x00, 0x00, 0x00, 0x00, 0x00, 0x00, 0x00, 0x00,
  0x00, 0x00, 0x00, 0x00, 0x00, 0x00, 0x00, 0x00, 0x00, 0x00, 0x00, 0x00,
  0x00, 0x00, 0x00, 0x00, 0x00, 0x00, 0x00, 0x00, 0x00, 0x00, 0x00, 0x00,
  0x00, 0x00, 0x00, 0x00, 0x00, 0x00, 0x00, 0x00, 0x00, 0x00, 0x00, 0x00,
  0x00, 0x00, 0x00, 0x00, 0x00, 0x00, 0x00, 0x00, 0x00, 0x00, 0x0e, 0xbc,
  0x55, 0x51, 0x65, 0x00, 0x00, 0x00, 0x00, 0x00, 0x00, 0x00, 0x00, 0x00,
  0x00, 0x00, 0x00, 0x00, 0x00, 0x00, 0x00, 0x00, 0x00, 0x00, 0x00, 0x00,
  0x00, 0x00, 0x00, 0x00, 0x00, 0x00, 0x00, 0x00, 0x00, 0x00, 0x00, 0x00,
  0x00, 0x00, 0x00, 0x00, 0x00, 0x00, 0x00, 0x00, 0x00, 0x00, 0x00, 0x00,
  0x00, 0x00, 0x00, 0x00, 0x00, 0x00, 0x00, 0x00, 0x00, 0x00, 0x00, 0x00,
  0x02, 0xbb, 0x59, 0x2b, 0xb5, 0x92, 0x70, 0x4e, 0x19, 0xc9, 0xe2, 0xdd,
  0x67, 0x47, 0x27, 0x8b, 0x75, 0x9d, 0x34, 0xaa, 0xe5, 0x60, 0xae, 0x56,
  0x11, 0x69, 0xc9, 0x39, 0x51, 0x7b, 0xfb, 0xbf, 0x6b, 0x6c, 0xbf, 0xbb,
  0xf6, 0xb6, 0xc0, 0x18, 0x00, 0x00, 0x00, 0x00, 0x00, 0x00, 0x00, 0x00,
  0x00, 0x00, 0x00, 0x00, 0x00, 0x00, 0x00, 0x00, 0x00, 0x00, 0x00, 0x00,
  0x00, 0x00, 0x00, 0x00, 0x00, 0x00, 0x00, 0x00, 0x00, 0x00, 0x00, 0x00,
  0x00, 0x00, 0x00, 0x00, 0x00, 0x00, 0x00, 0x00, 0x00, 0x00, 0x00, 0x00,
  0x00, 0x00, 0x00, 0x00, 0x00, 0x00, 0x00, 0x00, 0x00, 0x00, 0x00, 0x01,
  0x5d, 0xac, 0x95, 0xda, 0xc9, 0x38, 0x27, 0x0d, 0xaf, 0xa8, 0xfd, 0x8d,
  0x95, 0xf5, 0x1f, 0xb1, 0xb6, 0x99, 0x5c, 0xac, 0x15, 0xca, 0xc2, 0x27,
  0x39, 0x27, 0x2e, 0xfd, 0x5f, 0x31, 0xf9, 0x1a, 0x2b, 0xe6, 0x3f, 0x23,
  0x40, 0x0d, 0x00, 0x00, 0x00, 0x00, 0x00, 0x00, 0x00, 0x00, 0x00, 0x00,
  0x00, 0x00, 0x00, 0x00, 0x00, 0x00, 0x00, 0x00, 0x00, 0x00, 0x00, 0x00,
  0x00, 0x00, 0x00, 0x00, 0x00, 0x00, 0x00, 0x00, 0x00, 0x00, 0x00, 0x00,
  0x00, 0x00, 0x00, 0x00, 0x00, 0x00, 0x00, 0x00, 0x00, 0x00, 0x00, 0x00,
  0x00, 0x00, 0x00, 0x00, 0x00, 0x00, 0x00, 0x00, 0x00, 0x01, 0x25, 0xa4,
  0xbe, 0x65, 0xe1, 0x2d, 0x25, 0xf3, 0x2f, 0x1e, 0xb8, 0xfe, 0x94, 0xed,
  0x1b, 0x38, 0xfe, 0x94, 0xed, 0x1b, 0x27, 0x04, 0xe1, 0xe3, 0xc9, 0x6f,
  0x2f, 0xa9, 0x7a, 0x4b, 0x79, 0x7d, 0x4b, 0xd5, 0xfc, 0xe3, 0xf9, 0xd3,
  0xac, 0x68, 0xe3, 0xf9, 0xd3, 0xac, 0x69, 0x15, 0x9c, 0x93, 0x94, 0x1a,
  0x00, 0x00, 0x00, 0x00, 0x00, 0x00, 0x00, 0x00, 0x00, 0x00, 0x00, 0x00,
  0x00, 0x00, 0x00, 0x00, 0x00, 0x00, 0x00, 0x00, 0x00, 0x00, 0x00, 0x00,
  0x00, 0x00, 0x00, 0x00, 0x00, 0x00, 0x00, 0x00, 0x00, 0x00, 0x00, 0x00,
  0x00, 0x00, 0x00, 0x00, 0x00, 0x00, 0x00, 0x00, 0x00, 0x00, 0x00, 0x00,
  0x00, 0x00, 0x00, 0x00, 0x00, 0x00, 0x00, 0x00, 0x00, 0x03, 0xaf, 0x15,
  0x54, 0x59, 0x40, 0x00, 0x00, 0x00, 0x00, 0x00, 0x00, 0x00, 0x00, 0x00,
  0x00, 0x00, 0x00, 0x00, 0x00, 0x00, 0x00, 0x00, 0x00, 0x00, 0x00, 0x00,
  0x00, 0x00, 0x00, 0x00, 0x00, 0x00, 0x00, 0x00, 0x00, 0x00, 0x00, 0x00,
  0x00, 0x00, 0x00, 0x00, 0x00, 0x00, 0x00, 0x00, 0x00, 0x00, 0x00, 0x00,
  0x00, 0x00, 0x00, 0x00, 0x00, 0x00, 0x00, 0x00, 0x00, 0x00, 0x00, 0x00,
  0xae, 0xd6, 0x4a, 0xed, 0x64, 0x9c, 0x13, 0x86, 0x72, 0x78, 0xb7, 0x59,
  0xd1, 0xc9, 0xe2, 0xdd, 0x67, 0x4d, 0x2a, 0xb9, 0x58, 0x2b, 0x95, 0x84,
  0x5a, 0x72, 0x4e, 0x54, 0x5e, 0xfe, 0xef, 0xda, 0xdb, 0x2f, 0xee, 0xfd,
  0xad, 0xb0, 0x06, 0x00, 0x00, 0x00, 0x00, 0x00, 0x00, 0x00, 0x00, 0x00,
  0x00, 0x00, 0x00, 0x00, 0x00, 0x00, 0x00, 0x00, 0x00, 0x00, 0x00, 0x00,
  0x00, 0x00, 0x00, 0x00, 0x00, 0x00, 0x00, 0x00, 0x00, 0x00, 0x00, 0x00,
  0x00, 0x00, 0x00, 0x00, 0x00, 0x00, 0x00, 0x00, 0x00, 0x00, 0x00, 0x00,
  0x00, 0x00, 0x00, 0x00, 0x00, 0x00, 0x00, 0x00, 0x00, 0x00, 0x00, 0x57,
  0x6b, 0x25, 0x76, 0xb2, 0x4e, 0x09, 0xc3, 0x6b, 0xea, 0x3f, 0x63, 0x65,
  0x7d, 0x47, 0xec, 0x6d, 0xa6, 0x57, 0x2b, 0x05, 0x72, 0xb0, 0x89, 0xce,
  0x49, 0xcb, 0xbf, 0x57, 0xcc, 0x7e, 0x46, 0x8a, 0xf9, 0x8f, 0xc8, 0xd0,
  0x03, 0x40, 0x00, 0x00, 0x00, 0x00, 0x00, 0x00, 0x00, 0x00, 0x00, 0x00,
  0x00, 0x00, 0x00, 0x00, 0x00, 0x00, 0x00, 0x00, 0x00, 0x00, 0x00, 0x00,
  0x00, 0x00, 0x00, 0x00, 0x00, 0x00, 0x00, 0x00, 0x00, 0x00, 0x00, 0x00,
  0x00, 0x00, 0x00, 0x00, 0x00, 0x00, 0x00, 0x00, 0x00, 0x00, 0x00, 0x00,
  0x00, 0x00, 0x00, 0x00, 0x00, 0x00, 0x00, 0x00, 0x00, 0x49, 0x69, 0x2f,
  0x99, 0x78, 0x4b, 0x49, 0x7c, 0xcb, 0xc7, 0xae, 0x3f, 0xa5, 0x3b, 0x46,
  0xce, 0x3f, 0xa5, 0x3b, 0x46, 0xc9, 0xc1, 0x38, 0x78, 0xf2, 0x5b, 0xcb,
  0xea, 0x5e, 0x92, 0xde, 0x5f, 0x52, 0xf5, 0x7f, 0x38, 0xfe, 0x74, 0xeb,
  0x1a, 0x38, 0xfe, 0x74, 0xeb, 0x1a, 0x45, 0x67, 0x24, 0xe5, 0x06, 0x80,
  0x00, 0x00, 0x00, 0x00, 0x00, 0x00, 0x00, 0x00, 0x00, 0x00, 0x00, 0x00,
  0x00, 0x00, 0x00, 0x00, 0x00, 0x00, 0x00, 0x00, 0x00, 0x00, 0x00, 0x00,
  0x00, 0x00, 0x00, 0x00, 0x00, 0x00, 0x00, 0x00, 0x00, 0x00, 0x00, 0x00,
  0x00, 0x00, 0x00, 0x00, 0x00, 0x00, 0x00, 0x00, 0x00, 0x00, 0x00, 0x00,
  0x00, 0x00, 0x00, 0x00, 0x00, 0x00, 0x00, 0x00, 0x00, 0xff, 0xd9
};
unsigned int __1280x720_mjpeg_colorbar_jpg_len = 16391;
